url,total,ip,tcp,udp
http://mawi.nezu.wide.ad.jp/mawi/ditl/ditl2009/200903292345.dump.gz,16861112,16825451,13330952,2305197
http://mawi.nezu.wide.ad.jp/mawi/ditl/ditl2009/200903300000.dump.gz,16080824,16037901,12924997,2373158
http://mawi.nezu.wide.ad.jp/mawi/ditl/ditl2009/200903300015.dump.gz,15712031,15681051,12524998,2336997
http://mawi.nezu.wide.ad.jp/mawi/ditl/ditl2009/200903300030.dump.gz,16034881,16001835,12393410,2479136
http://mawi.nezu.wide.ad.jp/mawi/ditl/ditl2009/200903300045.dump.gz,14590532,14558503,11742121,1960437
http://mawi.nezu.wide.ad.jp/mawi/ditl/ditl2009/200903300100.dump.gz,14842987,14810068,11260346,2243693
http://mawi.nezu.wide.ad.jp/mawi/ditl/ditl2009/200903300115.dump.gz,15006234,14962907,11892877,2155401
http://mawi.nezu.wide.ad.jp/mawi/ditl/ditl2009/200903300130.dump.gz,14990129,14960915,11517035,2193497
http://mawi.nezu.wide.ad.jp/mawi/ditl/ditl2009/200903300145.dump.gz,13849123,13819508,10912593,2005719
http://mawi.nezu.wide.ad.jp/mawi/ditl/ditl2009/200903300200.dump.gz,14128827,14098165,10913338,2066215
http://mawi.nezu.wide.ad.jp/mawi/ditl/ditl2009/200903300215.dump.gz,13388188,13358710,10675668,1955233
http://mawi.nezu.wide.ad.jp/mawi/ditl/ditl2009/200903300230.dump.gz,13740729,13713168,10585289,2049979
http://mawi.nezu.wide.ad.jp/mawi/ditl/ditl2009/200903300245.dump.gz,13872619,13844880,10462815,2574550
http://mawi.nezu.wide.ad.jp/mawi/ditl/ditl2009/200903300300.dump.gz,12992612,12965145,9819072,2446148
http://mawi.nezu.wide.ad.jp/mawi/ditl/ditl2009/200903300315.dump.gz,13264486,13234735,10198500,2335014
http://mawi.nezu.wide.ad.jp/mawi/ditl/ditl2009/200903300330.dump.gz,13769898,13741899,9986389,2631514
http://mawi.nezu.wide.ad.jp/mawi/ditl/ditl2009/200903300345.dump.gz,13121600,13093999,10346528,2038069
http://mawi.nezu.wide.ad.jp/mawi/ditl/ditl2009/200903300400.dump.gz,12244711,12214310,9675215,1829333
http://mawi.nezu.wide.ad.jp/mawi/ditl/ditl2009/200903300415.dump.gz,12175652,12148425,9416554,1793917
http://mawi.nezu.wide.ad.jp/mawi/ditl/ditl2009/200903300430.dump.gz,12328271,12302688,9389299,1818972
http://mawi.nezu.wide.ad.jp/mawi/ditl/ditl2009/200903300445.dump.gz,12424876,12398518,9261074,1959582
http://mawi.nezu.wide.ad.jp/mawi/ditl/ditl2009/200903300500.dump.gz,11952953,11923966,9370734,1835188
http://mawi.nezu.wide.ad.jp/mawi/ditl/ditl2009/200903300515.dump.gz,12421398,12396194,9572790,2151423
http://mawi.nezu.wide.ad.jp/mawi/ditl/ditl2009/200903300530.dump.gz,11813705,11787767,8782187,1976925
http://mawi.nezu.wide.ad.jp/mawi/ditl/ditl2009/200903300545.dump.gz,11007412,10978905,8309732,2070307
http://mawi.nezu.wide.ad.jp/mawi/ditl/ditl2009/200903300600.dump.gz,11473027,11447967,8595565,1991897
http://mawi.nezu.wide.ad.jp/mawi/ditl/ditl2009/200903300615.dump.gz,10804333,10780190,8469913,1721843
http://mawi.nezu.wide.ad.jp/mawi/ditl/ditl2009/200903300630.dump.gz,10741540,10716458,7935627,1998706
http://mawi.nezu.wide.ad.jp/mawi/ditl/ditl2009/200903300645.dump.gz,10764580,10741390,8321894,1961159
http://mawi.nezu.wide.ad.jp/mawi/ditl/ditl2009/200903300700.dump.gz,10386123,10360658,7848961,2014508
http://mawi.nezu.wide.ad.jp/mawi/ditl/ditl2009/200903300715.dump.gz,10836937,10806517,6858138,3441553
http://mawi.nezu.wide.ad.jp/mawi/ditl/ditl2009/200903300730.dump.gz,10408617,10354191,6413686,3483406
http://mawi.nezu.wide.ad.jp/mawi/ditl/ditl2009/200903300745.dump.gz,11077126,11030383,6751547,3745210
http://mawi.nezu.wide.ad.jp/mawi/ditl/ditl2009/200903300800.dump.gz,9414981,9377579,6694165,2211083
http://mawi.nezu.wide.ad.jp/mawi/ditl/ditl2009/200903300815.dump.gz,8958547,8929578,6418289,1994281
http://mawi.nezu.wide.ad.jp/mawi/ditl/ditl2009/200903300830.dump.gz,9181112,9152911,6631797,2065645
http://mawi.nezu.wide.ad.jp/mawi/ditl/ditl2009/200903300845.dump.gz,10023108,9993727,7114315,2129913
http://mawi.nezu.wide.ad.jp/mawi/ditl/ditl2009/200903300900.dump.gz,10657016,10626092,7770636,2387566
http://mawi.nezu.wide.ad.jp/mawi/ditl/ditl2009/200903300915.dump.gz,11785964,11731316,9247651,1931324
http://mawi.nezu.wide.ad.jp/mawi/ditl/ditl2009/200903300930.dump.gz,13930286,13794045,11314023,2013223
http://mawi.nezu.wide.ad.jp/mawi/ditl/ditl2009/200903300945.dump.gz,14973490,14924955,12243859,2226724
http://mawi.nezu.wide.ad.jp/mawi/ditl/ditl2009/200903301000.dump.gz,14495789,14455407,11848510,2163978
http://mawi.nezu.wide.ad.jp/mawi/ditl/ditl2009/200903301015.dump.gz,14136742,14099772,11226380,2343226
http://mawi.nezu.wide.ad.jp/mawi/ditl/ditl2009/200903301030.dump.gz,13539495,13501815,10739635,1905264
http://mawi.nezu.wide.ad.jp/mawi/ditl/ditl2009/200903301045.dump.gz,15444101,15413576,11931800,2399086
http://mawi.nezu.wide.ad.jp/mawi/ditl/ditl2009/200903301100.dump.gz,15268987,15235537,12236136,2438529
http://mawi.nezu.wide.ad.jp/mawi/ditl/ditl2009/200903301115.dump.gz,15062649,15031767,12327697,1958892
http://mawi.nezu.wide.ad.jp/mawi/ditl/ditl2009/200903301130.dump.gz,14133082,14103566,11476808,1776227
http://mawi.nezu.wide.ad.jp/mawi/ditl/ditl2009/200903301145.dump.gz,15739329,15708114,12477017,1838551
http://mawi.nezu.wide.ad.jp/mawi/ditl/ditl2009/200903301200.dump.gz,15486968,15449989,12677494,2198612
http://mawi.nezu.wide.ad.jp/mawi/ditl/ditl2009/200903301215.dump.gz,17133429,17102265,13571297,2682160
http://mawi.nezu.wide.ad.jp/mawi/ditl/ditl2009/200903301230.dump.gz,16759289,16715902,13376192,2596957
http://mawi.nezu.wide.ad.jp/mawi/ditl/ditl2009/200903301245.dump.gz,16625578,16593965,13607461,2353650
http://mawi.nezu.wide.ad.jp/mawi/ditl/ditl2009/200903301300.dump.gz,15682503,15650154,12659054,2269048
http://mawi.nezu.wide.ad.jp/mawi/ditl/ditl2009/200903301315.dump.gz,19313988,19281012,16491067,1927274
http://mawi.nezu.wide.ad.jp/mawi/ditl/ditl2009/200903301330.dump.gz,20798662,20766782,17782697,2012976
http://mawi.nezu.wide.ad.jp/mawi/ditl/ditl2009/200903301345.dump.gz,21478715,21442673,18600071,1972742
http://mawi.nezu.wide.ad.jp/mawi/ditl/ditl2009/200903301400.dump.gz,20557915,20522274,17792492,1917793
http://mawi.nezu.wide.ad.jp/mawi/ditl/ditl2009/200903301415.dump.gz,18828991,18797962,16264985,1825843
http://mawi.nezu.wide.ad.jp/mawi/ditl/ditl2009/200903301430.dump.gz,19318974,19287833,16197221,2212356
http://mawi.nezu.wide.ad.jp/mawi/ditl/ditl2009/200903301445.dump.gz,21045903,21015187,18010044,2173628
http://mawi.nezu.wide.ad.jp/mawi/ditl/ditl2009/200903301500.dump.gz,22726750,22685333,19246251,2018352
http://mawi.nezu.wide.ad.jp/mawi/ditl/ditl2009/200903301515.dump.gz,21448272,21406762,18829661,1818731
http://mawi.nezu.wide.ad.jp/mawi/ditl/ditl2009/200903301530.dump.gz,19859411,19775846,17102089,2016106
http://mawi.nezu.wide.ad.jp/mawi/ditl/ditl2009/200903301545.dump.gz,20056347,19977582,17247358,1973196
http://mawi.nezu.wide.ad.jp/mawi/ditl/ditl2009/200903301600.dump.gz,19159148,19117431,16551835,1992283
http://mawi.nezu.wide.ad.jp/mawi/ditl/ditl2009/200903301615.dump.gz,19945541,19913653,17224605,2054075
http://mawi.nezu.wide.ad.jp/mawi/ditl/ditl2009/200903301630.dump.gz,21442664,21409614,18683334,2154639
http://mawi.nezu.wide.ad.jp/mawi/ditl/ditl2009/200903301645.dump.gz,21113433,21074496,18392171,2126647
http://mawi.nezu.wide.ad.jp/mawi/ditl/ditl2009/200903301700.dump.gz,21883955,21850926,19014507,2038258
http://mawi.nezu.wide.ad.jp/mawi/ditl/ditl2009/200903301715.dump.gz,21158771,21124957,17968077,2437344
http://mawi.nezu.wide.ad.jp/mawi/ditl/ditl2009/200903301730.dump.gz,20590283,20557526,17502578,2221789
http://mawi.nezu.wide.ad.jp/mawi/ditl/ditl2009/200903301745.dump.gz,21511518,21478831,18373880,1994258
http://mawi.nezu.wide.ad.jp/mawi/ditl/ditl2009/200903301800.dump.gz,19921153,19877555,16978659,2078542
http://mawi.nezu.wide.ad.jp/mawi/ditl/ditl2009/200903301815.dump.gz,20704924,20671629,16709917,2741370
http://mawi.nezu.wide.ad.jp/mawi/ditl/ditl2009/200903301830.dump.gz,20856198,20822637,15884842,3321228
http://mawi.nezu.wide.ad.jp/mawi/ditl/ditl2009/200903301845.dump.gz,19665260,19631911,15650855,3214017
http://mawi.nezu.wide.ad.jp/mawi/ditl/ditl2009/200903301900.dump.gz,22815887,22781407,18664034,2929672
http://mawi.nezu.wide.ad.jp/mawi/ditl/ditl2009/200903301915.dump.gz,20112477,20076715,16638319,2583592
http://mawi.nezu.wide.ad.jp/mawi/ditl/ditl2009/200903301930.dump.gz,17003804,16972221,13805160,2284470
http://mawi.nezu.wide.ad.jp/mawi/ditl/ditl2009/200903301945.dump.gz,18369823,18337953,14752185,2576350
http://mawi.nezu.wide.ad.jp/mawi/ditl/ditl2009/200903302000.dump.gz,18816690,18784495,14748967,2951169
http://mawi.nezu.wide.ad.jp/mawi/ditl/ditl2009/200903302015.dump.gz,19764144,19730887,15781380,2892501
http://mawi.nezu.wide.ad.jp/mawi/ditl/ditl2009/200903302030.dump.gz,18501245,18461293,14957087,2417365
http://mawi.nezu.wide.ad.jp/mawi/ditl/ditl2009/200903302045.dump.gz,18455978,18400264,14825408,2259363
http://mawi.nezu.wide.ad.jp/mawi/ditl/ditl2009/200903302100.dump.gz,18012409,17966249,14248612,2502010
http://mawi.nezu.wide.ad.jp/mawi/ditl/ditl2009/200903302115.dump.gz,18974147,18940699,15402508,2614734
http://mawi.nezu.wide.ad.jp/mawi/ditl/ditl2009/200903302130.dump.gz,18356682,18322154,15166684,2217042
http://mawi.nezu.wide.ad.jp/mawi/ditl/ditl2009/200903302145.dump.gz,18692588,18660720,14832708,3023609
http://mawi.nezu.wide.ad.jp/mawi/ditl/ditl2009/200903302200.dump.gz,20672528,20625565,15836439,3582645
http://mawi.nezu.wide.ad.jp/mawi/ditl/ditl2009/200903302215.dump.gz,20526158,20472322,16065299,3233360
http://mawi.nezu.wide.ad.jp/mawi/ditl/ditl2009/200903302230.dump.gz,19019484,18961491,14505999,3343033
http://mawi.nezu.wide.ad.jp/mawi/ditl/ditl2009/200903302245.dump.gz,18924780,18860163,14531017,3224490
http://mawi.nezu.wide.ad.jp/mawi/ditl/ditl2009/200903302300.dump.gz,18827103,18761493,14525054,3372266
http://mawi.nezu.wide.ad.jp/mawi/ditl/ditl2009/200903302315.dump.gz,18698825,18623747,14024677,3573571
http://mawi.nezu.wide.ad.jp/mawi/ditl/ditl2009/200903302330.dump.gz,18900883,18840131,14495864,3470005
http://mawi.nezu.wide.ad.jp/mawi/ditl/ditl2009/200903302345.dump.gz,17880250,17819850,14541890,2290395
http://mawi.nezu.wide.ad.jp/mawi/ditl/ditl2009/200903310000.dump.gz,18527798,18439991,15538372,2053749
http://mawi.nezu.wide.ad.jp/mawi/ditl/ditl2009/200903310015.dump.gz,18164219,18070680,15144642,2091676
http://mawi.nezu.wide.ad.jp/mawi/ditl/ditl2009/200903310030.dump.gz,18111639,18070025,15036157,2095047
http://mawi.nezu.wide.ad.jp/mawi/ditl/ditl2009/200903310045.dump.gz,16867052,16828376,13656937,2122843
http://mawi.nezu.wide.ad.jp/mawi/ditl/ditl2009/200903310100.dump.gz,17243125,17203582,14413004,1888845
http://mawi.nezu.wide.ad.jp/mawi/ditl/ditl2009/200903310115.dump.gz,17749873,17708959,14736223,1934686
http://mawi.nezu.wide.ad.jp/mawi/ditl/ditl2009/200903310130.dump.gz,17652552,17624305,14168166,2567184
http://mawi.nezu.wide.ad.jp/mawi/ditl/ditl2009/200903310145.dump.gz,17349094,17267562,13930788,2344191
http://mawi.nezu.wide.ad.jp/mawi/ditl/ditl2009/200903310200.dump.gz,16558819,16509100,13352795,2278022
http://mawi.nezu.wide.ad.jp/mawi/ditl/ditl2009/200903310215.dump.gz,17540077,17513122,14148664,2265802
http://mawi.nezu.wide.ad.jp/mawi/ditl/ditl2009/200903310230.dump.gz,17859320,17836205,14458674,2162866
http://mawi.nezu.wide.ad.jp/mawi/ditl/ditl2009/200903310245.dump.gz,17318254,17296334,14089244,2277800
http://mawi.nezu.wide.ad.jp/mawi/ditl/ditl2009/200903310300.dump.gz,15056362,15030082,12068224,2127780
http://mawi.nezu.wide.ad.jp/mawi/ditl/ditl2009/200903310315.dump.gz,14763045,14726510,11529564,2201463
http://mawi.nezu.wide.ad.jp/mawi/ditl/ditl2009/200903310330.dump.gz,13827080,13802202,10867891,2186827
http://mawi.nezu.wide.ad.jp/mawi/ditl/ditl2009/200903310345.dump.gz,14527430,14496686,11268377,2273332
http://mawi.nezu.wide.ad.jp/mawi/ditl/ditl2009/200903310400.dump.gz,13193649,13164863,10053599,2353451
http://mawi.nezu.wide.ad.jp/mawi/ditl/ditl2009/200903310415.dump.gz,14335786,14310190,10945672,2584240
http://mawi.nezu.wide.ad.jp/mawi/ditl/ditl2009/200903310430.dump.gz,14109586,14082478,10323553,2709891
http://mawi.nezu.wide.ad.jp/mawi/ditl/ditl2009/200903310445.dump.gz,13024470,12989702,9130398,2857457
http://mawi.nezu.wide.ad.jp/mawi/ditl/ditl2009/200903310500.dump.gz,13169522,13132166,9137534,2836300
http://mawi.nezu.wide.ad.jp/mawi/ditl/ditl2009/200903310515.dump.gz,11675632,11650051,8739019,2168982
http://mawi.nezu.wide.ad.jp/mawi/ditl/ditl2009/200903310530.dump.gz,11691114,11663612,8204336,2712483
http://mawi.nezu.wide.ad.jp/mawi/ditl/ditl2009/200903310545.dump.gz,11329546,11303113,8174922,2634920
http://mawi.nezu.wide.ad.jp/mawi/ditl/ditl2009/200903310600.dump.gz,10701148,10673348,7844678,2161679
http://mawi.nezu.wide.ad.jp/mawi/ditl/ditl2009/200903310615.dump.gz,10537427,10510420,8310385,1554860
http://mawi.nezu.wide.ad.jp/mawi/ditl/ditl2009/200903310630.dump.gz,9128822,9102155,7032165,1492020
http://mawi.nezu.wide.ad.jp/mawi/ditl/ditl2009/200903310645.dump.gz,9792113,9766156,7699873,1540247
http://mawi.nezu.wide.ad.jp/mawi/ditl/ditl2009/200903310700.dump.gz,8917383,8889937,6830665,1570443
http://mawi.nezu.wide.ad.jp/mawi/ditl/ditl2009/200903310715.dump.gz,9604430,9583563,7458250,1595156
http://mawi.nezu.wide.ad.jp/mawi/ditl/ditl2009/200903310730.dump.gz,10069657,10048168,7892464,1449441
http://mawi.nezu.wide.ad.jp/mawi/ditl/ditl2009/200903310745.dump.gz,9034034,9013441,6777211,1621426
http://mawi.nezu.wide.ad.jp/mawi/ditl/ditl2009/200903310800.dump.gz,9307305,9282812,6739601,1694084
http://mawi.nezu.wide.ad.jp/mawi/ditl/ditl2009/200903310815.dump.gz,9727501,9704805,7590479,1467358
http://mawi.nezu.wide.ad.jp/mawi/ditl/ditl2009/200903310830.dump.gz,9710991,9686783,7555687,1566839
http://mawi.nezu.wide.ad.jp/mawi/ditl/ditl2009/200903310845.dump.gz,11269321,11220962,8456196,1515971
http://mawi.nezu.wide.ad.jp/mawi/ditl/ditl2009/200903310900.dump.gz,10361141,10331162,8252548,1536919
http://mawi.nezu.wide.ad.jp/mawi/ditl/ditl2009/200903310915.dump.gz,10878310,10850271,8730380,1600463
http://mawi.nezu.wide.ad.jp/mawi/ditl/ditl2009/200903310930.dump.gz,12899312,12873226,10798139,1647612
http://mawi.nezu.wide.ad.jp/mawi/ditl/ditl2009/200903310945.dump.gz,14248481,14223740,11935267,1721974
http://mawi.nezu.wide.ad.jp/mawi/ditl/ditl2009/200903311000.dump.gz,16241171,16192949,14162671,1583998
http://mawi.nezu.wide.ad.jp/mawi/ditl/ditl2009/200903311015.dump.gz,14129148,14075041,11694588,1588093
http://mawi.nezu.wide.ad.jp/mawi/ditl/ditl2009/200903311030.dump.gz,13658776,13607047,10999349,1574618
http://mawi.nezu.wide.ad.jp/mawi/ditl/ditl2009/200903311045.dump.gz,11749314,11723230,9448518,1792805
http://mawi.nezu.wide.ad.jp/mawi/ditl/ditl2009/200903311100.dump.gz,14021956,13977925,11489295,1901462
http://mawi.nezu.wide.ad.jp/mawi/ditl/ditl2009/200903311115.dump.gz,14742610,14714707,11679858,1906388
http://mawi.nezu.wide.ad.jp/mawi/ditl/ditl2009/200903311130.dump.gz,13598230,13571184,11264714,1716676
http://mawi.nezu.wide.ad.jp/mawi/ditl/ditl2009/200903311145.dump.gz,14699127,14670264,12000301,1901416
http://mawi.nezu.wide.ad.jp/mawi/ditl/ditl2009/200903311200.dump.gz,14906888,14855063,12597794,1733262
http://mawi.nezu.wide.ad.jp/mawi/ditl/ditl2009/200903311215.dump.gz,15194320,15165882,13080910,1642663
http://mawi.nezu.wide.ad.jp/mawi/ditl/ditl2009/200903311230.dump.gz,15603670,15575226,13203041,1673550
http://mawi.nezu.wide.ad.jp/mawi/ditl/ditl2009/200903311245.dump.gz,14599835,14561150,12155348,1779493
http://mawi.nezu.wide.ad.jp/mawi/ditl/ditl2009/200903311300.dump.gz,15475494,15444267,12736867,2077990
http://mawi.nezu.wide.ad.jp/mawi/ditl/ditl2009/200903311315.dump.gz,16087756,16056628,13584388,1972453
http://mawi.nezu.wide.ad.jp/mawi/ditl/ditl2009/200903311330.dump.gz,16564621,16533236,13384496,2479848
http://mawi.nezu.wide.ad.jp/mawi/ditl/ditl2009/200903311345.dump.gz,18025288,17999614,14547929,2530453
http://mawi.nezu.wide.ad.jp/mawi/ditl/ditl2009/200903311400.dump.gz,16062745,16034259,12980987,2441569
http://mawi.nezu.wide.ad.jp/mawi/ditl/ditl2009/200903311415.dump.gz,15565291,15538352,12794263,2234495
http://mawi.nezu.wide.ad.jp/mawi/ditl/ditl2009/200903311430.dump.gz,16934640,16905907,13999314,2460008
http://mawi.nezu.wide.ad.jp/mawi/ditl/ditl2009/200903311445.dump.gz,19846949,19779511,16717738,2261974
http://mawi.nezu.wide.ad.jp/mawi/ditl/ditl2009/200903311500.dump.gz,17784044,17739303,14854020,2166294
http://mawi.nezu.wide.ad.jp/mawi/ditl/ditl2009/200903311515.dump.gz,17821847,17781783,14625620,2232337
http://mawi.nezu.wide.ad.jp/mawi/ditl/ditl2009/200903311530.dump.gz,20473980,20432178,14651941,2785875
http://mawi.nezu.wide.ad.jp/mawi/ditl/ditl2009/200903311545.dump.gz,20890865,20854939,14045727,3988639
http://mawi.nezu.wide.ad.jp/mawi/ditl/ditl2009/200903311600.dump.gz,22176988,22127842,14480355,3713562
http://mawi.nezu.wide.ad.jp/mawi/ditl/ditl2009/200903311615.dump.gz,24322547,24260269,15875395,3786405
http://mawi.nezu.wide.ad.jp/mawi/ditl/ditl2009/200903311630.dump.gz,20852129,20820343,14419446,3238655
http://mawi.nezu.wide.ad.jp/mawi/ditl/ditl2009/200903311645.dump.gz,22200804,22156218,14908740,3032539
http://mawi.nezu.wide.ad.jp/mawi/ditl/ditl2009/200903311700.dump.gz,21438249,21403576,15539609,2998118
http://mawi.nezu.wide.ad.jp/mawi/ditl/ditl2009/200903311715.dump.gz,22900981,22854352,16447940,2648785
http://mawi.nezu.wide.ad.jp/mawi/ditl/ditl2009/200903311730.dump.gz,22060876,22030951,15677225,2837936
http://mawi.nezu.wide.ad.jp/mawi/ditl/ditl2009/200903311745.dump.gz,22837164,22805724,15739547,3009915
http://mawi.nezu.wide.ad.jp/mawi/ditl/ditl2009/200903311800.dump.gz,24432499,24399654,17100051,3504551
http://mawi.nezu.wide.ad.jp/mawi/ditl/ditl2009/200903311815.dump.gz,21615619,21584375,14789769,3202595
http://mawi.nezu.wide.ad.jp/mawi/ditl/ditl2009/200903311830.dump.gz,19886611,19857873,13628126,2927799
http://mawi.nezu.wide.ad.jp/mawi/ditl/ditl2009/200903311845.dump.gz,22162297,22133103,14009741,4494454
http://mawi.nezu.wide.ad.jp/mawi/ditl/ditl2009/200903311900.dump.gz,20261009,20218190,13881942,4749808
http://mawi.nezu.wide.ad.jp/mawi/ditl/ditl2009/200903311915.dump.gz,18487503,18439749,13270480,4290537
http://mawi.nezu.wide.ad.jp/mawi/ditl/ditl2009/200903311930.dump.gz,18259226,18210768,12628744,4455294
http://mawi.nezu.wide.ad.jp/mawi/ditl/ditl2009/200903311945.dump.gz,16945854,16897176,11876580,4004083
http://mawi.nezu.wide.ad.jp/mawi/ditl/ditl2009/200903312000.dump.gz,17393601,17301583,12554234,3622952
http://mawi.nezu.wide.ad.jp/mawi/ditl/ditl2009/200903312015.dump.gz,18978188,18833212,14056066,3887123
http://mawi.nezu.wide.ad.jp/mawi/ditl/ditl2009/200903312030.dump.gz,18600280,18458425,12801153,4411763
http://mawi.nezu.wide.ad.jp/mawi/ditl/ditl2009/200903312045.dump.gz,19590791,19434733,13023501,5570732
http://mawi.nezu.wide.ad.jp/mawi/ditl/ditl2009/200903312100.dump.gz,20687271,20564966,14585420,5022516
http://mawi.nezu.wide.ad.jp/mawi/ditl/ditl2009/200903312115.dump.gz,18851195,18718614,14190717,3487302
http://mawi.nezu.wide.ad.jp/mawi/ditl/ditl2009/200903312130.dump.gz,16405165,16265026,12923905,2182189
http://mawi.nezu.wide.ad.jp/mawi/ditl/ditl2009/200903312145.dump.gz,17018933,16901459,13046790,2560925
http://mawi.nezu.wide.ad.jp/mawi/ditl/ditl2009/200903312200.dump.gz,16627641,16513835,12204257,2977065
http://mawi.nezu.wide.ad.jp/mawi/ditl/ditl2009/200903312215.dump.gz,16216102,16103065,11798053,3485653
http://mawi.nezu.wide.ad.jp/mawi/ditl/ditl2009/200903312230.dump.gz,16809929,16697532,12460526,3234652
http://mawi.nezu.wide.ad.jp/mawi/ditl/ditl2009/200903312245.dump.gz,17874209,17761402,13882009,3052224
http://mawi.nezu.wide.ad.jp/mawi/ditl/ditl2009/200903312300.dump.gz,19242583,19128955,15471077,2859651
http://mawi.nezu.wide.ad.jp/mawi/ditl/ditl2009/200903312315.dump.gz,17847805,17734774,13757220,2928075
http://mawi.nezu.wide.ad.jp/mawi/ditl/ditl2009/200903312330.dump.gz,17836816,17791736,13922210,2646237
http://mawi.nezu.wide.ad.jp/mawi/ditl/ditl2009/200903312345.dump.gz,17757828,17729982,13161646,3766985
http://mawi.nezu.wide.ad.jp/mawi/ditl/ditl2009/200904010000.dump.gz,18032211,17995987,13265393,3814863
http://mawi.nezu.wide.ad.jp/mawi/ditl/ditl2009/200904010015.dump.gz,16428098,16401789,12306894,3205338
http://mawi.nezu.wide.ad.jp/mawi/ditl/ditl2009/200904010030.dump.gz,16264869,16228710,11737577,3704027
http://mawi.nezu.wide.ad.jp/mawi/ditl/ditl2009/200904010045.dump.gz,17485090,17448650,12611664,4050045
http://mawi.nezu.wide.ad.jp/mawi/ditl/ditl2009/200904010100.dump.gz,17911042,17791769,12287589,4639247
http://mawi.nezu.wide.ad.jp/mawi/ditl/ditl2009/200904010115.dump.gz,17729697,17676646,12853947,3771354
http://mawi.nezu.wide.ad.jp/mawi/ditl/ditl2009/200904010130.dump.gz,15834502,15801431,11461637,3432483
http://mawi.nezu.wide.ad.jp/mawi/ditl/ditl2009/200904010145.dump.gz,14346741,14311529,10691812,2295682
http://mawi.nezu.wide.ad.jp/mawi/ditl/ditl2009/200904010200.dump.gz,13266087,13215794,10204317,2063543
http://mawi.nezu.wide.ad.jp/mawi/ditl/ditl2009/200904010215.dump.gz,13188145,13126699,10221333,1806129
http://mawi.nezu.wide.ad.jp/mawi/ditl/ditl2009/200904010230.dump.gz,13226862,13198773,10016174,2281565
http://mawi.nezu.wide.ad.jp/mawi/ditl/ditl2009/200904010245.dump.gz,12939699,12914449,9893391,2216990
http://mawi.nezu.wide.ad.jp/mawi/ditl/ditl2009/200904010300.dump.gz,12847768,12825796,10001309,1787493
http://mawi.nezu.wide.ad.jp/mawi/ditl/ditl2009/200904010315.dump.gz,12302283,12278850,9444868,1737574
http://mawi.nezu.wide.ad.jp/mawi/ditl/ditl2009/200904010330.dump.gz,13044279,13023118,9784955,1755839
http://mawi.nezu.wide.ad.jp/mawi/ditl/ditl2009/200904010345.dump.gz,12107798,12085479,9492941,1627882
http://mawi.nezu.wide.ad.jp/mawi/ditl/ditl2009/200904010400.dump.gz,11213690,11177674,8922851,1488079
http://mawi.nezu.wide.ad.jp/mawi/ditl/ditl2009/200904010415.dump.gz,11500028,11443698,8876838,1637926
http://mawi.nezu.wide.ad.jp/mawi/ditl/ditl2009/200904010430.dump.gz,11195551,11141088,8305360,1732214
http://mawi.nezu.wide.ad.jp/mawi/ditl/ditl2009/200904010445.dump.gz,10571569,10494504,8066466,1676081
http://mawi.nezu.wide.ad.jp/mawi/ditl/ditl2009/200904010500.dump.gz,10733519,10704920,8009978,1563835
http://mawi.nezu.wide.ad.jp/mawi/ditl/ditl2009/200904010515.dump.gz,9958054,9928677,7647092,1564001
http://mawi.nezu.wide.ad.jp/mawi/ditl/ditl2009/200904010530.dump.gz,10471488,10445343,8068233,1770959
http://mawi.nezu.wide.ad.jp/mawi/ditl/ditl2009/200904010545.dump.gz,9336500,9309856,7154626,1634562
http://mawi.nezu.wide.ad.jp/mawi/ditl/ditl2009/200904010600.dump.gz,8912688,8880412,6800801,1450107
http://mawi.nezu.wide.ad.jp/mawi/ditl/ditl2009/200904010615.dump.gz,9524186,9498238,6814229,1561192
http://mawi.nezu.wide.ad.jp/mawi/ditl/ditl2009/200904010630.dump.gz,9454937,9422587,7011684,1400907
http://mawi.nezu.wide.ad.jp/mawi/ditl/ditl2009/200904010645.dump.gz,9372710,9351669,7269951,1430659
http://mawi.nezu.wide.ad.jp/mawi/ditl/ditl2009/200904010700.dump.gz,9369643,9343780,7301307,1371547
http://mawi.nezu.wide.ad.jp/mawi/ditl/ditl2009/200904010715.dump.gz,10961516,10940863,8719045,1379466
http://mawi.nezu.wide.ad.jp/mawi/ditl/ditl2009/200904010730.dump.gz,11189350,11163498,9128509,1438718
http://mawi.nezu.wide.ad.jp/mawi/ditl/ditl2009/200904010745.dump.gz,10246650,10202929,8300074,1378128
http://mawi.nezu.wide.ad.jp/mawi/ditl/ditl2009/200904010800.dump.gz,9094900,9060460,7132309,1397092
http://mawi.nezu.wide.ad.jp/mawi/ditl/ditl2009/200904010815.dump.gz,9367719,9334031,7390848,1439484
http://mawi.nezu.wide.ad.jp/mawi/ditl/ditl2009/200904010830.dump.gz,9444452,9411839,7044474,1819353
http://mawi.nezu.wide.ad.jp/mawi/ditl/ditl2009/200904010845.dump.gz,10531460,10496887,8123391,1702052
http://mawi.nezu.wide.ad.jp/mawi/ditl/ditl2009/200904010900.dump.gz,11606271,11532394,8515491,1835226
http://mawi.nezu.wide.ad.jp/mawi/ditl/ditl2009/200904010915.dump.gz,11398139,11024126,8957968,1591117
http://mawi.nezu.wide.ad.jp/mawi/ditl/ditl2009/200904010930.dump.gz,11009673,10638810,8729101,1456390
http://mawi.nezu.wide.ad.jp/mawi/ditl/ditl2009/200904010945.dump.gz,11964436,11823506,9214142,2121032
http://mawi.nezu.wide.ad.jp/mawi/ditl/ditl2009/200904011000.dump.gz,12769614,12730707,9732916,2528280
http://mawi.nezu.wide.ad.jp/mawi/ditl/ditl2009/200904011015.dump.gz,13382668,13345223,10766834,1743952
http://mawi.nezu.wide.ad.jp/mawi/ditl/ditl2009/200904011030.dump.gz,13988864,13953867,11618000,1469358
http://mawi.nezu.wide.ad.jp/mawi/ditl/ditl2009/200904011045.dump.gz,16124018,16093390,13224240,1573766
http://mawi.nezu.wide.ad.jp/mawi/ditl/ditl2009/200904011100.dump.gz,17287859,17250508,14606575,1584049
http://mawi.nezu.wide.ad.jp/mawi/ditl/ditl2009/200904011115.dump.gz,14721692,14688725,12573016,1663468
http://mawi.nezu.wide.ad.jp/mawi/ditl/ditl2009/200904011130.dump.gz,14522850,14489739,12262400,1638598
http://mawi.nezu.wide.ad.jp/mawi/ditl/ditl2009/200904011145.dump.gz,15918600,15885811,13608391,1635337
http://mawi.nezu.wide.ad.jp/mawi/ditl/ditl2009/200904011200.dump.gz,14982374,14939765,12719199,1731176
http://mawi.nezu.wide.ad.jp/mawi/ditl/ditl2009/200904011215.dump.gz,14826390,14792025,12185922,2053128
http://mawi.nezu.wide.ad.jp/mawi/ditl/ditl2009/200904011230.dump.gz,16107389,16070873,13024783,2581762
http://mawi.nezu.wide.ad.jp/mawi/ditl/ditl2009/200904011245.dump.gz,16414485,16378336,13261080,2597186
http://mawi.nezu.wide.ad.jp/mawi/ditl/ditl2009/200904011300.dump.gz,14705334,14669360,11840382,2312585
http://mawi.nezu.wide.ad.jp/mawi/ditl/ditl2009/200904011315.dump.gz,17303666,17270749,13985777,2683342
http://mawi.nezu.wide.ad.jp/mawi/ditl/ditl2009/200904011330.dump.gz,15030325,14997589,11998838,2451531
http://mawi.nezu.wide.ad.jp/mawi/ditl/ditl2009/200904011345.dump.gz,14956555,14923698,12581535,1821881
http://mawi.nezu.wide.ad.jp/mawi/ditl/ditl2009/200904011400.dump.gz,14555484,14519004,11983769,1861411
http://mawi.nezu.wide.ad.jp/mawi/ditl/ditl2009/200904011415.dump.gz,14500721,14463438,12116582,1817047
http://mawi.nezu.wide.ad.jp/mawi/ditl/ditl2009/200904011430.dump.gz,17354521,17288298,14234795,1972899
http://mawi.nezu.wide.ad.jp/mawi/ditl/ditl2009/200904011445.dump.gz,17863677,17795534,15135891,1916199
http://mawi.nezu.wide.ad.jp/mawi/ditl/ditl2009/200904011500.dump.gz,17603842,17524740,14708287,1837041
http://mawi.nezu.wide.ad.jp/mawi/ditl/ditl2009/200904011515.dump.gz,16923946,16853245,14309047,1961669
http://mawi.nezu.wide.ad.jp/mawi/ditl/ditl2009/200904011530.dump.gz,17624453,17554090,14168738,2043989
http://mawi.nezu.wide.ad.jp/mawi/ditl/ditl2009/200904011545.dump.gz,17488965,17417226,14698794,2093975
http://mawi.nezu.wide.ad.jp/mawi/ditl/ditl2009/200904011600.dump.gz,18113634,18002474,15097846,2346992
http://mawi.nezu.wide.ad.jp/mawi/ditl/ditl2009/200904011615.dump.gz,18233221,18162843,15087739,2557276
http://mawi.nezu.wide.ad.jp/mawi/ditl/ditl2009/200904011630.dump.gz,19282695,19212397,16048975,2611881
http://mawi.nezu.wide.ad.jp/mawi/ditl/ditl2009/200904011645.dump.gz,19435148,19360641,16409609,2394184
http://mawi.nezu.wide.ad.jp/mawi/ditl/ditl2009/200904011700.dump.gz,19572295,19455598,16140176,2776307
http://mawi.nezu.wide.ad.jp/mawi/ditl/ditl2009/200904011715.dump.gz,20166347,19795669,15938636,2875778
http://mawi.nezu.wide.ad.jp/mawi/ditl/ditl2009/200904011730.dump.gz,20559220,20190153,16229669,3139783
http://mawi.nezu.wide.ad.jp/mawi/ditl/ditl2009/200904011745.dump.gz,19906512,19781007,15339275,3641988
http://mawi.nezu.wide.ad.jp/mawi/ditl/ditl2009/200904011800.dump.gz,18985471,18944499,15045884,3125653
http://mawi.nezu.wide.ad.jp/mawi/ditl/ditl2009/200904011815.dump.gz,18634068,18578564,14835679,2795710
http://mawi.nezu.wide.ad.jp/mawi/ditl/ditl2009/200904011830.dump.gz,16986089,16923393,13407819,2751649
http://mawi.nezu.wide.ad.jp/mawi/ditl/ditl2009/200904011845.dump.gz,18330988,18276318,14549301,2919001
http://mawi.nezu.wide.ad.jp/mawi/ditl/ditl2009/200904011900.dump.gz,18568522,18525526,15176694,2513536
http://mawi.nezu.wide.ad.jp/mawi/ditl/ditl2009/200904011915.dump.gz,16846862,16810163,13607201,2307233
http://mawi.nezu.wide.ad.jp/mawi/ditl/ditl2009/200904011930.dump.gz,16937501,16897276,13415435,2580530
http://mawi.nezu.wide.ad.jp/mawi/ditl/ditl2009/200904011945.dump.gz,17555068,17517510,14034573,2611058
http://mawi.nezu.wide.ad.jp/mawi/ditl/ditl2009/200904012000.dump.gz,19120070,19077792,15655869,2338692
http://mawi.nezu.wide.ad.jp/mawi/ditl/ditl2009/200904012015.dump.gz,18096565,18031701,14533818,2406477
http://mawi.nezu.wide.ad.jp/mawi/ditl/ditl2009/200904012030.dump.gz,16661113,16594203,12894740,2787129
http://mawi.nezu.wide.ad.jp/mawi/ditl/ditl2009/200904012045.dump.gz,18116164,18056990,14134448,3082948
http://mawi.nezu.wide.ad.jp/mawi/ditl/ditl2009/200904012100.dump.gz,19467481,19425929,13510591,4575897
http://mawi.nezu.wide.ad.jp/mawi/ditl/ditl2009/200904012115.dump.gz,16570350,16519537,12115757,3289873
http://mawi.nezu.wide.ad.jp/mawi/ditl/ditl2009/200904012130.dump.gz,16374265,16336249,12110371,2849436
http://mawi.nezu.wide.ad.jp/mawi/ditl/ditl2009/200904012145.dump.gz,16576991,16539415,12898395,2762139
http://mawi.nezu.wide.ad.jp/mawi/ditl/ditl2009/200904012200.dump.gz,16696317,16642368,13072004,2702405
http://mawi.nezu.wide.ad.jp/mawi/ditl/ditl2009/200904012215.dump.gz,17782236,17738910,14213044,2540506
http://mawi.nezu.wide.ad.jp/mawi/ditl/ditl2009/200904012230.dump.gz,18705888,18667200,14508549,2852668
http://mawi.nezu.wide.ad.jp/mawi/ditl/ditl2009/200904012245.dump.gz,19858372,19821259,15368604,3331610
http://mawi.nezu.wide.ad.jp/mawi/ditl/ditl2009/200904012300.dump.gz,19052879,18856370,14353081,3400314
http://mawi.nezu.wide.ad.jp/mawi/ditl/ditl2009/200904012315.dump.gz,19562712,19412062,14569355,3248028
http://mawi.nezu.wide.ad.jp/mawi/ditl/ditl2009/200904012330.dump.gz,19623753,19557877,15268612,3399718
http://mawi.nezu.wide.ad.jp/mawi/ditl/ditl2009/200904012345.dump.gz,24004269,23918076,18640468,4352230
http://mawi.nezu.wide.ad.jp/mawi/ditl/ditl2009/200904020000.dump.gz,23036873,22942892,16513694,5659144
http://mawi.nezu.wide.ad.jp/mawi/ditl/ditl2009/200904020015.dump.gz,22169460,22065680,16448499,4537948
http://mawi.nezu.wide.ad.jp/mawi/ditl/ditl2009/200904020030.dump.gz,21124685,21003907,16263817,3987753
http://mawi.nezu.wide.ad.jp/mawi/ditl/ditl2009/200904020045.dump.gz,20996893,20857187,15783536,4298652
http://mawi.nezu.wide.ad.jp/mawi/ditl/ditl2009/200904020100.dump.gz,21523362,21401492,16410100,4025572
http://mawi.nezu.wide.ad.jp/mawi/ditl/ditl2009/200904020115.dump.gz,20599611,20481985,17178081,2465624
http://mawi.nezu.wide.ad.jp/mawi/ditl/ditl2009/200904020130.dump.gz,20875365,20737687,16619380,3237460
http://mawi.nezu.wide.ad.jp/mawi/ditl/ditl2009/200904020145.dump.gz,18235925,18093558,15009581,2089240
http://mawi.nezu.wide.ad.jp/mawi/ditl/ditl2009/200904020200.dump.gz,18788847,18650543,15720857,1942522
http://mawi.nezu.wide.ad.jp/mawi/ditl/ditl2009/200904020215.dump.gz,16168599,16016487,13368914,1870893
http://mawi.nezu.wide.ad.jp/mawi/ditl/ditl2009/200904020230.dump.gz,15715250,15580853,12263964,1965685
http://mawi.nezu.wide.ad.jp/mawi/ditl/ditl2009/200904020245.dump.gz,14257735,14166391,11465591,1858033
http://mawi.nezu.wide.ad.jp/mawi/ditl/ditl2009/200904020300.dump.gz,13169124,13080172,10593811,1678097
http://mawi.nezu.wide.ad.jp/mawi/ditl/ditl2009/200904020315.dump.gz,16247443,16153360,13397638,1996681
http://mawi.nezu.wide.ad.jp/mawi/ditl/ditl2009/200904020330.dump.gz,15813100,15698954,12156004,2014453
http://mawi.nezu.wide.ad.jp/mawi/ditl/ditl2009/200904020345.dump.gz,14872093,14767238,11293933,2053358
http://mawi.nezu.wide.ad.jp/mawi/ditl/ditl2009/200904020400.dump.gz,14301807,14194620,11276630,2001108
http://mawi.nezu.wide.ad.jp/mawi/ditl/ditl2009/200904020415.dump.gz,13960807,13866359,11124185,1834549
http://mawi.nezu.wide.ad.jp/mawi/ditl/ditl2009/200904020430.dump.gz,13732841,13639096,11037968,1696552
http://mawi.nezu.wide.ad.jp/mawi/ditl/ditl2009/200904020445.dump.gz,13406546,13224634,10682278,1744407
http://mawi.nezu.wide.ad.jp/mawi/ditl/ditl2009/200904020500.dump.gz,13377288,13312090,10572749,2001122
http://mawi.nezu.wide.ad.jp/mawi/ditl/ditl2009/200904020515.dump.gz,13502397,13439907,10336534,2385534
http://mawi.nezu.wide.ad.jp/mawi/ditl/ditl2009/200904020530.dump.gz,13301871,13244587,10393090,2215953
http://mawi.nezu.wide.ad.jp/mawi/ditl/ditl2009/200904020545.dump.gz,12550473,12518977,9837377,2181144
http://mawi.nezu.wide.ad.jp/mawi/ditl/ditl2009/200904020600.dump.gz,13113134,13079052,10638826,1680393
http://mawi.nezu.wide.ad.jp/mawi/ditl/ditl2009/200904020615.dump.gz,12259877,12227145,10004819,1458265
http://mawi.nezu.wide.ad.jp/mawi/ditl/ditl2009/200904020630.dump.gz,12441382,12401405,10066064,1823518
http://mawi.nezu.wide.ad.jp/mawi/ditl/ditl2009/200904020645.dump.gz,11754451,11722409,9476669,1760420
http://mawi.nezu.wide.ad.jp/mawi/ditl/ditl2009/200904020700.dump.gz,12046946,12011372,9429287,2089495
http://mawi.nezu.wide.ad.jp/mawi/ditl/ditl2009/200904020715.dump.gz,11756606,11721573,9050290,2158979
http://mawi.nezu.wide.ad.jp/mawi/ditl/ditl2009/200904020730.dump.gz,11119430,11086034,8734703,1849257
http://mawi.nezu.wide.ad.jp/mawi/ditl/ditl2009/200904020745.dump.gz,11527153,11492573,9413845,1392254
http://mawi.nezu.wide.ad.jp/mawi/ditl/ditl2009/200904020800.dump.gz,11444728,11407019,9217733,1521716
http://mawi.nezu.wide.ad.jp/mawi/ditl/ditl2009/200904020815.dump.gz,11820037,11783061,9564042,1387807
http://mawi.nezu.wide.ad.jp/mawi/ditl/ditl2009/200904020830.dump.gz,12676667,12640216,10010599,1363387
http://mawi.nezu.wide.ad.jp/mawi/ditl/ditl2009/200904020845.dump.gz,11314503,11271973,8976942,1597939
http://mawi.nezu.wide.ad.jp/mawi/ditl/ditl2009/200904020900.dump.gz,12750365,12714356,10140484,1840736
http://mawi.nezu.wide.ad.jp/mawi/ditl/ditl2009/200904020915.dump.gz,12962657,12927141,10064814,1779501
http://mawi.nezu.wide.ad.jp/mawi/ditl/ditl2009/200904020930.dump.gz,13757186,13712006,11547997,1576531
http://mawi.nezu.wide.ad.jp/mawi/ditl/ditl2009/200904020945.dump.gz,15022109,14988369,12687795,1689216
http://mawi.nezu.wide.ad.jp/mawi/ditl/ditl2009/200904021000.dump.gz,15329694,15296214,13172452,1499394
http://mawi.nezu.wide.ad.jp/mawi/ditl/ditl2009/200904021015.dump.gz,13857576,13829470,11515605,1684779
http://mawi.nezu.wide.ad.jp/mawi/ditl/ditl2009/200904021030.dump.gz,15875263,15818864,13395939,1655670
http://mawi.nezu.wide.ad.jp/mawi/ditl/ditl2009/200904021045.dump.gz,15725410,15653014,13123243,1591247
http://mawi.nezu.wide.ad.jp/mawi/ditl/ditl2009/200904021100.dump.gz,17288492,17221473,14656214,1824527
http://mawi.nezu.wide.ad.jp/mawi/ditl/ditl2009/200904021115.dump.gz,19189006,19144150,16360942,2226155
http://mawi.nezu.wide.ad.jp/mawi/ditl/ditl2009/200904021130.dump.gz,20192076,20161975,15988276,3651243
http://mawi.nezu.wide.ad.jp/mawi/ditl/ditl2009/200904021145.dump.gz,21724743,21696769,17239708,3780453
http://mawi.nezu.wide.ad.jp/mawi/ditl/ditl2009/200904021200.dump.gz,20855717,20819561,15945060,4220021
http://mawi.nezu.wide.ad.jp/mawi/ditl/ditl2009/200904021215.dump.gz,19154276,19123883,15681408,2801916
http://mawi.nezu.wide.ad.jp/mawi/ditl/ditl2009/200904021230.dump.gz,17612973,17583612,14362365,2593807
http://mawi.nezu.wide.ad.jp/mawi/ditl/ditl2009/200904021245.dump.gz,19216492,19181895,15130558,3189186
http://mawi.nezu.wide.ad.jp/mawi/ditl/ditl2009/200904021300.dump.gz,19551029,19520889,15020954,3711858
http://mawi.nezu.wide.ad.jp/mawi/ditl/ditl2009/200904021315.dump.gz,18182640,18153033,14255888,3255650
http://mawi.nezu.wide.ad.jp/mawi/ditl/ditl2009/200904021330.dump.gz,16973676,16944396,13849735,2507775
http://mawi.nezu.wide.ad.jp/mawi/ditl/ditl2009/200904021345.dump.gz,18191667,18155505,14880288,2377581
http://mawi.nezu.wide.ad.jp/mawi/ditl/ditl2009/200904021400.dump.gz,19726255,19692590,15372705,3586361
http://mawi.nezu.wide.ad.jp/mawi/ditl/ditl2009/200904021415.dump.gz,19742538,19711849,15940728,3104838
http://mawi.nezu.wide.ad.jp/mawi/ditl/ditl2009/200904021430.dump.gz,19836779,19799668,16533474,2513947
http://mawi.nezu.wide.ad.jp/mawi/ditl/ditl2009/200904021445.dump.gz,19832570,19601589,16595019,2443511
http://mawi.nezu.wide.ad.jp/mawi/ditl/ditl2009/200904021500.dump.gz,19794516,19520490,15989022,2829707
http://mawi.nezu.wide.ad.jp/mawi/ditl/ditl2009/200904021515.dump.gz,19263250,19011445,15931364,2510255
http://mawi.nezu.wide.ad.jp/mawi/ditl/ditl2009/200904021530.dump.gz,18817513,18562479,15346154,2353082
http://mawi.nezu.wide.ad.jp/mawi/ditl/ditl2009/200904021545.dump.gz,18444117,18380216,15631030,2154239
http://mawi.nezu.wide.ad.jp/mawi/ditl/ditl2009/200904021600.dump.gz,19953138,19922380,16776174,2405761
http://mawi.nezu.wide.ad.jp/mawi/ditl/ditl2009/200904021615.dump.gz,19646323,19616390,16104556,2915502
http://mawi.nezu.wide.ad.jp/mawi/ditl/ditl2009/200904021630.dump.gz,19263983,19232938,15817794,2640362
http://mawi.nezu.wide.ad.jp/mawi/ditl/ditl2009/200904021645.dump.gz,19131188,19099144,16081476,2203509
http://mawi.nezu.wide.ad.jp/mawi/ditl/ditl2009/200904021700.dump.gz,21592932,21555733,18121571,2302842
http://mawi.nezu.wide.ad.jp/mawi/ditl/ditl2009/200904021715.dump.gz,20133512,20081256,16750399,2414907
http://mawi.nezu.wide.ad.jp/mawi/ditl/ditl2009/200904021730.dump.gz,20100950,20019900,16364971,2588057
http://mawi.nezu.wide.ad.jp/mawi/ditl/ditl2009/200904021745.dump.gz,19658897,19583444,15899483,2587833
http://mawi.nezu.wide.ad.jp/mawi/ditl/ditl2009/200904021800.dump.gz,19689024,19636243,15851092,2831687
http://mawi.nezu.wide.ad.jp/mawi/ditl/ditl2009/200904021815.dump.gz,17814243,17773695,14451664,2476798
http://mawi.nezu.wide.ad.jp/mawi/ditl/ditl2009/200904021830.dump.gz,17317074,17269756,14167432,2273913
http://mawi.nezu.wide.ad.jp/mawi/ditl/ditl2009/200904021845.dump.gz,15804321,15760694,12712638,2258026
http://mawi.nezu.wide.ad.jp/mawi/ditl/ditl2009/200904021900.dump.gz,16054475,16011429,13073764,2097255
http://mawi.nezu.wide.ad.jp/mawi/ditl/ditl2009/200904021915.dump.gz,15736779,15694755,12508680,1981475
http://mawi.nezu.wide.ad.jp/mawi/ditl/ditl2009/200904021930.dump.gz,17091620,17051754,14012388,2104667
http://mawi.nezu.wide.ad.jp/mawi/ditl/ditl2009/200904021945.dump.gz,17114519,17056650,13920936,2117578
http://mawi.nezu.wide.ad.jp/mawi/ditl/ditl2009/200904022000.dump.gz,17983792,17945013,14780972,2215983
http://mawi.nezu.wide.ad.jp/mawi/ditl/ditl2009/200904022015.dump.gz,19563402,19531287,16171482,2273804
http://mawi.nezu.wide.ad.jp/mawi/ditl/ditl2009/200904022030.dump.gz,18549469,18517256,15223910,2300260
http://mawi.nezu.wide.ad.jp/mawi/ditl/ditl2009/200904022045.dump.gz,18631985,18596022,14726054,2821192
http://mawi.nezu.wide.ad.jp/mawi/ditl/ditl2009/200904022100.dump.gz,19071740,19039601,14436225,3368134
http://mawi.nezu.wide.ad.jp/mawi/ditl/ditl2009/200904022115.dump.gz,20728472,20687392,15565843,3845245
http://mawi.nezu.wide.ad.jp/mawi/ditl/ditl2009/200904022130.dump.gz,20671519,20636543,14625104,4871264
http://mawi.nezu.wide.ad.jp/mawi/ditl/ditl2009/200904022145.dump.gz,20545916,20513887,14690259,4858876
http://mawi.nezu.wide.ad.jp/mawi/ditl/ditl2009/200904022200.dump.gz,18982144,18947843,13231129,4386744
http://mawi.nezu.wide.ad.jp/mawi/ditl/ditl2009/200904022215.dump.gz,21626835,21594232,16147140,4581596
http://mawi.nezu.wide.ad.jp/mawi/ditl/ditl2009/200904022230.dump.gz,21209626,21171175,15833457,4264059
http://mawi.nezu.wide.ad.jp/mawi/ditl/ditl2009/200904022245.dump.gz,20900758,20863855,15347563,4574832
http://mawi.nezu.wide.ad.jp/mawi/ditl/ditl2009/200904022300.dump.gz,20665528,20618293,16060421,3569996
http://mawi.nezu.wide.ad.jp/mawi/ditl/ditl2009/200904022315.dump.gz,19560731,19512882,14614877,3987150
http://mawi.nezu.wide.ad.jp/mawi/ditl/ditl2009/200904022330.dump.gz,20924816,20889734,16620646,3393050
http://mawi.nezu.wide.ad.jp/mawi/ditl/ditl2009/200904022345.dump.gz,20121708,20087249,14550500,4681232
