url,total,ip,tcp,udp
http://mawi.nezu.wide.ad.jp/mawi/ditl/ditl2013/201306242345.dump.gz,65658900,64455705,16762806,2809159
http://mawi.nezu.wide.ad.jp/mawi/ditl/ditl2013/201306250000.dump.gz,54177639,52972519,18242669,2661397
http://mawi.nezu.wide.ad.jp/mawi/ditl/ditl2013/201306250015.dump.gz,53783237,52708692,16844653,2308169
http://mawi.nezu.wide.ad.jp/mawi/ditl/ditl2013/201306250030.dump.gz,53591737,52088621,16947067,2263461
http://mawi.nezu.wide.ad.jp/mawi/ditl/ditl2013/201306250045.dump.gz,53818289,53064317,15711920,4088426
http://mawi.nezu.wide.ad.jp/mawi/ditl/ditl2013/201306250100.dump.gz,60627615,59899881,21435040,5537930
http://mawi.nezu.wide.ad.jp/mawi/ditl/ditl2013/201306250115.dump.gz,49619506,48853928,17804375,2112120
http://mawi.nezu.wide.ad.jp/mawi/ditl/ditl2013/201306250130.dump.gz,56078176,55295790,17080377,2200097
http://mawi.nezu.wide.ad.jp/mawi/ditl/ditl2013/201306250145.dump.gz,53814346,52754775,17982439,2087258
http://mawi.nezu.wide.ad.jp/mawi/ditl/ditl2013/201306250200.dump.gz,53103770,51659575,16764865,1946340
http://mawi.nezu.wide.ad.jp/mawi/ditl/ditl2013/201306250215.dump.gz,50383765,49275475,14318886,1798829
http://mawi.nezu.wide.ad.jp/mawi/ditl/ditl2013/201306250230.dump.gz,47694833,46630904,14215845,1787848
http://mawi.nezu.wide.ad.jp/mawi/ditl/ditl2013/201306250245.dump.gz,40699688,39748169,11813386,1592300
http://mawi.nezu.wide.ad.jp/mawi/ditl/ditl2013/201306250300.dump.gz,38365240,37510179,9074940,1435845
http://mawi.nezu.wide.ad.jp/mawi/ditl/ditl2013/201306250315.dump.gz,43942788,42927373,9059152,1546072
http://mawi.nezu.wide.ad.jp/mawi/ditl/ditl2013/201306250330.dump.gz,44113949,43620105,8462077,1537736
http://mawi.nezu.wide.ad.jp/mawi/ditl/ditl2013/201306250345.dump.gz,42482771,41990135,8906446,1434734
http://mawi.nezu.wide.ad.jp/mawi/ditl/ditl2013/201306250400.dump.gz,45332786,44688767,10583754,1571729
http://mawi.nezu.wide.ad.jp/mawi/ditl/ditl2013/201306250415.dump.gz,45178052,44780078,8469673,1570080
http://mawi.nezu.wide.ad.jp/mawi/ditl/ditl2013/201306250430.dump.gz,44085047,43800367,9424572,1503509
http://mawi.nezu.wide.ad.jp/mawi/ditl/ditl2013/201306250445.dump.gz,43833760,43498121,9521189,1459110
http://mawi.nezu.wide.ad.jp/mawi/ditl/ditl2013/201306250500.dump.gz,43886661,43543581,9677078,1596611
http://mawi.nezu.wide.ad.jp/mawi/ditl/ditl2013/201306250515.dump.gz,41793184,41448799,7448191,1255800
http://mawi.nezu.wide.ad.jp/mawi/ditl/ditl2013/201306250530.dump.gz,41934400,41634712,7443732,1352838
http://mawi.nezu.wide.ad.jp/mawi/ditl/ditl2013/201306250545.dump.gz,38593895,38307667,7122594,1684597
http://mawi.nezu.wide.ad.jp/mawi/ditl/ditl2013/201306250600.dump.gz,40641563,40303972,7637189,1444639
http://mawi.nezu.wide.ad.jp/mawi/ditl/ditl2013/201306250615.dump.gz,43316954,42875162,8667873,1453467
http://mawi.nezu.wide.ad.jp/mawi/ditl/ditl2013/201306250630.dump.gz,44103266,43505611,9579781,1221672
http://mawi.nezu.wide.ad.jp/mawi/ditl/ditl2013/201306250645.dump.gz,42884796,42566180,8400728,1426266
http://mawi.nezu.wide.ad.jp/mawi/ditl/ditl2013/201306250700.dump.gz,49067897,48816166,13761605,1319170
http://mawi.nezu.wide.ad.jp/mawi/ditl/ditl2013/201306250715.dump.gz,41085964,40539673,9849370,1199614
http://mawi.nezu.wide.ad.jp/mawi/ditl/ditl2013/201306250730.dump.gz,39876256,39515976,8252272,1324021
http://mawi.nezu.wide.ad.jp/mawi/ditl/ditl2013/201306250745.dump.gz,43389632,42746453,9020314,1289253
http://mawi.nezu.wide.ad.jp/mawi/ditl/ditl2013/201306250800.dump.gz,45675010,45182854,10819262,1236009
http://mawi.nezu.wide.ad.jp/mawi/ditl/ditl2013/201306250815.dump.gz,47312818,46524738,11217783,1573899
http://mawi.nezu.wide.ad.jp/mawi/ditl/ditl2013/201306250830.dump.gz,49176399,48402871,13684039,1818108
http://mawi.nezu.wide.ad.jp/mawi/ditl/ditl2013/201306250845.dump.gz,43915090,42645919,12371543,1762232
http://mawi.nezu.wide.ad.jp/mawi/ditl/ditl2013/201306250900.dump.gz,47996614,47039445,15573980,1858995
http://mawi.nezu.wide.ad.jp/mawi/ditl/ditl2013/201306250915.dump.gz,54922285,52245965,17086324,1661406
http://mawi.nezu.wide.ad.jp/mawi/ditl/ditl2013/201306250930.dump.gz,59150468,56354344,19644595,2170470
http://mawi.nezu.wide.ad.jp/mawi/ditl/ditl2013/201306250945.dump.gz,60413687,57533366,20166740,2441121
http://mawi.nezu.wide.ad.jp/mawi/ditl/ditl2013/201306251000.dump.gz,58946466,56213242,18954920,2320882
http://mawi.nezu.wide.ad.jp/mawi/ditl/ditl2013/201306251015.dump.gz,62517607,59697783,22375159,2047549
http://mawi.nezu.wide.ad.jp/mawi/ditl/ditl2013/201306251030.dump.gz,62567596,59617607,23234321,2041183
http://mawi.nezu.wide.ad.jp/mawi/ditl/ditl2013/201306251045.dump.gz,63665580,60524750,23428500,2397749
http://mawi.nezu.wide.ad.jp/mawi/ditl/ditl2013/201306251100.dump.gz,64316856,60913346,24175587,2148992
http://mawi.nezu.wide.ad.jp/mawi/ditl/ditl2013/201306251115.dump.gz,64041932,61122473,24284435,2110097
http://mawi.nezu.wide.ad.jp/mawi/ditl/ditl2013/201306251130.dump.gz,65488284,62366466,24794290,2481796
http://mawi.nezu.wide.ad.jp/mawi/ditl/ditl2013/201306251145.dump.gz,63051330,60093480,24033929,2506085
http://mawi.nezu.wide.ad.jp/mawi/ditl/ditl2013/201306251200.dump.gz,60866400,58346464,25413201,2209758
http://mawi.nezu.wide.ad.jp/mawi/ditl/ditl2013/201306251215.dump.gz,62786454,60040832,24967785,2100771
http://mawi.nezu.wide.ad.jp/mawi/ditl/ditl2013/201306251230.dump.gz,65283089,62745171,26653365,1746634
http://mawi.nezu.wide.ad.jp/mawi/ditl/ditl2013/201306251245.dump.gz,64138588,61691830,25097010,1956853
http://mawi.nezu.wide.ad.jp/mawi/ditl/ditl2013/201306251300.dump.gz,64029564,61574202,25354157,2384824
http://mawi.nezu.wide.ad.jp/mawi/ditl/ditl2013/201306251315.dump.gz,65045862,62604991,27216482,2730336
http://mawi.nezu.wide.ad.jp/mawi/ditl/ditl2013/201306251330.dump.gz,65709695,62015078,28290804,2752226
http://mawi.nezu.wide.ad.jp/mawi/ditl/ditl2013/201306251345.dump.gz,71852628,68715993,32088339,2685468
http://mawi.nezu.wide.ad.jp/mawi/ditl/ditl2013/201306251400.dump.gz,77137651,73660653,37092963,2391137
http://mawi.nezu.wide.ad.jp/mawi/ditl/ditl2013/201306251415.dump.gz,74016401,70130035,34093684,2355845
http://mawi.nezu.wide.ad.jp/mawi/ditl/ditl2013/201306251430.dump.gz,68199320,64671043,28705978,2264371
http://mawi.nezu.wide.ad.jp/mawi/ditl/ditl2013/201306251445.dump.gz,72195805,67515028,35036745,2194842
http://mawi.nezu.wide.ad.jp/mawi/ditl/ditl2013/201306251500.dump.gz,69940776,63916598,32356125,2419655
http://mawi.nezu.wide.ad.jp/mawi/ditl/ditl2013/201306251515.dump.gz,75533461,69642904,33641192,2584397
http://mawi.nezu.wide.ad.jp/mawi/ditl/ditl2013/201306251530.dump.gz,76828468,70663028,34380302,2428479
http://mawi.nezu.wide.ad.jp/mawi/ditl/ditl2013/201306251545.dump.gz,75809963,68965811,32066529,2622627
http://mawi.nezu.wide.ad.jp/mawi/ditl/ditl2013/201306251600.dump.gz,74649165,69113281,32100043,3172333
http://mawi.nezu.wide.ad.jp/mawi/ditl/ditl2013/201306251615.dump.gz,69058728,64043552,28039918,2675683
http://mawi.nezu.wide.ad.jp/mawi/ditl/ditl2013/201306251630.dump.gz,69365543,64137001,28315719,2452104
http://mawi.nezu.wide.ad.jp/mawi/ditl/ditl2013/201306251645.dump.gz,61861590,58104976,24930343,2031684
http://mawi.nezu.wide.ad.jp/mawi/ditl/ditl2013/201306251700.dump.gz,66598542,63056813,27080016,2231966
http://mawi.nezu.wide.ad.jp/mawi/ditl/ditl2013/201306251715.dump.gz,68302488,65058566,26883968,2051646
http://mawi.nezu.wide.ad.jp/mawi/ditl/ditl2013/201306251730.dump.gz,64146279,61936285,24432408,2202919
http://mawi.nezu.wide.ad.jp/mawi/ditl/ditl2013/201306251745.dump.gz,70069246,66912472,29794399,2528030
http://mawi.nezu.wide.ad.jp/mawi/ditl/ditl2013/201306251800.dump.gz,58343889,55686550,23809461,2843423
http://mawi.nezu.wide.ad.jp/mawi/ditl/ditl2013/201306251815.dump.gz,58767290,56566564,20996496,2433546
http://mawi.nezu.wide.ad.jp/mawi/ditl/ditl2013/201306251830.dump.gz,60326923,56815396,21210996,2571782
http://mawi.nezu.wide.ad.jp/mawi/ditl/ditl2013/201306251845.dump.gz,66678979,63427761,24638040,2381783
http://mawi.nezu.wide.ad.jp/mawi/ditl/ditl2013/201306251900.dump.gz,65761534,62563214,23527855,1988483
http://mawi.nezu.wide.ad.jp/mawi/ditl/ditl2013/201306251915.dump.gz,62036768,59298365,22015717,1822764
http://mawi.nezu.wide.ad.jp/mawi/ditl/ditl2013/201306251930.dump.gz,58897089,56467786,20582073,2080329
http://mawi.nezu.wide.ad.jp/mawi/ditl/ditl2013/201306251945.dump.gz,61990129,59938507,20094967,2605937
http://mawi.nezu.wide.ad.jp/mawi/ditl/ditl2013/201306252000.dump.gz,62732241,60228371,20505726,2735469
http://mawi.nezu.wide.ad.jp/mawi/ditl/ditl2013/201306252015.dump.gz,62564351,60085657,21223121,2216747
http://mawi.nezu.wide.ad.jp/mawi/ditl/ditl2013/201306252030.dump.gz,65538104,63454045,22812856,1975297
http://mawi.nezu.wide.ad.jp/mawi/ditl/ditl2013/201306252045.dump.gz,57839308,55168759,20392747,2178123
http://mawi.nezu.wide.ad.jp/mawi/ditl/ditl2013/201306252100.dump.gz,50955442,49342293,18570897,2408363
http://mawi.nezu.wide.ad.jp/mawi/ditl/ditl2013/201306252115.dump.gz,59628329,58162724,23321216,2465922
http://mawi.nezu.wide.ad.jp/mawi/ditl/ditl2013/201306252130.dump.gz,53773078,52759796,16878578,2562132
http://mawi.nezu.wide.ad.jp/mawi/ditl/ditl2013/201306252145.dump.gz,56134055,54589672,18206007,2675020
http://mawi.nezu.wide.ad.jp/mawi/ditl/ditl2013/201306252200.dump.gz,57315358,56106662,18763281,2240193
http://mawi.nezu.wide.ad.jp/mawi/ditl/ditl2013/201306252215.dump.gz,61027288,59097415,19807597,2385204
http://mawi.nezu.wide.ad.jp/mawi/ditl/ditl2013/201306252230.dump.gz,60509484,59245535,20282806,2462206
http://mawi.nezu.wide.ad.jp/mawi/ditl/ditl2013/201306252245.dump.gz,59447158,58275536,17186074,2440611
http://mawi.nezu.wide.ad.jp/mawi/ditl/ditl2013/201306252300.dump.gz,58608523,57685338,20208333,2035644
http://mawi.nezu.wide.ad.jp/mawi/ditl/ditl2013/201306252315.dump.gz,60159925,58445496,20898924,2185724
http://mawi.nezu.wide.ad.jp/mawi/ditl/ditl2013/201306252330.dump.gz,57345174,55983771,20075691,2115326
http://mawi.nezu.wide.ad.jp/mawi/ditl/ditl2013/201306252345.dump.gz,51648779,50820089,15095130,1806949
http://mawi.nezu.wide.ad.jp/mawi/ditl/ditl2013/201306260000.dump.gz,52593017,51253096,18223438,2193873
http://mawi.nezu.wide.ad.jp/mawi/ditl/ditl2013/201306260015.dump.gz,55320593,53777347,18246295,2117295
http://mawi.nezu.wide.ad.jp/mawi/ditl/ditl2013/201306260030.dump.gz,58176304,56493862,20863424,1996513
http://mawi.nezu.wide.ad.jp/mawi/ditl/ditl2013/201306260045.dump.gz,56708871,55816311,19641291,2217583
http://mawi.nezu.wide.ad.jp/mawi/ditl/ditl2013/201306260100.dump.gz,55494846,54698718,18749960,2129629
http://mawi.nezu.wide.ad.jp/mawi/ditl/ditl2013/201306260115.dump.gz,52698566,51904349,18873647,1832034
http://mawi.nezu.wide.ad.jp/mawi/ditl/ditl2013/201306260130.dump.gz,49209246,48170349,14877852,1519837
http://mawi.nezu.wide.ad.jp/mawi/ditl/ditl2013/201306260145.dump.gz,50831191,49817480,14418397,1510393
http://mawi.nezu.wide.ad.jp/mawi/ditl/ditl2013/201306260200.dump.gz,56455091,50344842,14052573,1854203
http://mawi.nezu.wide.ad.jp/mawi/ditl/ditl2013/201306260215.dump.gz,56333395,50283644,14142657,1805175
http://mawi.nezu.wide.ad.jp/mawi/ditl/ditl2013/201306260230.dump.gz,49656002,48458671,13199021,1542314
http://mawi.nezu.wide.ad.jp/mawi/ditl/ditl2013/201306260245.dump.gz,41091461,40211267,9826885,1481236
http://mawi.nezu.wide.ad.jp/mawi/ditl/ditl2013/201306260300.dump.gz,39407166,38064070,9986576,1512544
http://mawi.nezu.wide.ad.jp/mawi/ditl/ditl2013/201306260315.dump.gz,38731366,38149910,9202191,1324038
http://mawi.nezu.wide.ad.jp/mawi/ditl/ditl2013/201306260330.dump.gz,47027060,46428583,10594505,1894360
http://mawi.nezu.wide.ad.jp/mawi/ditl/ditl2013/201306260345.dump.gz,45813874,45393564,10071309,1544215
http://mawi.nezu.wide.ad.jp/mawi/ditl/ditl2013/201306260400.dump.gz,44487069,44088123,8779598,1549851
http://mawi.nezu.wide.ad.jp/mawi/ditl/ditl2013/201306260415.dump.gz,42741047,42364326,7432384,1337709
http://mawi.nezu.wide.ad.jp/mawi/ditl/ditl2013/201306260430.dump.gz,42585322,42360864,7492982,1195967
http://mawi.nezu.wide.ad.jp/mawi/ditl/ditl2013/201306260445.dump.gz,41226488,40996917,6585871,963176
http://mawi.nezu.wide.ad.jp/mawi/ditl/ditl2013/201306260500.dump.gz,41693949,41432601,6286410,1062359
http://mawi.nezu.wide.ad.jp/mawi/ditl/ditl2013/201306260515.dump.gz,41720155,41422936,6702680,776005
http://mawi.nezu.wide.ad.jp/mawi/ditl/ditl2013/201306260530.dump.gz,40623699,40429834,5992121,773882
http://mawi.nezu.wide.ad.jp/mawi/ditl/ditl2013/201306260545.dump.gz,41203183,40908634,6153856,1172163
http://mawi.nezu.wide.ad.jp/mawi/ditl/ditl2013/201306260600.dump.gz,38415523,38062976,6214615,1089248
http://mawi.nezu.wide.ad.jp/mawi/ditl/ditl2013/201306260615.dump.gz,42799810,39151033,6058107,1179253
http://mawi.nezu.wide.ad.jp/mawi/ditl/ditl2013/201306260630.dump.gz,44147268,43535682,8123144,1143737
http://mawi.nezu.wide.ad.jp/mawi/ditl/ditl2013/201306260645.dump.gz,42684756,42059275,6492832,1516101
http://mawi.nezu.wide.ad.jp/mawi/ditl/ditl2013/201306260700.dump.gz,44987577,44162845,7831019,1606349
http://mawi.nezu.wide.ad.jp/mawi/ditl/ditl2013/201306260715.dump.gz,40401348,39589784,6147090,1923730
http://mawi.nezu.wide.ad.jp/mawi/ditl/ditl2013/201306260730.dump.gz,42894573,42033717,6942620,1355570
http://mawi.nezu.wide.ad.jp/mawi/ditl/ditl2013/201306260745.dump.gz,48054026,47355726,7593919,1796291
http://mawi.nezu.wide.ad.jp/mawi/ditl/ditl2013/201306260800.dump.gz,45894852,45240785,9124119,1559291
http://mawi.nezu.wide.ad.jp/mawi/ditl/ditl2013/201306260815.dump.gz,45454375,44449573,8376161,1486946
http://mawi.nezu.wide.ad.jp/mawi/ditl/ditl2013/201306260830.dump.gz,49796860,45741692,10744304,1815567
http://mawi.nezu.wide.ad.jp/mawi/ditl/ditl2013/201306260845.dump.gz,44382408,43784082,12443490,1537394
http://mawi.nezu.wide.ad.jp/mawi/ditl/ditl2013/201306260900.dump.gz,47940596,46903590,16490563,1714083
http://mawi.nezu.wide.ad.jp/mawi/ditl/ditl2013/201306260915.dump.gz,58762699,57483592,16986650,1875177
http://mawi.nezu.wide.ad.jp/mawi/ditl/ditl2013/201306260930.dump.gz,70808003,62802735,21141880,1999355
http://mawi.nezu.wide.ad.jp/mawi/ditl/ditl2013/201306260945.dump.gz,63689141,61633474,20378389,2291544
http://mawi.nezu.wide.ad.jp/mawi/ditl/ditl2013/201306261000.dump.gz,62540186,60851248,24366114,2233070
http://mawi.nezu.wide.ad.jp/mawi/ditl/ditl2013/201306261015.dump.gz,65197223,62766781,26484419,1831494
http://mawi.nezu.wide.ad.jp/mawi/ditl/ditl2013/201306261030.dump.gz,66924589,58535097,23060232,1814594
http://mawi.nezu.wide.ad.jp/mawi/ditl/ditl2013/201306261045.dump.gz,64451872,62156166,26122060,1980503
http://mawi.nezu.wide.ad.jp/mawi/ditl/ditl2013/201306261100.dump.gz,68285897,65868957,29148575,2473684
http://mawi.nezu.wide.ad.jp/mawi/ditl/ditl2013/201306261115.dump.gz,74687767,70705942,32148454,2444488
http://mawi.nezu.wide.ad.jp/mawi/ditl/ditl2013/201306261130.dump.gz,67467609,63743840,25473771,2394571
http://mawi.nezu.wide.ad.jp/mawi/ditl/ditl2013/201306261145.dump.gz,71534911,62611719,26110767,2527994
http://mawi.nezu.wide.ad.jp/mawi/ditl/ditl2013/201306261200.dump.gz,67025268,64330195,27514089,2437143
http://mawi.nezu.wide.ad.jp/mawi/ditl/ditl2013/201306261215.dump.gz,62395221,60101706,28053850,2180348
http://mawi.nezu.wide.ad.jp/mawi/ditl/ditl2013/201306261230.dump.gz,64785217,62089501,26072568,2400433
http://mawi.nezu.wide.ad.jp/mawi/ditl/ditl2013/201306261245.dump.gz,63811405,61774949,25127752,2151838
http://mawi.nezu.wide.ad.jp/mawi/ditl/ditl2013/201306261300.dump.gz,65922792,63455012,27448213,2160068
http://mawi.nezu.wide.ad.jp/mawi/ditl/ditl2013/201306261315.dump.gz,67060326,64919927,29724871,2424895
http://mawi.nezu.wide.ad.jp/mawi/ditl/ditl2013/201306261330.dump.gz,66828513,63674155,30870207,2570414
http://mawi.nezu.wide.ad.jp/mawi/ditl/ditl2013/201306261345.dump.gz,77484611,74456461,37366055,3124666
http://mawi.nezu.wide.ad.jp/mawi/ditl/ditl2013/201306261400.dump.gz,72901036,69279898,32210892,3155375
http://mawi.nezu.wide.ad.jp/mawi/ditl/ditl2013/201306261415.dump.gz,75860868,71429648,32234369,2433471
http://mawi.nezu.wide.ad.jp/mawi/ditl/ditl2013/201306261430.dump.gz,66761598,63626396,27487742,1984397
http://mawi.nezu.wide.ad.jp/mawi/ditl/ditl2013/201306261445.dump.gz,67189541,61779488,28850172,2287376
http://mawi.nezu.wide.ad.jp/mawi/ditl/ditl2013/201306261500.dump.gz,72843718,67740971,31704859,2566165
http://mawi.nezu.wide.ad.jp/mawi/ditl/ditl2013/201306261515.dump.gz,73544696,68161023,33453512,2287235
http://mawi.nezu.wide.ad.jp/mawi/ditl/ditl2013/201306261530.dump.gz,73695314,68791768,33295722,1991804
http://mawi.nezu.wide.ad.jp/mawi/ditl/ditl2013/201306261545.dump.gz,77969511,72663352,35535081,2237350
http://mawi.nezu.wide.ad.jp/mawi/ditl/ditl2013/201306261600.dump.gz,78205318,73860358,37555857,2280641
http://mawi.nezu.wide.ad.jp/mawi/ditl/ditl2013/201306261615.dump.gz,72145126,68371373,32344530,2136754
http://mawi.nezu.wide.ad.jp/mawi/ditl/ditl2013/201306261630.dump.gz,67933409,63235687,27066513,2303141
http://mawi.nezu.wide.ad.jp/mawi/ditl/ditl2013/201306261645.dump.gz,69354133,63863789,27708489,2007656
http://mawi.nezu.wide.ad.jp/mawi/ditl/ditl2013/201306261700.dump.gz,70729201,65074686,27880428,1998904
http://mawi.nezu.wide.ad.jp/mawi/ditl/ditl2013/201306261715.dump.gz,67560731,62064891,25451164,2284618
http://mawi.nezu.wide.ad.jp/mawi/ditl/ditl2013/201306261730.dump.gz,70100772,65684999,28118105,2311843
http://mawi.nezu.wide.ad.jp/mawi/ditl/ditl2013/201306261745.dump.gz,67488070,63155627,25035131,2107387
http://mawi.nezu.wide.ad.jp/mawi/ditl/ditl2013/201306261800.dump.gz,63182477,60034448,22324406,2205643
http://mawi.nezu.wide.ad.jp/mawi/ditl/ditl2013/201306261815.dump.gz,61343290,58134011,25726424,2214538
http://mawi.nezu.wide.ad.jp/mawi/ditl/ditl2013/201306261830.dump.gz,63605941,56940334,20654019,2191697
http://mawi.nezu.wide.ad.jp/mawi/ditl/ditl2013/201306261845.dump.gz,58898699,55841703,19189313,2401861
http://mawi.nezu.wide.ad.jp/mawi/ditl/ditl2013/201306261900.dump.gz,58291046,55616082,19279494,2024008
http://mawi.nezu.wide.ad.jp/mawi/ditl/ditl2013/201306261915.dump.gz,57285757,54366831,20745860,1713920
http://mawi.nezu.wide.ad.jp/mawi/ditl/ditl2013/201306261930.dump.gz,55446837,52476530,19225535,1594089
http://mawi.nezu.wide.ad.jp/mawi/ditl/ditl2013/201306261945.dump.gz,57436644,54823110,18820710,2051449
http://mawi.nezu.wide.ad.jp/mawi/ditl/ditl2013/201306262000.dump.gz,60135207,57603183,21814214,1982850
http://mawi.nezu.wide.ad.jp/mawi/ditl/ditl2013/201306262015.dump.gz,60885744,58616946,22315084,1912990
http://mawi.nezu.wide.ad.jp/mawi/ditl/ditl2013/201306262030.dump.gz,60912216,58912904,22436257,2174660
http://mawi.nezu.wide.ad.jp/mawi/ditl/ditl2013/201306262045.dump.gz,54641011,52366592,20237088,2085432
http://mawi.nezu.wide.ad.jp/mawi/ditl/ditl2013/201306262100.dump.gz,57056190,50766838,18752944,2560384
http://mawi.nezu.wide.ad.jp/mawi/ditl/ditl2013/201306262115.dump.gz,56414042,54359702,19613668,2430521
http://mawi.nezu.wide.ad.jp/mawi/ditl/ditl2013/201306262130.dump.gz,58276036,56662604,21221528,2877243
http://mawi.nezu.wide.ad.jp/mawi/ditl/ditl2013/201306262145.dump.gz,58783011,57168490,21044229,2560309
http://mawi.nezu.wide.ad.jp/mawi/ditl/ditl2013/201306262200.dump.gz,53922730,52578461,16901782,2263794
http://mawi.nezu.wide.ad.jp/mawi/ditl/ditl2013/201306262215.dump.gz,55299067,53201874,17095253,2399242
http://mawi.nezu.wide.ad.jp/mawi/ditl/ditl2013/201306262230.dump.gz,55825746,53935601,18120931,2155023
http://mawi.nezu.wide.ad.jp/mawi/ditl/ditl2013/201306262245.dump.gz,58075086,56486816,19540082,2329612
http://mawi.nezu.wide.ad.jp/mawi/ditl/ditl2013/201306262300.dump.gz,60662425,59426190,22840774,2818776
http://mawi.nezu.wide.ad.jp/mawi/ditl/ditl2013/201306262315.dump.gz,57194206,56105073,18931256,3203854
http://mawi.nezu.wide.ad.jp/mawi/ditl/ditl2013/201306262330.dump.gz,56706563,55712560,18638860,2998936
http://mawi.nezu.wide.ad.jp/mawi/ditl/ditl2013/201306262345.dump.gz,57866076,56772705,20074978,2972996
http://mawi.nezu.wide.ad.jp/mawi/ditl/ditl2013/201306270000.dump.gz,56531621,55442048,18477253,2704362
http://mawi.nezu.wide.ad.jp/mawi/ditl/ditl2013/201306270015.dump.gz,49429534,47830398,16390940,2294744
http://mawi.nezu.wide.ad.jp/mawi/ditl/ditl2013/201306270030.dump.gz,57173877,54650558,19163913,2380460
http://mawi.nezu.wide.ad.jp/mawi/ditl/ditl2013/201306270045.dump.gz,56635627,55467466,18813700,2832274
http://mawi.nezu.wide.ad.jp/mawi/ditl/ditl2013/201306270100.dump.gz,54400527,53351711,17246070,2329809
http://mawi.nezu.wide.ad.jp/mawi/ditl/ditl2013/201306270115.dump.gz,51473333,50644288,18384219,2272668
http://mawi.nezu.wide.ad.jp/mawi/ditl/ditl2013/201306270130.dump.gz,49270301,48533940,13706580,2482138
http://mawi.nezu.wide.ad.jp/mawi/ditl/ditl2013/201306270145.dump.gz,52384199,50824400,14951664,2200755
http://mawi.nezu.wide.ad.jp/mawi/ditl/ditl2013/201306270200.dump.gz,57389751,55800015,19870773,2006393
http://mawi.nezu.wide.ad.jp/mawi/ditl/ditl2013/201306270215.dump.gz,54757534,52759561,16567070,1859205
http://mawi.nezu.wide.ad.jp/mawi/ditl/ditl2013/201306270230.dump.gz,51062416,50111892,15522028,1696493
http://mawi.nezu.wide.ad.jp/mawi/ditl/ditl2013/201306270245.dump.gz,42047940,41532235,12073078,2073017
http://mawi.nezu.wide.ad.jp/mawi/ditl/ditl2013/201306270300.dump.gz,41069404,39118604,10409179,1738513
http://mawi.nezu.wide.ad.jp/mawi/ditl/ditl2013/201306270315.dump.gz,42188690,41629649,7657263,1766173
http://mawi.nezu.wide.ad.jp/mawi/ditl/ditl2013/201306270330.dump.gz,44595782,43969621,8339928,1875685
http://mawi.nezu.wide.ad.jp/mawi/ditl/ditl2013/201306270345.dump.gz,44979589,44424866,8944630,1815104
http://mawi.nezu.wide.ad.jp/mawi/ditl/ditl2013/201306270400.dump.gz,50060575,49304767,13057007,2391046
http://mawi.nezu.wide.ad.jp/mawi/ditl/ditl2013/201306270415.dump.gz,50150505,48981059,12977125,1942880
http://mawi.nezu.wide.ad.jp/mawi/ditl/ditl2013/201306270430.dump.gz,50764548,49792576,14214789,1801973
http://mawi.nezu.wide.ad.jp/mawi/ditl/ditl2013/201306270445.dump.gz,51604979,50871495,15369154,1801303
http://mawi.nezu.wide.ad.jp/mawi/ditl/ditl2013/201306270500.dump.gz,52281513,51107270,14406034,1734445
http://mawi.nezu.wide.ad.jp/mawi/ditl/ditl2013/201306270515.dump.gz,45122704,44062714,7601502,2625644
http://mawi.nezu.wide.ad.jp/mawi/ditl/ditl2013/201306270530.dump.gz,44005330,42908954,7081583,1715346
http://mawi.nezu.wide.ad.jp/mawi/ditl/ditl2013/201306270545.dump.gz,42376613,41701163,6110516,1735368
http://mawi.nezu.wide.ad.jp/mawi/ditl/ditl2013/201306270600.dump.gz,43837688,43393880,8190280,1672069
http://mawi.nezu.wide.ad.jp/mawi/ditl/ditl2013/201306270615.dump.gz,38434458,37917319,6927749,1438746
http://mawi.nezu.wide.ad.jp/mawi/ditl/ditl2013/201306270630.dump.gz,49479980,43909190,9051640,1905515
http://mawi.nezu.wide.ad.jp/mawi/ditl/ditl2013/201306270645.dump.gz,44850735,44054369,7653001,1779401
http://mawi.nezu.wide.ad.jp/mawi/ditl/ditl2013/201306270700.dump.gz,45036972,44665057,8899271,1409982
http://mawi.nezu.wide.ad.jp/mawi/ditl/ditl2013/201306270715.dump.gz,38967256,38513422,7204202,1408470
http://mawi.nezu.wide.ad.jp/mawi/ditl/ditl2013/201306270730.dump.gz,43139624,42779193,8546034,1506433
http://mawi.nezu.wide.ad.jp/mawi/ditl/ditl2013/201306270745.dump.gz,48491287,47847415,12483805,1446319
http://mawi.nezu.wide.ad.jp/mawi/ditl/ditl2013/201306270800.dump.gz,46519595,45868031,10309863,1544612
http://mawi.nezu.wide.ad.jp/mawi/ditl/ditl2013/201306270815.dump.gz,44761934,44015716,8533419,1561420
http://mawi.nezu.wide.ad.jp/mawi/ditl/ditl2013/201306270830.dump.gz,46253802,45503964,11387915,1822376
http://mawi.nezu.wide.ad.jp/mawi/ditl/ditl2013/201306270845.dump.gz,45699773,44371913,10817926,2318844
http://mawi.nezu.wide.ad.jp/mawi/ditl/ditl2013/201306270900.dump.gz,46306095,45028044,12532834,1989105
http://mawi.nezu.wide.ad.jp/mawi/ditl/ditl2013/201306270915.dump.gz,48896155,47777267,13706972,1969037
http://mawi.nezu.wide.ad.jp/mawi/ditl/ditl2013/201306270930.dump.gz,53307549,51783115,16707297,1881620
http://mawi.nezu.wide.ad.jp/mawi/ditl/ditl2013/201306270945.dump.gz,61153798,59121310,18611397,1952240
http://mawi.nezu.wide.ad.jp/mawi/ditl/ditl2013/201306271000.dump.gz,58268128,56091685,19449089,2004647
http://mawi.nezu.wide.ad.jp/mawi/ditl/ditl2013/201306271015.dump.gz,66860853,55405085,18721592,2620917
http://mawi.nezu.wide.ad.jp/mawi/ditl/ditl2013/201306271030.dump.gz,71422731,57564592,21079307,2260155
http://mawi.nezu.wide.ad.jp/mawi/ditl/ditl2013/201306271045.dump.gz,74714018,60909537,24461051,2411580
http://mawi.nezu.wide.ad.jp/mawi/ditl/ditl2013/201306271100.dump.gz,68725435,60737343,24224616,2124625
http://mawi.nezu.wide.ad.jp/mawi/ditl/ditl2013/201306271115.dump.gz,61133791,58979256,23041659,2305751
http://mawi.nezu.wide.ad.jp/mawi/ditl/ditl2013/201306271130.dump.gz,64484930,62342999,24893720,3025138
http://mawi.nezu.wide.ad.jp/mawi/ditl/ditl2013/201306271145.dump.gz,64337387,62212182,24992966,3193666
http://mawi.nezu.wide.ad.jp/mawi/ditl/ditl2013/201306271200.dump.gz,71329389,61116793,24345569,2977872
http://mawi.nezu.wide.ad.jp/mawi/ditl/ditl2013/201306271215.dump.gz,74067935,59551379,26293257,2737076
http://mawi.nezu.wide.ad.jp/mawi/ditl/ditl2013/201306271230.dump.gz,74274342,59459214,25843982,2299354
http://mawi.nezu.wide.ad.jp/mawi/ditl/ditl2013/201306271245.dump.gz,81200131,67566604,31450026,2329086
http://mawi.nezu.wide.ad.jp/mawi/ditl/ditl2013/201306271300.dump.gz,76808430,63729848,27301329,2923280
http://mawi.nezu.wide.ad.jp/mawi/ditl/ditl2013/201306271315.dump.gz,74318205,59953852,26280656,2569676
http://mawi.nezu.wide.ad.jp/mawi/ditl/ditl2013/201306271330.dump.gz,81370826,66484679,31042684,2790477
http://mawi.nezu.wide.ad.jp/mawi/ditl/ditl2013/201306271345.dump.gz,89705996,71415963,33097758,2390629
http://mawi.nezu.wide.ad.jp/mawi/ditl/ditl2013/201306271400.dump.gz,89213468,72342312,34086334,2358557
http://mawi.nezu.wide.ad.jp/mawi/ditl/ditl2013/201306271415.dump.gz,82515030,69104455,32976639,2161388
http://mawi.nezu.wide.ad.jp/mawi/ditl/ditl2013/201306271430.dump.gz,78759781,66392973,31189890,2306487
http://mawi.nezu.wide.ad.jp/mawi/ditl/ditl2013/201306271445.dump.gz,79071852,63467798,30821701,2684922
http://mawi.nezu.wide.ad.jp/mawi/ditl/ditl2013/201306271500.dump.gz,88147350,71768531,30964900,2393271
http://mawi.nezu.wide.ad.jp/mawi/ditl/ditl2013/201306271515.dump.gz,82919635,66551665,32352865,2406981
http://mawi.nezu.wide.ad.jp/mawi/ditl/ditl2013/201306271530.dump.gz,87236485,67514802,30880568,2766100
http://mawi.nezu.wide.ad.jp/mawi/ditl/ditl2013/201306271545.dump.gz,85287152,67019487,31055064,2516981
http://mawi.nezu.wide.ad.jp/mawi/ditl/ditl2013/201306271600.dump.gz,87660598,72497414,35985725,2585450
http://mawi.nezu.wide.ad.jp/mawi/ditl/ditl2013/201306271615.dump.gz,81739367,74878010,30209667,2395980
http://mawi.nezu.wide.ad.jp/mawi/ditl/ditl2013/201306271630.dump.gz,71239982,67922036,31877877,2199096
http://mawi.nezu.wide.ad.jp/mawi/ditl/ditl2013/201306271645.dump.gz,69708374,66532006,30597226,2353025
http://mawi.nezu.wide.ad.jp/mawi/ditl/ditl2013/201306271700.dump.gz,68383598,64909475,28849976,2338476
http://mawi.nezu.wide.ad.jp/mawi/ditl/ditl2013/201306271715.dump.gz,71586968,67942930,31760235,2452953
http://mawi.nezu.wide.ad.jp/mawi/ditl/ditl2013/201306271730.dump.gz,67209622,64106184,28317057,2072239
http://mawi.nezu.wide.ad.jp/mawi/ditl/ditl2013/201306271745.dump.gz,70112956,66711165,30662750,2157938
http://mawi.nezu.wide.ad.jp/mawi/ditl/ditl2013/201306271800.dump.gz,64923431,61350199,24588735,2674411
http://mawi.nezu.wide.ad.jp/mawi/ditl/ditl2013/201306271815.dump.gz,58967257,56244174,22338598,2500808
http://mawi.nezu.wide.ad.jp/mawi/ditl/ditl2013/201306271830.dump.gz,59613884,57108474,23209044,2008152
http://mawi.nezu.wide.ad.jp/mawi/ditl/ditl2013/201306271845.dump.gz,67488490,64751935,28306758,1838984
http://mawi.nezu.wide.ad.jp/mawi/ditl/ditl2013/201306271900.dump.gz,61077135,58763408,22578248,1966666
http://mawi.nezu.wide.ad.jp/mawi/ditl/ditl2013/201306271915.dump.gz,55822059,53433445,19154666,2154623
http://mawi.nezu.wide.ad.jp/mawi/ditl/ditl2013/201306271930.dump.gz,58983674,56380723,20584146,2273759
http://mawi.nezu.wide.ad.jp/mawi/ditl/ditl2013/201306271945.dump.gz,66000169,61817610,22556506,2610262
http://mawi.nezu.wide.ad.jp/mawi/ditl/ditl2013/201306272000.dump.gz,61315363,58553897,20211440,2528829
http://mawi.nezu.wide.ad.jp/mawi/ditl/ditl2013/201306272015.dump.gz,63744462,61671768,23603843,2863528
http://mawi.nezu.wide.ad.jp/mawi/ditl/ditl2013/201306272030.dump.gz,60973470,57882623,19680034,3231955
http://mawi.nezu.wide.ad.jp/mawi/ditl/ditl2013/201306272045.dump.gz,57419951,55091768,20419491,3607861
http://mawi.nezu.wide.ad.jp/mawi/ditl/ditl2013/201306272100.dump.gz,58191486,55323149,17993000,3100442
http://mawi.nezu.wide.ad.jp/mawi/ditl/ditl2013/201306272115.dump.gz,52388456,50585899,17957984,3121427
http://mawi.nezu.wide.ad.jp/mawi/ditl/ditl2013/201306272130.dump.gz,58717663,57136992,22530031,2931678
http://mawi.nezu.wide.ad.jp/mawi/ditl/ditl2013/201306272145.dump.gz,62558402,60665793,24069424,3088311
http://mawi.nezu.wide.ad.jp/mawi/ditl/ditl2013/201306272200.dump.gz,60020490,58365474,20660286,3550512
http://mawi.nezu.wide.ad.jp/mawi/ditl/ditl2013/201306272215.dump.gz,60472282,58304043,21956372,3169331
http://mawi.nezu.wide.ad.jp/mawi/ditl/ditl2013/201306272230.dump.gz,60819094,59333339,22354080,3379426
http://mawi.nezu.wide.ad.jp/mawi/ditl/ditl2013/201306272245.dump.gz,58365761,57272819,19358504,4366422
http://mawi.nezu.wide.ad.jp/mawi/ditl/ditl2013/201306272300.dump.gz,56488511,55212361,17553151,4195323
http://mawi.nezu.wide.ad.jp/mawi/ditl/ditl2013/201306272315.dump.gz,53206697,51850302,15518072,3378667
http://mawi.nezu.wide.ad.jp/mawi/ditl/ditl2013/201306272330.dump.gz,52314292,51228971,14348176,3709359
http://mawi.nezu.wide.ad.jp/mawi/ditl/ditl2013/201306272345.dump.gz,52217289,50604442,13908744,3467784
