url,total,ip,tcp,udp
http://mawi.nezu.wide.ad.jp/mawi/ditl/ditl2010/201004122345.dump.gz,35766347,35717858,23414178,8268577
http://mawi.nezu.wide.ad.jp/mawi/ditl/ditl2010/201004130000.dump.gz,35618581,35564397,23856560,8002767
http://mawi.nezu.wide.ad.jp/mawi/ditl/ditl2010/201004130015.dump.gz,35137496,35090411,22689711,8673467
http://mawi.nezu.wide.ad.jp/mawi/ditl/ditl2010/201004130030.dump.gz,33587973,33540082,21727332,7961604
http://mawi.nezu.wide.ad.jp/mawi/ditl/ditl2010/201004130045.dump.gz,34949704,34901443,22848828,8108347
http://mawi.nezu.wide.ad.jp/mawi/ditl/ditl2010/201004130100.dump.gz,33193276,33129416,22058033,7609431
http://mawi.nezu.wide.ad.jp/mawi/ditl/ditl2010/201004130115.dump.gz,35996326,35942504,23960987,8272743
http://mawi.nezu.wide.ad.jp/mawi/ditl/ditl2010/201004130130.dump.gz,33061767,33013856,21269194,8112524
http://mawi.nezu.wide.ad.jp/mawi/ditl/ditl2010/201004130145.dump.gz,37643395,37593083,25732777,8369081
http://mawi.nezu.wide.ad.jp/mawi/ditl/ditl2010/201004130200.dump.gz,35705740,35655020,24195712,7899906
http://mawi.nezu.wide.ad.jp/mawi/ditl/ditl2010/201004130215.dump.gz,35123755,35075964,23431906,7909717
http://mawi.nezu.wide.ad.jp/mawi/ditl/ditl2010/201004130230.dump.gz,32183990,32135895,20728434,7780224
http://mawi.nezu.wide.ad.jp/mawi/ditl/ditl2010/201004130245.dump.gz,32610256,32553744,21773995,7390504
http://mawi.nezu.wide.ad.jp/mawi/ditl/ditl2010/201004130300.dump.gz,27670015,27614905,17772100,6931555
http://mawi.nezu.wide.ad.jp/mawi/ditl/ditl2010/201004130315.dump.gz,29654871,29607884,18743966,7616891
http://mawi.nezu.wide.ad.jp/mawi/ditl/ditl2010/201004130330.dump.gz,29928505,29879824,18021120,8410575
http://mawi.nezu.wide.ad.jp/mawi/ditl/ditl2010/201004130345.dump.gz,32172888,32121555,20307731,8294746
http://mawi.nezu.wide.ad.jp/mawi/ditl/ditl2010/201004130400.dump.gz,31475970,31417792,20086628,7823124
http://mawi.nezu.wide.ad.jp/mawi/ditl/ditl2010/201004130415.dump.gz,28644961,28592891,17154134,7841615
http://mawi.nezu.wide.ad.jp/mawi/ditl/ditl2010/201004130430.dump.gz,27770929,27720972,16450212,7641206
http://mawi.nezu.wide.ad.jp/mawi/ditl/ditl2010/201004130445.dump.gz,26825169,26773438,15720477,7549812
http://mawi.nezu.wide.ad.jp/mawi/ditl/ditl2010/201004130500.dump.gz,27899002,27846940,16834257,7393756
http://mawi.nezu.wide.ad.jp/mawi/ditl/ditl2010/201004130515.dump.gz,27391389,27342382,16267283,7471467
http://mawi.nezu.wide.ad.jp/mawi/ditl/ditl2010/201004130530.dump.gz,26908823,26859909,15844615,7339043
http://mawi.nezu.wide.ad.jp/mawi/ditl/ditl2010/201004130545.dump.gz,26511374,26461334,14962310,7767068
http://mawi.nezu.wide.ad.jp/mawi/ditl/ditl2010/201004130600.dump.gz,26192084,26135767,14815150,7651931
http://mawi.nezu.wide.ad.jp/mawi/ditl/ditl2010/201004130615.dump.gz,26281255,26235143,14617691,7839346
http://mawi.nezu.wide.ad.jp/mawi/ditl/ditl2010/201004130630.dump.gz,27553694,27503872,15325909,8243323
http://mawi.nezu.wide.ad.jp/mawi/ditl/ditl2010/201004130645.dump.gz,27246260,27202445,15679885,7702585
http://mawi.nezu.wide.ad.jp/mawi/ditl/ditl2010/201004130700.dump.gz,27241925,27197008,15179774,7892774
http://mawi.nezu.wide.ad.jp/mawi/ditl/ditl2010/201004130715.dump.gz,27529888,27487536,15220127,7828727
http://mawi.nezu.wide.ad.jp/mawi/ditl/ditl2010/201004130730.dump.gz,26284868,26240884,13600309,8168006
http://mawi.nezu.wide.ad.jp/mawi/ditl/ditl2010/201004130745.dump.gz,26044662,25987053,13646698,8289498
http://mawi.nezu.wide.ad.jp/mawi/ditl/ditl2010/201004130800.dump.gz,27508155,27464970,14630935,8854769
http://mawi.nezu.wide.ad.jp/mawi/ditl/ditl2010/201004130815.dump.gz,27129172,27086429,14455731,8564733
http://mawi.nezu.wide.ad.jp/mawi/ditl/ditl2010/201004130830.dump.gz,28035583,27989313,15155273,8541366
http://mawi.nezu.wide.ad.jp/mawi/ditl/ditl2010/201004130845.dump.gz,27570487,27527501,14930403,8295410
http://mawi.nezu.wide.ad.jp/mawi/ditl/ditl2010/201004130900.dump.gz,27722956,27598024,15323170,8084869
http://mawi.nezu.wide.ad.jp/mawi/ditl/ditl2010/201004130915.dump.gz,27396925,27289491,14859064,8254345
http://mawi.nezu.wide.ad.jp/mawi/ditl/ditl2010/201004130930.dump.gz,30896049,30849819,16700534,9227192
http://mawi.nezu.wide.ad.jp/mawi/ditl/ditl2010/201004130945.dump.gz,32627591,32580093,18581099,8986789
http://mawi.nezu.wide.ad.jp/mawi/ditl/ditl2010/201004131000.dump.gz,34123105,34072929,19019683,9742081
http://mawi.nezu.wide.ad.jp/mawi/ditl/ditl2010/201004131015.dump.gz,34862474,34812045,20016478,9923469
http://mawi.nezu.wide.ad.jp/mawi/ditl/ditl2010/201004131030.dump.gz,33691385,33642373,20442763,9285823
http://mawi.nezu.wide.ad.jp/mawi/ditl/ditl2010/201004131045.dump.gz,33801363,33743941,20232943,9548891
http://mawi.nezu.wide.ad.jp/mawi/ditl/ditl2010/201004131100.dump.gz,34196776,34141061,19426518,10489774
http://mawi.nezu.wide.ad.jp/mawi/ditl/ditl2010/201004131115.dump.gz,36061219,35998987,20559562,11197983
http://mawi.nezu.wide.ad.jp/mawi/ditl/ditl2010/201004131130.dump.gz,33429957,33372844,19645453,10306539
http://mawi.nezu.wide.ad.jp/mawi/ditl/ditl2010/201004131145.dump.gz,32429250,32374332,19516978,9632547
http://mawi.nezu.wide.ad.jp/mawi/ditl/ditl2010/201004131200.dump.gz,32762472,32704718,19939763,9615744
http://mawi.nezu.wide.ad.jp/mawi/ditl/ditl2010/201004131215.dump.gz,34550822,34498131,21200143,9926372
http://mawi.nezu.wide.ad.jp/mawi/ditl/ditl2010/201004131230.dump.gz,34009901,33960142,20896753,9796096
http://mawi.nezu.wide.ad.jp/mawi/ditl/ditl2010/201004131245.dump.gz,32095332,32048555,19139119,9788557
http://mawi.nezu.wide.ad.jp/mawi/ditl/ditl2010/201004131300.dump.gz,32072895,32023691,19124917,9454313
http://mawi.nezu.wide.ad.jp/mawi/ditl/ditl2010/201004131315.dump.gz,34080382,34031329,20515100,9959008
http://mawi.nezu.wide.ad.jp/mawi/ditl/ditl2010/201004131330.dump.gz,37918660,37871380,24243594,10147137
http://mawi.nezu.wide.ad.jp/mawi/ditl/ditl2010/201004131345.dump.gz,36639092,36592124,22573611,10684882
http://mawi.nezu.wide.ad.jp/mawi/ditl/ditl2010/201004131400.dump.gz,33035431,32986627,19022776,10813109
http://mawi.nezu.wide.ad.jp/mawi/ditl/ditl2010/201004131415.dump.gz,35000479,34953362,21098369,10474832
http://mawi.nezu.wide.ad.jp/mawi/ditl/ditl2010/201004131430.dump.gz,33809246,33760332,20652773,9308646
http://mawi.nezu.wide.ad.jp/mawi/ditl/ditl2010/201004131445.dump.gz,34439249,34391493,21544457,9451309
http://mawi.nezu.wide.ad.jp/mawi/ditl/ditl2010/201004131500.dump.gz,36820289,36770271,23223104,9930870
http://mawi.nezu.wide.ad.jp/mawi/ditl/ditl2010/201004131515.dump.gz,38691544,38637433,25834909,9375103
http://mawi.nezu.wide.ad.jp/mawi/ditl/ditl2010/201004131530.dump.gz,36997697,36946345,23643768,10020130
http://mawi.nezu.wide.ad.jp/mawi/ditl/ditl2010/201004131545.dump.gz,40799406,40745838,25826716,11665594
http://mawi.nezu.wide.ad.jp/mawi/ditl/ditl2010/201004131600.dump.gz,41310017,41254941,27053256,10978489
http://mawi.nezu.wide.ad.jp/mawi/ditl/ditl2010/201004131615.dump.gz,40204173,40148649,25118445,11529664
http://mawi.nezu.wide.ad.jp/mawi/ditl/ditl2010/201004131630.dump.gz,40496880,40411066,24603615,12118993
http://mawi.nezu.wide.ad.jp/mawi/ditl/ditl2010/201004131645.dump.gz,40347062,40280007,25203866,11392967
http://mawi.nezu.wide.ad.jp/mawi/ditl/ditl2010/201004131700.dump.gz,36856827,36795709,23954397,9389724
http://mawi.nezu.wide.ad.jp/mawi/ditl/ditl2010/201004131715.dump.gz,38185393,38123321,25144599,9431208
http://mawi.nezu.wide.ad.jp/mawi/ditl/ditl2010/201004131730.dump.gz,37896618,37830400,25062840,9158135
http://mawi.nezu.wide.ad.jp/mawi/ditl/ditl2010/201004131745.dump.gz,36490201,36436429,24056398,8794497
http://mawi.nezu.wide.ad.jp/mawi/ditl/ditl2010/201004131800.dump.gz,35230041,35173596,22340070,8887740
http://mawi.nezu.wide.ad.jp/mawi/ditl/ditl2010/201004131815.dump.gz,34580568,34526472,22143009,8579098
http://mawi.nezu.wide.ad.jp/mawi/ditl/ditl2010/201004131830.dump.gz,36819725,36765706,24406537,8393032
http://mawi.nezu.wide.ad.jp/mawi/ditl/ditl2010/201004131845.dump.gz,35460192,35401331,22851351,8512198
http://mawi.nezu.wide.ad.jp/mawi/ditl/ditl2010/201004131900.dump.gz,34359805,34304888,22506388,7930257
http://mawi.nezu.wide.ad.jp/mawi/ditl/ditl2010/201004131915.dump.gz,36960750,36900338,24965464,7993066
http://mawi.nezu.wide.ad.jp/mawi/ditl/ditl2010/201004131930.dump.gz,33081576,33028151,21502753,7884019
http://mawi.nezu.wide.ad.jp/mawi/ditl/ditl2010/201004131945.dump.gz,31898406,31844271,20190492,7863363
http://mawi.nezu.wide.ad.jp/mawi/ditl/ditl2010/201004132000.dump.gz,31414361,31353695,19444912,8228289
http://mawi.nezu.wide.ad.jp/mawi/ditl/ditl2010/201004132015.dump.gz,32000891,31936664,20169598,7981766
http://mawi.nezu.wide.ad.jp/mawi/ditl/ditl2010/201004132030.dump.gz,32346116,32271320,20398147,8067731
http://mawi.nezu.wide.ad.jp/mawi/ditl/ditl2010/201004132045.dump.gz,33663556,33584831,20745180,8986432
http://mawi.nezu.wide.ad.jp/mawi/ditl/ditl2010/201004132100.dump.gz,31796279,31733320,18783091,8677865
http://mawi.nezu.wide.ad.jp/mawi/ditl/ditl2010/201004132115.dump.gz,31444748,31385204,18873176,8639001
http://mawi.nezu.wide.ad.jp/mawi/ditl/ditl2010/201004132130.dump.gz,32770862,32686456,20207813,8557822
http://mawi.nezu.wide.ad.jp/mawi/ditl/ditl2010/201004132145.dump.gz,34321093,34267091,21388506,8620975
http://mawi.nezu.wide.ad.jp/mawi/ditl/ditl2010/201004132200.dump.gz,35610686,35559716,22708731,8505508
http://mawi.nezu.wide.ad.jp/mawi/ditl/ditl2010/201004132215.dump.gz,34347471,34296798,21106837,9220336
http://mawi.nezu.wide.ad.jp/mawi/ditl/ditl2010/201004132230.dump.gz,33405585,33353844,20150944,9144644
http://mawi.nezu.wide.ad.jp/mawi/ditl/ditl2010/201004132245.dump.gz,31469674,31417328,18816409,8599368
http://mawi.nezu.wide.ad.jp/mawi/ditl/ditl2010/201004132300.dump.gz,31842452,31787022,19742335,8082318
http://mawi.nezu.wide.ad.jp/mawi/ditl/ditl2010/201004132315.dump.gz,32789124,32733848,20878247,7811445
http://mawi.nezu.wide.ad.jp/mawi/ditl/ditl2010/201004132330.dump.gz,32592617,32543124,20217130,8058956
http://mawi.nezu.wide.ad.jp/mawi/ditl/ditl2010/201004132345.dump.gz,32002252,31952944,19728320,8098657
http://mawi.nezu.wide.ad.jp/mawi/ditl/ditl2010/201004140000.dump.gz,31995282,31943457,19971179,8132656
http://mawi.nezu.wide.ad.jp/mawi/ditl/ditl2010/201004140015.dump.gz,31173462,31108982,18969989,8255446
http://mawi.nezu.wide.ad.jp/mawi/ditl/ditl2010/201004140030.dump.gz,31291148,31235413,19140860,8093100
http://mawi.nezu.wide.ad.jp/mawi/ditl/ditl2010/201004140045.dump.gz,32261256,32209702,19860790,8549074
http://mawi.nezu.wide.ad.jp/mawi/ditl/ditl2010/201004140100.dump.gz,31674553,31607929,18564771,8818551
http://mawi.nezu.wide.ad.jp/mawi/ditl/ditl2010/201004140115.dump.gz,31076722,31012970,17889903,8838185
http://mawi.nezu.wide.ad.jp/mawi/ditl/ditl2010/201004140130.dump.gz,32635551,32585875,19054651,9180352
http://mawi.nezu.wide.ad.jp/mawi/ditl/ditl2010/201004140145.dump.gz,33065701,33017721,19525890,9359284
http://mawi.nezu.wide.ad.jp/mawi/ditl/ditl2010/201004140200.dump.gz,34113717,34058805,20694740,9148350
http://mawi.nezu.wide.ad.jp/mawi/ditl/ditl2010/201004140215.dump.gz,29436493,29387169,17100173,8358099
http://mawi.nezu.wide.ad.jp/mawi/ditl/ditl2010/201004140230.dump.gz,29819233,29769447,17329720,8557588
http://mawi.nezu.wide.ad.jp/mawi/ditl/ditl2010/201004140245.dump.gz,28704293,28656749,16042275,8885090
http://mawi.nezu.wide.ad.jp/mawi/ditl/ditl2010/201004140300.dump.gz,27110082,27066983,16149650,7478132
http://mawi.nezu.wide.ad.jp/mawi/ditl/ditl2010/201004140315.dump.gz,27323795,27271582,15528251,7775202
http://mawi.nezu.wide.ad.jp/mawi/ditl/ditl2010/201004140330.dump.gz,30076804,30019583,18043495,7906520
http://mawi.nezu.wide.ad.jp/mawi/ditl/ditl2010/201004140345.dump.gz,27585128,27539062,15339712,8237299
http://mawi.nezu.wide.ad.jp/mawi/ditl/ditl2010/201004140400.dump.gz,27693260,27639701,14847372,8494562
http://mawi.nezu.wide.ad.jp/mawi/ditl/ditl2010/201004140415.dump.gz,27367245,27315279,14261566,9130215
http://mawi.nezu.wide.ad.jp/mawi/ditl/ditl2010/201004140430.dump.gz,25724118,25672177,13225590,8941823
http://mawi.nezu.wide.ad.jp/mawi/ditl/ditl2010/201004140445.dump.gz,26107655,26056577,13572033,8855437
http://mawi.nezu.wide.ad.jp/mawi/ditl/ditl2010/201004140500.dump.gz,27219280,27168260,13949917,9365256
http://mawi.nezu.wide.ad.jp/mawi/ditl/ditl2010/201004140515.dump.gz,26216886,26165219,13043964,9226687
http://mawi.nezu.wide.ad.jp/mawi/ditl/ditl2010/201004140530.dump.gz,25090648,25036725,12244147,9041155
http://mawi.nezu.wide.ad.jp/mawi/ditl/ditl2010/201004140545.dump.gz,25381998,25330456,12836834,8754224
http://mawi.nezu.wide.ad.jp/mawi/ditl/ditl2010/201004140600.dump.gz,27330263,27279932,11617626,10045570
http://mawi.nezu.wide.ad.jp/mawi/ditl/ditl2010/201004140615.dump.gz,24332487,24279165,11222767,8438950
http://mawi.nezu.wide.ad.jp/mawi/ditl/ditl2010/201004140630.dump.gz,24102315,24052111,11611455,8189862
http://mawi.nezu.wide.ad.jp/mawi/ditl/ditl2010/201004140645.dump.gz,24609224,24559712,11420088,8538939
http://mawi.nezu.wide.ad.jp/mawi/ditl/ditl2010/201004140700.dump.gz,22730737,22681646,10767224,7712862
http://mawi.nezu.wide.ad.jp/mawi/ditl/ditl2010/201004140715.dump.gz,26634754,26585980,11264312,9386842
http://mawi.nezu.wide.ad.jp/mawi/ditl/ditl2010/201004140730.dump.gz,21841053,21799135,10430605,7024444
http://mawi.nezu.wide.ad.jp/mawi/ditl/ditl2010/201004140745.dump.gz,24222392,24176252,11421402,8301371
http://mawi.nezu.wide.ad.jp/mawi/ditl/ditl2010/201004140800.dump.gz,25495224,25452507,12681190,7920266
http://mawi.nezu.wide.ad.jp/mawi/ditl/ditl2010/201004140815.dump.gz,26413067,26371070,13979752,7744205
http://mawi.nezu.wide.ad.jp/mawi/ditl/ditl2010/201004140830.dump.gz,26736328,26686560,14249232,8498552
http://mawi.nezu.wide.ad.jp/mawi/ditl/ditl2010/201004140845.dump.gz,27372639,27329862,14155060,8678529
http://mawi.nezu.wide.ad.jp/mawi/ditl/ditl2010/201004140900.dump.gz,31450809,31407559,15200569,9518082
http://mawi.nezu.wide.ad.jp/mawi/ditl/ditl2010/201004140915.dump.gz,28461529,28418434,15629427,7792375
http://mawi.nezu.wide.ad.jp/mawi/ditl/ditl2010/201004140930.dump.gz,30139511,30094525,16521077,8238027
http://mawi.nezu.wide.ad.jp/mawi/ditl/ditl2010/201004140945.dump.gz,32087934,32042362,18670606,8520393
http://mawi.nezu.wide.ad.jp/mawi/ditl/ditl2010/201004141000.dump.gz,31499750,31444405,18119036,8450680
http://mawi.nezu.wide.ad.jp/mawi/ditl/ditl2010/201004141015.dump.gz,32262393,32212208,19913311,8231758
http://mawi.nezu.wide.ad.jp/mawi/ditl/ditl2010/201004141030.dump.gz,33320857,33268787,19014355,10239929
http://mawi.nezu.wide.ad.jp/mawi/ditl/ditl2010/201004141045.dump.gz,32586336,32539421,17904630,10469368
http://mawi.nezu.wide.ad.jp/mawi/ditl/ditl2010/201004141100.dump.gz,31491169,31424738,18799645,8447823
http://mawi.nezu.wide.ad.jp/mawi/ditl/ditl2010/201004141115.dump.gz,32735158,32663557,20882040,8119306
http://mawi.nezu.wide.ad.jp/mawi/ditl/ditl2010/201004141130.dump.gz,34318192,34237802,22008722,8380194
http://mawi.nezu.wide.ad.jp/mawi/ditl/ditl2010/201004141145.dump.gz,34555756,34487880,22836697,8146654
http://mawi.nezu.wide.ad.jp/mawi/ditl/ditl2010/201004141200.dump.gz,39710901,39641466,27369654,7958552
http://mawi.nezu.wide.ad.jp/mawi/ditl/ditl2010/201004141215.dump.gz,37787864,37719437,24593635,8521667
http://mawi.nezu.wide.ad.jp/mawi/ditl/ditl2010/201004141230.dump.gz,37664717,37597442,25652504,7561655
http://mawi.nezu.wide.ad.jp/mawi/ditl/ditl2010/201004141245.dump.gz,40334477,40266874,27308526,8601373
http://mawi.nezu.wide.ad.jp/mawi/ditl/ditl2010/201004141300.dump.gz,43971974,43904066,29119997,10021590
http://mawi.nezu.wide.ad.jp/mawi/ditl/ditl2010/201004141315.dump.gz,42583887,42517776,27964670,9940554
http://mawi.nezu.wide.ad.jp/mawi/ditl/ditl2010/201004141330.dump.gz,42654844,42590796,29729409,8922571
http://mawi.nezu.wide.ad.jp/mawi/ditl/ditl2010/201004141345.dump.gz,42845933,42750983,29693149,8831783
http://mawi.nezu.wide.ad.jp/mawi/ditl/ditl2010/201004141400.dump.gz,44599795,44524616,30472094,9946928
http://mawi.nezu.wide.ad.jp/mawi/ditl/ditl2010/201004141415.dump.gz,42124247,42038692,27684342,10124637
http://mawi.nezu.wide.ad.jp/mawi/ditl/ditl2010/201004141430.dump.gz,36645670,36592707,23621070,9050151
http://mawi.nezu.wide.ad.jp/mawi/ditl/ditl2010/201004141445.dump.gz,35882471,35828893,21453155,10331946
http://mawi.nezu.wide.ad.jp/mawi/ditl/ditl2010/201004141515.dump.gz,35183691,35130102,20742284,10211650
http://mawi.nezu.wide.ad.jp/mawi/ditl/ditl2010/201004141530.dump.gz,38932404,38868672,23695340,11004160
http://mawi.nezu.wide.ad.jp/mawi/ditl/ditl2010/201004141545.dump.gz,36476246,36412639,22401487,9966397
http://mawi.nezu.wide.ad.jp/mawi/ditl/ditl2010/201004141600.dump.gz,37934912,37862377,23409765,10283422
http://mawi.nezu.wide.ad.jp/mawi/ditl/ditl2010/201004141615.dump.gz,37137304,37070234,22783146,10261842
http://mawi.nezu.wide.ad.jp/mawi/ditl/ditl2010/201004141630.dump.gz,37409547,37340311,23301774,9879499
http://mawi.nezu.wide.ad.jp/mawi/ditl/ditl2010/201004141645.dump.gz,39994911,39929774,25523124,10061474
http://mawi.nezu.wide.ad.jp/mawi/ditl/ditl2010/201004141700.dump.gz,38759821,38699954,24139989,10152977
http://mawi.nezu.wide.ad.jp/mawi/ditl/ditl2010/201004141715.dump.gz,38325295,38266381,24262991,9803106
http://mawi.nezu.wide.ad.jp/mawi/ditl/ditl2010/201004141730.dump.gz,39561627,39489546,25569937,9756009
http://mawi.nezu.wide.ad.jp/mawi/ditl/ditl2010/201004141745.dump.gz,35967439,35909430,23045306,8944022
http://mawi.nezu.wide.ad.jp/mawi/ditl/ditl2010/201004141800.dump.gz,37096885,37039852,24313155,8243284
http://mawi.nezu.wide.ad.jp/mawi/ditl/ditl2010/201004141815.dump.gz,35690402,35630177,22816101,8538180
http://mawi.nezu.wide.ad.jp/mawi/ditl/ditl2010/201004141830.dump.gz,33161298,33096817,20616766,8254286
http://mawi.nezu.wide.ad.jp/mawi/ditl/ditl2010/201004141845.dump.gz,32838932,32780706,20572131,8069517
http://mawi.nezu.wide.ad.jp/mawi/ditl/ditl2010/201004141900.dump.gz,31819604,31764111,19819347,7920354
http://mawi.nezu.wide.ad.jp/mawi/ditl/ditl2010/201004141915.dump.gz,31200022,31144273,19474391,7694492
http://mawi.nezu.wide.ad.jp/mawi/ditl/ditl2010/201004141930.dump.gz,34205501,34143153,21716052,8517273
http://mawi.nezu.wide.ad.jp/mawi/ditl/ditl2010/201004141945.dump.gz,36612994,36555178,24045289,8433801
http://mawi.nezu.wide.ad.jp/mawi/ditl/ditl2010/201004142000.dump.gz,33414316,33356312,20694296,8597012
http://mawi.nezu.wide.ad.jp/mawi/ditl/ditl2010/201004142015.dump.gz,33920659,33861879,21633153,8153369
http://mawi.nezu.wide.ad.jp/mawi/ditl/ditl2010/201004142030.dump.gz,33780709,33722471,21641723,8174218
http://mawi.nezu.wide.ad.jp/mawi/ditl/ditl2010/201004142045.dump.gz,33975855,33920444,21984643,8350319
http://mawi.nezu.wide.ad.jp/mawi/ditl/ditl2010/201004142100.dump.gz,33552348,33484958,21730803,8049503
http://mawi.nezu.wide.ad.jp/mawi/ditl/ditl2010/201004142115.dump.gz,34076985,34013705,22788579,7819962
http://mawi.nezu.wide.ad.jp/mawi/ditl/ditl2010/201004142130.dump.gz,33538789,33478985,22677563,7332587
http://mawi.nezu.wide.ad.jp/mawi/ditl/ditl2010/201004142145.dump.gz,36954235,36899916,25063840,8387671
http://mawi.nezu.wide.ad.jp/mawi/ditl/ditl2010/201004142200.dump.gz,35056724,34999487,22517697,8756455
http://mawi.nezu.wide.ad.jp/mawi/ditl/ditl2010/201004142215.dump.gz,34571194,34515813,22601935,8365109
http://mawi.nezu.wide.ad.jp/mawi/ditl/ditl2010/201004142230.dump.gz,33554421,33502341,22441374,7650723
http://mawi.nezu.wide.ad.jp/mawi/ditl/ditl2010/201004142245.dump.gz,34037066,33984320,22623299,7756384
http://mawi.nezu.wide.ad.jp/mawi/ditl/ditl2010/201004142300.dump.gz,35035089,34982967,23263392,7863446
http://mawi.nezu.wide.ad.jp/mawi/ditl/ditl2010/201004142315.dump.gz,36611269,36557725,24984024,7933514
http://mawi.nezu.wide.ad.jp/mawi/ditl/ditl2010/201004142330.dump.gz,35213001,35160572,23894360,7804596
http://mawi.nezu.wide.ad.jp/mawi/ditl/ditl2010/201004142345.dump.gz,34575622,34518726,23213083,7966826
http://mawi.nezu.wide.ad.jp/mawi/ditl/ditl2010/201004150000.dump.gz,32066792,32001359,19955289,8336721
http://mawi.nezu.wide.ad.jp/mawi/ditl/ditl2010/201004150015.dump.gz,30923801,30867041,19310314,7751969
http://mawi.nezu.wide.ad.jp/mawi/ditl/ditl2010/201004150030.dump.gz,32140741,32086807,19759613,8372962
http://mawi.nezu.wide.ad.jp/mawi/ditl/ditl2010/201004150045.dump.gz,32110919,32058065,19904998,8229336
http://mawi.nezu.wide.ad.jp/mawi/ditl/ditl2010/201004150100.dump.gz,30332619,30255129,18492850,7959154
http://mawi.nezu.wide.ad.jp/mawi/ditl/ditl2010/201004150115.dump.gz,27766714,27707905,16721731,7536505
http://mawi.nezu.wide.ad.jp/mawi/ditl/ditl2010/201004150130.dump.gz,29545073,29493460,18279295,7609592
http://mawi.nezu.wide.ad.jp/mawi/ditl/ditl2010/201004150145.dump.gz,28617121,28565161,17583554,7380073
http://mawi.nezu.wide.ad.jp/mawi/ditl/ditl2010/201004150200.dump.gz,29500462,29444057,17982224,7870996
http://mawi.nezu.wide.ad.jp/mawi/ditl/ditl2010/201004150215.dump.gz,29142895,29090402,17580765,8008219
http://mawi.nezu.wide.ad.jp/mawi/ditl/ditl2010/201004150230.dump.gz,29329630,29277383,18248811,7545241
http://mawi.nezu.wide.ad.jp/mawi/ditl/ditl2010/201004150245.dump.gz,28983001,28926896,17812688,7501148
http://mawi.nezu.wide.ad.jp/mawi/ditl/ditl2010/201004150300.dump.gz,26807885,26757763,16611157,6708059
http://mawi.nezu.wide.ad.jp/mawi/ditl/ditl2010/201004150315.dump.gz,28340975,28284977,16868210,6950565
http://mawi.nezu.wide.ad.jp/mawi/ditl/ditl2010/201004150330.dump.gz,26826162,26773859,15021576,7062006
http://mawi.nezu.wide.ad.jp/mawi/ditl/ditl2010/201004150345.dump.gz,26281529,26222621,14833290,6875807
http://mawi.nezu.wide.ad.jp/mawi/ditl/ditl2010/201004150400.dump.gz,27227052,27157951,15462865,7125612
http://mawi.nezu.wide.ad.jp/mawi/ditl/ditl2010/201004150415.dump.gz,26827364,26777337,15773630,6742909
http://mawi.nezu.wide.ad.jp/mawi/ditl/ditl2010/201004150430.dump.gz,25353776,25299783,14467984,6888677
http://mawi.nezu.wide.ad.jp/mawi/ditl/ditl2010/201004150445.dump.gz,25547154,25484278,14453849,7154879
http://mawi.nezu.wide.ad.jp/mawi/ditl/ditl2010/201004150500.dump.gz,25969636,25902566,15025230,7076018
http://mawi.nezu.wide.ad.jp/mawi/ditl/ditl2010/201004150515.dump.gz,24594612,24529215,14061456,6721483
http://mawi.nezu.wide.ad.jp/mawi/ditl/ditl2010/201004150530.dump.gz,24989345,24930199,13712405,7321889
http://mawi.nezu.wide.ad.jp/mawi/ditl/ditl2010/201004150545.dump.gz,24283167,24219663,13134443,7216613
http://mawi.nezu.wide.ad.jp/mawi/ditl/ditl2010/201004150600.dump.gz,24271448,24209415,13430912,6520750
http://mawi.nezu.wide.ad.jp/mawi/ditl/ditl2010/201004150615.dump.gz,22576049,22509995,11731388,6776495
http://mawi.nezu.wide.ad.jp/mawi/ditl/ditl2010/201004150630.dump.gz,21948616,21886194,10888774,6718137
http://mawi.nezu.wide.ad.jp/mawi/ditl/ditl2010/201004150645.dump.gz,22115469,22058047,10682200,6852511
http://mawi.nezu.wide.ad.jp/mawi/ditl/ditl2010/201004150700.dump.gz,21916056,21861502,10672165,6789200
http://mawi.nezu.wide.ad.jp/mawi/ditl/ditl2010/201004150715.dump.gz,22426678,22372284,11476322,6596330
http://mawi.nezu.wide.ad.jp/mawi/ditl/ditl2010/201004150730.dump.gz,24949354,24894419,12771888,7717406
http://mawi.nezu.wide.ad.jp/mawi/ditl/ditl2010/201004150745.dump.gz,24265338,24210334,11204329,8360355
http://mawi.nezu.wide.ad.jp/mawi/ditl/ditl2010/201004150800.dump.gz,24704189,24648187,12468093,8171872
http://mawi.nezu.wide.ad.jp/mawi/ditl/ditl2010/201004150815.dump.gz,24174562,24120507,11910351,8612232
http://mawi.nezu.wide.ad.jp/mawi/ditl/ditl2010/201004150830.dump.gz,23802457,23745894,12334236,7696764
http://mawi.nezu.wide.ad.jp/mawi/ditl/ditl2010/201004150845.dump.gz,22749659,22693676,11842876,7341409
http://mawi.nezu.wide.ad.jp/mawi/ditl/ditl2010/201004150900.dump.gz,24164411,24104504,13073992,7365672
http://mawi.nezu.wide.ad.jp/mawi/ditl/ditl2010/201004150915.dump.gz,25799165,25737510,14662334,7528526
http://mawi.nezu.wide.ad.jp/mawi/ditl/ditl2010/201004150930.dump.gz,26419151,26358235,15791985,6947618
http://mawi.nezu.wide.ad.jp/mawi/ditl/ditl2010/201004150945.dump.gz,27680853,27621768,16763367,7313964
http://mawi.nezu.wide.ad.jp/mawi/ditl/ditl2010/201004151000.dump.gz,28733062,28671224,16723162,7905148
http://mawi.nezu.wide.ad.jp/mawi/ditl/ditl2010/201004151015.dump.gz,28665898,28606999,16697652,8027341
http://mawi.nezu.wide.ad.jp/mawi/ditl/ditl2010/201004151030.dump.gz,28583414,28525042,16865803,7773059
http://mawi.nezu.wide.ad.jp/mawi/ditl/ditl2010/201004151045.dump.gz,28923174,28864491,17255239,7836421
http://mawi.nezu.wide.ad.jp/mawi/ditl/ditl2010/201004151100.dump.gz,30069212,30009970,17747759,8139705
http://mawi.nezu.wide.ad.jp/mawi/ditl/ditl2010/201004151115.dump.gz,30380441,30322670,18082504,8349235
http://mawi.nezu.wide.ad.jp/mawi/ditl/ditl2010/201004151130.dump.gz,30740558,30679565,17899386,8777438
http://mawi.nezu.wide.ad.jp/mawi/ditl/ditl2010/201004151145.dump.gz,31110330,31049136,18546927,8662083
http://mawi.nezu.wide.ad.jp/mawi/ditl/ditl2010/201004151200.dump.gz,29765750,29700764,18111043,7652321
http://mawi.nezu.wide.ad.jp/mawi/ditl/ditl2010/201004151215.dump.gz,30193333,30133787,18108537,8056841
http://mawi.nezu.wide.ad.jp/mawi/ditl/ditl2010/201004151230.dump.gz,31948143,31890936,19614872,8289985
http://mawi.nezu.wide.ad.jp/mawi/ditl/ditl2010/201004151245.dump.gz,32649778,32591311,19141515,9607834
http://mawi.nezu.wide.ad.jp/mawi/ditl/ditl2010/201004151300.dump.gz,32139916,32075672,18846349,9376682
http://mawi.nezu.wide.ad.jp/mawi/ditl/ditl2010/201004151315.dump.gz,32902091,32843197,20095306,9095321
http://mawi.nezu.wide.ad.jp/mawi/ditl/ditl2010/201004151330.dump.gz,34905573,34845838,22157980,8926825
http://mawi.nezu.wide.ad.jp/mawi/ditl/ditl2010/201004151345.dump.gz,36228045,36168942,23431106,8800864
http://mawi.nezu.wide.ad.jp/mawi/ditl/ditl2010/201004151400.dump.gz,34670971,34613076,22111248,8840439
http://mawi.nezu.wide.ad.jp/mawi/ditl/ditl2010/201004151415.dump.gz,34206410,34147425,21397227,9018346
http://mawi.nezu.wide.ad.jp/mawi/ditl/ditl2010/201004151430.dump.gz,34996414,34933589,22912164,8350620
http://mawi.nezu.wide.ad.jp/mawi/ditl/ditl2010/201004151445.dump.gz,35929552,35864834,23935830,8419427
http://mawi.nezu.wide.ad.jp/mawi/ditl/ditl2010/201004151500.dump.gz,36108210,36046974,24009454,8592480
http://mawi.nezu.wide.ad.jp/mawi/ditl/ditl2010/201004151515.dump.gz,34390590,34333740,22385926,8279992
http://mawi.nezu.wide.ad.jp/mawi/ditl/ditl2010/201004151530.dump.gz,35432449,35371137,22898889,8807906
http://mawi.nezu.wide.ad.jp/mawi/ditl/ditl2010/201004151545.dump.gz,35592811,35533706,23023501,8708332
http://mawi.nezu.wide.ad.jp/mawi/ditl/ditl2010/201004151600.dump.gz,36267158,36206227,22411505,9625818
http://mawi.nezu.wide.ad.jp/mawi/ditl/ditl2010/201004151615.dump.gz,34944525,34887341,21639748,8883679
http://mawi.nezu.wide.ad.jp/mawi/ditl/ditl2010/201004151630.dump.gz,37535672,37469780,23661359,9605404
http://mawi.nezu.wide.ad.jp/mawi/ditl/ditl2010/201004151645.dump.gz,37429546,37367696,24548362,8858612
http://mawi.nezu.wide.ad.jp/mawi/ditl/ditl2010/201004151700.dump.gz,35680635,35616505,23511498,8187245
http://mawi.nezu.wide.ad.jp/mawi/ditl/ditl2010/201004151715.dump.gz,35313094,35248735,23143251,8428083
http://mawi.nezu.wide.ad.jp/mawi/ditl/ditl2010/201004151730.dump.gz,36604326,36540875,24143909,8515642
http://mawi.nezu.wide.ad.jp/mawi/ditl/ditl2010/201004151745.dump.gz,34444451,34382239,22383951,8288014
http://mawi.nezu.wide.ad.jp/mawi/ditl/ditl2010/201004151800.dump.gz,35315012,35251882,22922163,8227469
http://mawi.nezu.wide.ad.jp/mawi/ditl/ditl2010/201004151815.dump.gz,34811875,34749909,22601805,7605402
http://mawi.nezu.wide.ad.jp/mawi/ditl/ditl2010/201004151830.dump.gz,36478684,36418305,24699524,7753171
http://mawi.nezu.wide.ad.jp/mawi/ditl/ditl2010/201004151845.dump.gz,35330060,35267262,23633867,7624845
http://mawi.nezu.wide.ad.jp/mawi/ditl/ditl2010/201004151900.dump.gz,36189291,36129553,25021190,7023555
http://mawi.nezu.wide.ad.jp/mawi/ditl/ditl2010/201004151915.dump.gz,38987795,38928180,27626169,7206240
http://mawi.nezu.wide.ad.jp/mawi/ditl/ditl2010/201004151930.dump.gz,38256220,38197873,26777154,7617218
http://mawi.nezu.wide.ad.jp/mawi/ditl/ditl2010/201004151945.dump.gz,36178451,36119540,24880215,7733996
http://mawi.nezu.wide.ad.jp/mawi/ditl/ditl2010/201004152000.dump.gz,38114478,38019597,25888699,8208529
http://mawi.nezu.wide.ad.jp/mawi/ditl/ditl2010/201004152015.dump.gz,35365474,35296889,23848393,7692372
http://mawi.nezu.wide.ad.jp/mawi/ditl/ditl2010/201004152030.dump.gz,35497056,35437086,23716110,8142859
http://mawi.nezu.wide.ad.jp/mawi/ditl/ditl2010/201004152045.dump.gz,35379965,35318643,22352741,9268794
http://mawi.nezu.wide.ad.jp/mawi/ditl/ditl2010/201004152100.dump.gz,37086860,37025093,23999376,9141539
http://mawi.nezu.wide.ad.jp/mawi/ditl/ditl2010/201004152115.dump.gz,31948132,31883693,19363158,8725587
http://mawi.nezu.wide.ad.jp/mawi/ditl/ditl2010/201004152130.dump.gz,34330296,34262746,21421146,9028636
http://mawi.nezu.wide.ad.jp/mawi/ditl/ditl2010/201004152145.dump.gz,35262904,35188955,22332654,9021524
http://mawi.nezu.wide.ad.jp/mawi/ditl/ditl2010/201004152200.dump.gz,33905266,33833606,21471462,8479893
http://mawi.nezu.wide.ad.jp/mawi/ditl/ditl2010/201004152215.dump.gz,36156003,36090790,23089516,9079414
http://mawi.nezu.wide.ad.jp/mawi/ditl/ditl2010/201004152230.dump.gz,37640143,37579063,24865590,8556879
http://mawi.nezu.wide.ad.jp/mawi/ditl/ditl2010/201004152245.dump.gz,36231798,36176074,23377579,8704041
http://mawi.nezu.wide.ad.jp/mawi/ditl/ditl2010/201004152300.dump.gz,37437932,37379893,24142599,8889137
http://mawi.nezu.wide.ad.jp/mawi/ditl/ditl2010/201004152315.dump.gz,36304534,36250670,23657843,8488691
http://mawi.nezu.wide.ad.jp/mawi/ditl/ditl2010/201004152330.dump.gz,36108731,36052596,23684429,8354048
http://mawi.nezu.wide.ad.jp/mawi/ditl/ditl2010/201004152345.dump.gz,35464003,35411311,23008701,8482003
http://mawi.nezu.wide.ad.jp/mawi/ditl/ditl2010/201004160000.dump.gz,35554092,35499666,22828167,8426102
http://mawi.nezu.wide.ad.jp/mawi/ditl/ditl2010/201004160015.dump.gz,34914606,34863871,22208541,8479332
http://mawi.nezu.wide.ad.jp/mawi/ditl/ditl2010/201004160030.dump.gz,33947169,33891990,20942423,8967626
http://mawi.nezu.wide.ad.jp/mawi/ditl/ditl2010/201004160045.dump.gz,34971862,34921763,21125710,9867221
http://mawi.nezu.wide.ad.jp/mawi/ditl/ditl2010/201004160100.dump.gz,33223527,33146450,20587042,8556519
http://mawi.nezu.wide.ad.jp/mawi/ditl/ditl2010/201004160115.dump.gz,30931776,30876111,18843358,8460637
http://mawi.nezu.wide.ad.jp/mawi/ditl/ditl2010/201004160130.dump.gz,32362846,32311860,19964395,8509701
http://mawi.nezu.wide.ad.jp/mawi/ditl/ditl2010/201004160145.dump.gz,30761574,30711835,19349988,7676165
http://mawi.nezu.wide.ad.jp/mawi/ditl/ditl2010/201004160200.dump.gz,32281577,32231162,21118372,7246145
http://mawi.nezu.wide.ad.jp/mawi/ditl/ditl2010/201004160215.dump.gz,29294124,29245678,18936248,6773013
http://mawi.nezu.wide.ad.jp/mawi/ditl/ditl2010/201004160230.dump.gz,30744544,30695904,19615320,7277031
http://mawi.nezu.wide.ad.jp/mawi/ditl/ditl2010/201004160245.dump.gz,28521202,28473986,17340882,7422111
http://mawi.nezu.wide.ad.jp/mawi/ditl/ditl2010/201004160300.dump.gz,24708611,24665012,14845552,6327510
http://mawi.nezu.wide.ad.jp/mawi/ditl/ditl2010/201004160315.dump.gz,28880542,28832572,17765440,6786372
http://mawi.nezu.wide.ad.jp/mawi/ditl/ditl2010/201004160330.dump.gz,30311353,30264610,18792269,6934493
http://mawi.nezu.wide.ad.jp/mawi/ditl/ditl2010/201004160345.dump.gz,29061725,29018007,17917220,7078288
http://mawi.nezu.wide.ad.jp/mawi/ditl/ditl2010/201004160400.dump.gz,30117944,30067066,18890028,6996260
http://mawi.nezu.wide.ad.jp/mawi/ditl/ditl2010/201004160415.dump.gz,28688419,28641757,16951124,7425706
http://mawi.nezu.wide.ad.jp/mawi/ditl/ditl2010/201004160430.dump.gz,29017438,28970242,17373246,7469786
http://mawi.nezu.wide.ad.jp/mawi/ditl/ditl2010/201004160445.dump.gz,29116868,29067838,17793599,7078088
http://mawi.nezu.wide.ad.jp/mawi/ditl/ditl2010/201004160500.dump.gz,28768876,28719235,17586682,6838040
http://mawi.nezu.wide.ad.jp/mawi/ditl/ditl2010/201004160515.dump.gz,27551230,27502569,16570259,6737119
http://mawi.nezu.wide.ad.jp/mawi/ditl/ditl2010/201004160530.dump.gz,26759625,26708669,15406801,6742472
http://mawi.nezu.wide.ad.jp/mawi/ditl/ditl2010/201004160545.dump.gz,25398799,25346103,13850469,6850080
http://mawi.nezu.wide.ad.jp/mawi/ditl/ditl2010/201004160600.dump.gz,26582947,26530023,14818864,7059909
http://mawi.nezu.wide.ad.jp/mawi/ditl/ditl2010/201004160615.dump.gz,26637367,26585710,14440197,7497835
http://mawi.nezu.wide.ad.jp/mawi/ditl/ditl2010/201004160630.dump.gz,26595662,26548521,14113907,7597250
http://mawi.nezu.wide.ad.jp/mawi/ditl/ditl2010/201004160645.dump.gz,25850060,25802826,13302504,7537976
http://mawi.nezu.wide.ad.jp/mawi/ditl/ditl2010/201004160700.dump.gz,26649301,26598931,13893244,7407272
http://mawi.nezu.wide.ad.jp/mawi/ditl/ditl2010/201004160715.dump.gz,26619177,26564465,13861535,7576730
http://mawi.nezu.wide.ad.jp/mawi/ditl/ditl2010/201004160730.dump.gz,27229131,27171573,14234201,7715144
http://mawi.nezu.wide.ad.jp/mawi/ditl/ditl2010/201004160745.dump.gz,25590979,25537915,12770998,7811075
http://mawi.nezu.wide.ad.jp/mawi/ditl/ditl2010/201004160800.dump.gz,25410261,25357809,12735937,8071316
http://mawi.nezu.wide.ad.jp/mawi/ditl/ditl2010/201004160815.dump.gz,27737382,27685761,14273899,8701409
http://mawi.nezu.wide.ad.jp/mawi/ditl/ditl2010/201004160830.dump.gz,27681564,27628844,14920154,7822429
http://mawi.nezu.wide.ad.jp/mawi/ditl/ditl2010/201004160845.dump.gz,29498509,29446565,16364242,8102004
http://mawi.nezu.wide.ad.jp/mawi/ditl/ditl2010/201004160900.dump.gz,29638453,29584847,15542803,8542194
http://mawi.nezu.wide.ad.jp/mawi/ditl/ditl2010/201004160915.dump.gz,30184372,30130273,15886223,8947328
http://mawi.nezu.wide.ad.jp/mawi/ditl/ditl2010/201004160930.dump.gz,36333077,36282535,21709586,9380858
http://mawi.nezu.wide.ad.jp/mawi/ditl/ditl2010/201004160945.dump.gz,34993759,34940261,21098683,9022475
http://mawi.nezu.wide.ad.jp/mawi/ditl/ditl2010/201004161000.dump.gz,32174651,32121149,18559131,8776337
http://mawi.nezu.wide.ad.jp/mawi/ditl/ditl2010/201004161015.dump.gz,30210696,30153591,16291844,8930076
http://mawi.nezu.wide.ad.jp/mawi/ditl/ditl2010/201004161030.dump.gz,29809828,29751976,15765283,9143138
http://mawi.nezu.wide.ad.jp/mawi/ditl/ditl2010/201004161045.dump.gz,30540112,30483535,17492760,8964891
