url,total,ip,tcp,udp
http://mawi.nezu.wide.ad.jp/mawi/ditl/ditl201412/201412092345.dump.gz,123721065,118987147,64524277,8940326
http://mawi.nezu.wide.ad.jp/mawi/ditl/ditl201412/201412100000.dump.gz,120710273,117970702,63759284,7693382
http://mawi.nezu.wide.ad.jp/mawi/ditl/ditl201412/201412100015.dump.gz,115790843,113389933,56161730,7957108
http://mawi.nezu.wide.ad.jp/mawi/ditl/ditl201412/201412100030.dump.gz,112943087,109889541,55485181,6674409
http://mawi.nezu.wide.ad.jp/mawi/ditl/ditl201412/201412100045.dump.gz,115229283,111648076,56524790,6199120
http://mawi.nezu.wide.ad.jp/mawi/ditl/ditl201412/201412100100.dump.gz,108921529,106551669,51653063,5239437
http://mawi.nezu.wide.ad.jp/mawi/ditl/ditl201412/201412100115.dump.gz,104582275,101996469,45612860,6351436
http://mawi.nezu.wide.ad.jp/mawi/ditl/ditl201412/201412100130.dump.gz,101167387,98928527,45051288,5341664
http://mawi.nezu.wide.ad.jp/mawi/ditl/ditl201412/201412100145.dump.gz,100835381,98493983,45325635,4742024
http://mawi.nezu.wide.ad.jp/mawi/ditl/ditl201412/201412100200.dump.gz,100158194,98194624,45835115,3258042
http://mawi.nezu.wide.ad.jp/mawi/ditl/ditl201412/201412100215.dump.gz,100286782,98543025,44821659,3625225
http://mawi.nezu.wide.ad.jp/mawi/ditl/ditl201412/201412100230.dump.gz,95264349,93434242,41699102,2487594
http://mawi.nezu.wide.ad.jp/mawi/ditl/ditl201412/201412100245.dump.gz,93823231,92097857,40774302,2682208
http://mawi.nezu.wide.ad.jp/mawi/ditl/ditl201412/201412100300.dump.gz,99490493,96722617,42376839,4674983
http://mawi.nezu.wide.ad.jp/mawi/ditl/ditl201412/201412100315.dump.gz,94353571,91420172,39677896,2983635
http://mawi.nezu.wide.ad.jp/mawi/ditl/ditl201412/201412100330.dump.gz,93423362,89963207,37516526,2391202
http://mawi.nezu.wide.ad.jp/mawi/ditl/ditl201412/201412100345.dump.gz,90673203,86962414,35403770,2374157
http://mawi.nezu.wide.ad.jp/mawi/ditl/ditl201412/201412100400.dump.gz,89029816,85617293,34241800,2683471
http://mawi.nezu.wide.ad.jp/mawi/ditl/ditl201412/201412100415.dump.gz,86100224,83099272,33161814,2158693
http://mawi.nezu.wide.ad.jp/mawi/ditl/ditl201412/201412100430.dump.gz,85744564,82694161,32413438,2426061
http://mawi.nezu.wide.ad.jp/mawi/ditl/ditl201412/201412100445.dump.gz,86741686,83688359,32661706,3413256
http://mawi.nezu.wide.ad.jp/mawi/ditl/ditl201412/201412100500.dump.gz,86218614,83925514,31516899,4158646
http://mawi.nezu.wide.ad.jp/mawi/ditl/ditl201412/201412100515.dump.gz,85239768,82499276,30690476,4399344
http://mawi.nezu.wide.ad.jp/mawi/ditl/ditl201412/201412100530.dump.gz,85049182,80644585,26785728,5164318
http://mawi.nezu.wide.ad.jp/mawi/ditl/ditl201412/201412100545.dump.gz,93971186,89035505,36177586,5197243
http://mawi.nezu.wide.ad.jp/mawi/ditl/ditl201412/201412100600.dump.gz,84228823,79817180,27863056,4143544
http://mawi.nezu.wide.ad.jp/mawi/ditl/ditl201412/201412100615.dump.gz,87608775,84135309,31842613,4011409
http://mawi.nezu.wide.ad.jp/mawi/ditl/ditl201412/201412100630.dump.gz,88351992,83853528,31034429,3651366
http://mawi.nezu.wide.ad.jp/mawi/ditl/ditl201412/201412100645.dump.gz,87501373,82853553,27879702,4348333
http://mawi.nezu.wide.ad.jp/mawi/ditl/ditl201412/201412100700.dump.gz,82891386,80778338,28411242,4290385
http://mawi.nezu.wide.ad.jp/mawi/ditl/ditl201412/201412100715.dump.gz,101630899,100072760,47124690,5529629
http://mawi.nezu.wide.ad.jp/mawi/ditl/ditl201412/201412100730.dump.gz,104531468,101852914,49362674,4902573
http://mawi.nezu.wide.ad.jp/mawi/ditl/ditl201412/201412100745.dump.gz,109859674,104662767,52347077,4343349
http://mawi.nezu.wide.ad.jp/mawi/ditl/ditl201412/201412100800.dump.gz,91450049,86671536,38613713,4735355
http://mawi.nezu.wide.ad.jp/mawi/ditl/ditl201412/201412100815.dump.gz,88663559,85598941,33598568,3682148
http://mawi.nezu.wide.ad.jp/mawi/ditl/ditl201412/201412100830.dump.gz,98184297,92970633,41903913,2452322
http://mawi.nezu.wide.ad.jp/mawi/ditl/ditl201412/201412100845.dump.gz,101203889,97438567,46677632,3953773
http://mawi.nezu.wide.ad.jp/mawi/ditl/ditl201412/201412100900.dump.gz,116396330,109505697,54274866,5210068
http://mawi.nezu.wide.ad.jp/mawi/ditl/ditl201412/201412100915.dump.gz,118965638,110641633,58530616,5497618
http://mawi.nezu.wide.ad.jp/mawi/ditl/ditl201412/201412100930.dump.gz,120522392,114941825,62460116,5736422
http://mawi.nezu.wide.ad.jp/mawi/ditl/ditl201412/201412100945.dump.gz,120658911,114247379,61976370,5157023
http://mawi.nezu.wide.ad.jp/mawi/ditl/ditl201412/201412101000.dump.gz,122905697,114441314,62829962,5925352
http://mawi.nezu.wide.ad.jp/mawi/ditl/ditl201412/201412101015.dump.gz,122586980,113466721,63069589,5406559
http://mawi.nezu.wide.ad.jp/mawi/ditl/ditl201412/201412101030.dump.gz,126306001,120053417,70294554,5294643
http://mawi.nezu.wide.ad.jp/mawi/ditl/ditl201412/201412101045.dump.gz,130490296,124805296,80472295,5313346
http://mawi.nezu.wide.ad.jp/mawi/ditl/ditl201412/201412101100.dump.gz,131790777,126180073,81011150,6001089
http://mawi.nezu.wide.ad.jp/mawi/ditl/ditl201412/201412101115.dump.gz,130603149,122334055,75395056,6182410
http://mawi.nezu.wide.ad.jp/mawi/ditl/ditl201412/201412101130.dump.gz,121669654,113559563,72876595,4119314
http://mawi.nezu.wide.ad.jp/mawi/ditl/ditl201412/201412101145.dump.gz,130516265,122105198,77328588,4229556
http://mawi.nezu.wide.ad.jp/mawi/ditl/ditl201412/201412101200.dump.gz,130562532,121731350,75916169,5217255
http://mawi.nezu.wide.ad.jp/mawi/ditl/ditl201412/201412101215.dump.gz,129107874,120117580,73903033,5219735
http://mawi.nezu.wide.ad.jp/mawi/ditl/ditl201412/201412101230.dump.gz,131471390,121645195,77975574,6255009
http://mawi.nezu.wide.ad.jp/mawi/ditl/ditl201412/201412101245.dump.gz,130454579,122639491,78439270,5013551
http://mawi.nezu.wide.ad.jp/mawi/ditl/ditl201412/201412101300.dump.gz,129961901,121852533,79689364,5997315
http://mawi.nezu.wide.ad.jp/mawi/ditl/ditl201412/201412101315.dump.gz,131803451,121313793,81018608,4904821
http://mawi.nezu.wide.ad.jp/mawi/ditl/ditl201412/201412101330.dump.gz,129129368,119517173,76261144,5807845
http://mawi.nezu.wide.ad.jp/mawi/ditl/ditl201412/201412101345.dump.gz,130729969,123981155,77271161,4824226
http://mawi.nezu.wide.ad.jp/mawi/ditl/ditl201412/201412101400.dump.gz,130821885,122859190,81701136,4862454
http://mawi.nezu.wide.ad.jp/mawi/ditl/ditl201412/201412101415.dump.gz,130578191,122545675,77102907,5184372
http://mawi.nezu.wide.ad.jp/mawi/ditl/ditl201412/201412101430.dump.gz,127083857,117538735,76498237,4797850
http://mawi.nezu.wide.ad.jp/mawi/ditl/ditl201412/201412101445.dump.gz,123896077,115971089,78175158,4870880
http://mawi.nezu.wide.ad.jp/mawi/ditl/ditl201412/201412101500.dump.gz,122870815,115347548,79971686,4582394
http://mawi.nezu.wide.ad.jp/mawi/ditl/ditl201412/201412101515.dump.gz,119266907,113056832,76988352,4117455
http://mawi.nezu.wide.ad.jp/mawi/ditl/ditl201412/201412101530.dump.gz,119758829,112711400,73297170,4538411
http://mawi.nezu.wide.ad.jp/mawi/ditl/ditl201412/201412101545.dump.gz,128072801,121082997,77957541,4557618
http://mawi.nezu.wide.ad.jp/mawi/ditl/ditl201412/201412101600.dump.gz,130378180,119852869,80285207,4322085
http://mawi.nezu.wide.ad.jp/mawi/ditl/ditl201412/201412101615.dump.gz,130436833,121211113,76701658,4418577
http://mawi.nezu.wide.ad.jp/mawi/ditl/ditl201412/201412101630.dump.gz,131045040,122139291,76513807,4004076
http://mawi.nezu.wide.ad.jp/mawi/ditl/ditl201412/201412101645.dump.gz,130363235,121642799,79053822,3009268
http://mawi.nezu.wide.ad.jp/mawi/ditl/ditl201412/201412101700.dump.gz,131306473,124343120,79927610,3104934
http://mawi.nezu.wide.ad.jp/mawi/ditl/ditl201412/201412101715.dump.gz,128663264,120187741,75530238,3830695
http://mawi.nezu.wide.ad.jp/mawi/ditl/ditl201412/201412101730.dump.gz,127927654,120129470,73580617,4999219
http://mawi.nezu.wide.ad.jp/mawi/ditl/ditl201412/201412101745.dump.gz,128530542,118042361,71159886,5612137
http://mawi.nezu.wide.ad.jp/mawi/ditl/ditl201412/201412101800.dump.gz,121977792,111227021,70411959,3579598
http://mawi.nezu.wide.ad.jp/mawi/ditl/ditl201412/201412101815.dump.gz,126034894,117137628,69100719,4465334
http://mawi.nezu.wide.ad.jp/mawi/ditl/ditl201412/201412101830.dump.gz,128149689,119280374,63277455,4092540
http://mawi.nezu.wide.ad.jp/mawi/ditl/ditl201412/201412101845.dump.gz,128917864,122138883,68535312,5344783
http://mawi.nezu.wide.ad.jp/mawi/ditl/ditl201412/201412101900.dump.gz,124215572,118576751,65730333,4776204
http://mawi.nezu.wide.ad.jp/mawi/ditl/ditl201412/201412101915.dump.gz,126407710,119774962,69117279,5412093
http://mawi.nezu.wide.ad.jp/mawi/ditl/ditl201412/201412101930.dump.gz,126359218,118491942,66955368,5635473
http://mawi.nezu.wide.ad.jp/mawi/ditl/ditl201412/201412101945.dump.gz,125196314,117923287,66639647,5747129
http://mawi.nezu.wide.ad.jp/mawi/ditl/ditl201412/201412102000.dump.gz,126808998,119721385,67990572,7169593
http://mawi.nezu.wide.ad.jp/mawi/ditl/ditl201412/201412102015.dump.gz,129422973,124407835,75728253,7315526
http://mawi.nezu.wide.ad.jp/mawi/ditl/ditl201412/201412102030.dump.gz,126828522,121338067,70609550,7859287
http://mawi.nezu.wide.ad.jp/mawi/ditl/ditl201412/201412102045.dump.gz,126333396,120479153,68238990,9267916
http://mawi.nezu.wide.ad.jp/mawi/ditl/ditl201412/201412102100.dump.gz,127085840,121794466,69941099,9257911
http://mawi.nezu.wide.ad.jp/mawi/ditl/ditl201412/201412102115.dump.gz,130180110,123557577,74830985,6676944
http://mawi.nezu.wide.ad.jp/mawi/ditl/ditl201412/201412102130.dump.gz,129922858,122868912,76660443,5866344
http://mawi.nezu.wide.ad.jp/mawi/ditl/ditl201412/201412102145.dump.gz,127729819,122160124,74323004,4632466
http://mawi.nezu.wide.ad.jp/mawi/ditl/ditl201412/201412102200.dump.gz,126675070,121100670,71413419,5184185
http://mawi.nezu.wide.ad.jp/mawi/ditl/ditl201412/201412102215.dump.gz,126670341,121351787,71898325,5167607
http://mawi.nezu.wide.ad.jp/mawi/ditl/ditl201412/201412102230.dump.gz,125150409,121318559,70588670,6655270
http://mawi.nezu.wide.ad.jp/mawi/ditl/ditl201412/201412102245.dump.gz,124394802,121013943,69956678,6120484
http://mawi.nezu.wide.ad.jp/mawi/ditl/ditl201412/201412102300.dump.gz,127760666,123839232,74201923,4804582
http://mawi.nezu.wide.ad.jp/mawi/ditl/ditl201412/201412102315.dump.gz,126195393,120193607,73758047,5189264
http://mawi.nezu.wide.ad.jp/mawi/ditl/ditl201412/201412102330.dump.gz,125198369,118739934,69804166,4745537
http://mawi.nezu.wide.ad.jp/mawi/ditl/ditl201412/201412102345.dump.gz,123505450,117342071,65643235,5967017
