url,total,ip,tcp,udp
http://mawi.nezu.wide.ad.jp/mawi/ditl/ditl2012/201203292345.dump.gz,36949701,36593702,29801973,3282723
http://mawi.nezu.wide.ad.jp/mawi/ditl/ditl2012/201203300000.dump.gz,37661325,37439197,30806865,3026339
http://mawi.nezu.wide.ad.jp/mawi/ditl/ditl2012/201203300015.dump.gz,38734068,38273143,31434194,3294346
http://mawi.nezu.wide.ad.jp/mawi/ditl/ditl2012/201203300030.dump.gz,38143104,37925019,31498412,3202068
http://mawi.nezu.wide.ad.jp/mawi/ditl/ditl2012/201203300045.dump.gz,39814737,39568617,33167283,3373000
http://mawi.nezu.wide.ad.jp/mawi/ditl/ditl2012/201203300100.dump.gz,37304952,35654163,28678749,3411080
http://mawi.nezu.wide.ad.jp/mawi/ditl/ditl2012/201203300115.dump.gz,39346225,35593478,28955626,3258622
http://mawi.nezu.wide.ad.jp/mawi/ditl/ditl2012/201203300130.dump.gz,36825830,36103446,28546627,3985481
http://mawi.nezu.wide.ad.jp/mawi/ditl/ditl2012/201203300145.dump.gz,34842687,34107514,27437284,3031786
http://mawi.nezu.wide.ad.jp/mawi/ditl/ditl2012/201203300200.dump.gz,35167331,34568809,28123379,3061463
http://mawi.nezu.wide.ad.jp/mawi/ditl/ditl2012/201203300215.dump.gz,34781972,33765758,27210349,3147176
http://mawi.nezu.wide.ad.jp/mawi/ditl/ditl2012/201203300230.dump.gz,30377252,29621672,22709643,3362926
http://mawi.nezu.wide.ad.jp/mawi/ditl/ditl2012/201203300245.dump.gz,30355041,29726980,23293240,2804368
http://mawi.nezu.wide.ad.jp/mawi/ditl/ditl2012/201203300300.dump.gz,26808386,26291402,21016349,2388472
http://mawi.nezu.wide.ad.jp/mawi/ditl/ditl2012/201203300315.dump.gz,27549823,26554748,20947602,2649025
http://mawi.nezu.wide.ad.jp/mawi/ditl/ditl2012/201203300330.dump.gz,28078324,27855868,21854318,3024285
http://mawi.nezu.wide.ad.jp/mawi/ditl/ditl2012/201203300345.dump.gz,26911200,26661641,20187513,3431578
http://mawi.nezu.wide.ad.jp/mawi/ditl/ditl2012/201203300400.dump.gz,27634750,27319354,20303831,3611765
http://mawi.nezu.wide.ad.jp/mawi/ditl/ditl2012/201203300415.dump.gz,28672791,28005900,21758424,2830684
http://mawi.nezu.wide.ad.jp/mawi/ditl/ditl2012/201203300430.dump.gz,25320778,24829497,18864342,2784265
http://mawi.nezu.wide.ad.jp/mawi/ditl/ditl2012/201203300445.dump.gz,26277860,25820601,19712620,2783537
http://mawi.nezu.wide.ad.jp/mawi/ditl/ditl2012/201203300500.dump.gz,27772726,27458122,21672956,2798577
http://mawi.nezu.wide.ad.jp/mawi/ditl/ditl2012/201203300515.dump.gz,26921185,26638376,21138803,2351938
http://mawi.nezu.wide.ad.jp/mawi/ditl/ditl2012/201203300530.dump.gz,26965031,26758068,21096095,2430698
http://mawi.nezu.wide.ad.jp/mawi/ditl/ditl2012/201203300545.dump.gz,28911596,28722659,22775932,2557148
http://mawi.nezu.wide.ad.jp/mawi/ditl/ditl2012/201203300600.dump.gz,30823712,30670864,24605195,2791884
http://mawi.nezu.wide.ad.jp/mawi/ditl/ditl2012/201203300615.dump.gz,34678999,33955260,27480174,3272354
http://mawi.nezu.wide.ad.jp/mawi/ditl/ditl2012/201203300630.dump.gz,34535875,33511695,26979175,2839718
http://mawi.nezu.wide.ad.jp/mawi/ditl/ditl2012/201203300645.dump.gz,35695495,35089131,28723324,3390087
http://mawi.nezu.wide.ad.jp/mawi/ditl/ditl2012/201203300700.dump.gz,31902238,30716530,24536866,2843601
http://mawi.nezu.wide.ad.jp/mawi/ditl/ditl2012/201203300715.dump.gz,29638144,28760270,22913147,2770905
http://mawi.nezu.wide.ad.jp/mawi/ditl/ditl2012/201203300730.dump.gz,28229065,27384806,21368042,2839264
http://mawi.nezu.wide.ad.jp/mawi/ditl/ditl2012/201203300745.dump.gz,29970522,29331372,23335570,2758079
http://mawi.nezu.wide.ad.jp/mawi/ditl/ditl2012/201203300800.dump.gz,30107233,29237777,21277889,4165662
http://mawi.nezu.wide.ad.jp/mawi/ditl/ditl2012/201203300815.dump.gz,28595937,28013331,21136221,3097403
http://mawi.nezu.wide.ad.jp/mawi/ditl/ditl2012/201203300830.dump.gz,27446638,27281752,20999041,2795851
http://mawi.nezu.wide.ad.jp/mawi/ditl/ditl2012/201203300845.dump.gz,26851811,26675477,20479240,2624814
http://mawi.nezu.wide.ad.jp/mawi/ditl/ditl2012/201203300900.dump.gz,27136905,26975110,20817041,2692429
http://mawi.nezu.wide.ad.jp/mawi/ditl/ditl2012/201203300915.dump.gz,28543274,28295545,22553434,2638158
http://mawi.nezu.wide.ad.jp/mawi/ditl/ditl2012/201203300930.dump.gz,28994889,28788458,21839174,2756587
http://mawi.nezu.wide.ad.jp/mawi/ditl/ditl2012/201203300945.dump.gz,33877662,33599362,26987718,2838700
http://mawi.nezu.wide.ad.jp/mawi/ditl/ditl2012/201203301000.dump.gz,33795148,31620590,23835377,3046168
http://mawi.nezu.wide.ad.jp/mawi/ditl/ditl2012/201203301015.dump.gz,35388382,34953899,27884277,3168415
http://mawi.nezu.wide.ad.jp/mawi/ditl/ditl2012/201203301030.dump.gz,32065097,31656195,24357017,3139902
http://mawi.nezu.wide.ad.jp/mawi/ditl/ditl2012/201203301045.dump.gz,31096211,30687077,23986896,2961521
http://mawi.nezu.wide.ad.jp/mawi/ditl/ditl2012/201203301100.dump.gz,32038755,31614184,24343638,3118813
http://mawi.nezu.wide.ad.jp/mawi/ditl/ditl2012/201203301115.dump.gz,31079029,29482984,21894608,2945016
http://mawi.nezu.wide.ad.jp/mawi/ditl/ditl2012/201203301130.dump.gz,33086537,32161411,25064616,2938887
http://mawi.nezu.wide.ad.jp/mawi/ditl/ditl2012/201203301145.dump.gz,31414734,30898175,24275634,2927086
http://mawi.nezu.wide.ad.jp/mawi/ditl/ditl2012/201203301200.dump.gz,30238356,29713098,23092398,3366719
http://mawi.nezu.wide.ad.jp/mawi/ditl/ditl2012/201203301215.dump.gz,27836703,27347343,20746545,3224225
http://mawi.nezu.wide.ad.jp/mawi/ditl/ditl2012/201203301230.dump.gz,25248668,24730603,18319481,2874580
http://mawi.nezu.wide.ad.jp/mawi/ditl/ditl2012/201203301245.dump.gz,26838718,26345141,19523084,3199862
http://mawi.nezu.wide.ad.jp/mawi/ditl/ditl2012/201203301300.dump.gz,30531813,29371993,22536281,2923432
http://mawi.nezu.wide.ad.jp/mawi/ditl/ditl2012/201203301315.dump.gz,35921352,34513599,27610568,3020696
http://mawi.nezu.wide.ad.jp/mawi/ditl/ditl2012/201203301330.dump.gz,35285097,34327385,27629538,3018408
http://mawi.nezu.wide.ad.jp/mawi/ditl/ditl2012/201203301345.dump.gz,36807770,33537548,26996579,2958185
http://mawi.nezu.wide.ad.jp/mawi/ditl/ditl2012/201203301400.dump.gz,37587830,35164363,26925744,4368409
http://mawi.nezu.wide.ad.jp/mawi/ditl/ditl2012/201203301415.dump.gz,34858030,34398297,27206671,3320692
http://mawi.nezu.wide.ad.jp/mawi/ditl/ditl2012/201203301430.dump.gz,32842308,32550166,26245567,2954106
http://mawi.nezu.wide.ad.jp/mawi/ditl/ditl2012/201203301445.dump.gz,33449174,33102393,26531438,2895729
http://mawi.nezu.wide.ad.jp/mawi/ditl/ditl2012/201203301500.dump.gz,33435377,33222357,26798924,2886654
http://mawi.nezu.wide.ad.jp/mawi/ditl/ditl2012/201203301515.dump.gz,32683188,32422289,25920916,3172553
http://mawi.nezu.wide.ad.jp/mawi/ditl/ditl2012/201203301530.dump.gz,35583492,35348695,28139012,3619353
http://mawi.nezu.wide.ad.jp/mawi/ditl/ditl2012/201203301545.dump.gz,32994743,32708660,26110870,3127775
http://mawi.nezu.wide.ad.jp/mawi/ditl/ditl2012/201203301600.dump.gz,35846046,35586824,29117085,3262092
http://mawi.nezu.wide.ad.jp/mawi/ditl/ditl2012/201203301615.dump.gz,37413088,36896816,30357512,3376661
http://mawi.nezu.wide.ad.jp/mawi/ditl/ditl2012/201203301630.dump.gz,34885800,34405037,27686997,3676963
http://mawi.nezu.wide.ad.jp/mawi/ditl/ditl2012/201203301645.dump.gz,40557758,40080897,32892165,3540200
http://mawi.nezu.wide.ad.jp/mawi/ditl/ditl2012/201203301700.dump.gz,45236814,44739680,38152655,3215382
http://mawi.nezu.wide.ad.jp/mawi/ditl/ditl2012/201203301715.dump.gz,40855589,40416037,33738981,3364071
http://mawi.nezu.wide.ad.jp/mawi/ditl/ditl2012/201203301730.dump.gz,40754218,40265481,33125822,3394905
http://mawi.nezu.wide.ad.jp/mawi/ditl/ditl2012/201203301745.dump.gz,38032582,37559899,30448998,3336025
http://mawi.nezu.wide.ad.jp/mawi/ditl/ditl2012/201203301800.dump.gz,38203157,37787209,30778090,3118174
http://mawi.nezu.wide.ad.jp/mawi/ditl/ditl2012/201203301815.dump.gz,35706431,35033876,28163194,3050381
http://mawi.nezu.wide.ad.jp/mawi/ditl/ditl2012/201203301830.dump.gz,36956638,36521917,29818450,2873048
http://mawi.nezu.wide.ad.jp/mawi/ditl/ditl2012/201203301845.dump.gz,41420689,41012464,34180361,3048827
http://mawi.nezu.wide.ad.jp/mawi/ditl/ditl2012/201203301900.dump.gz,41267930,40244911,32552296,3543892
http://mawi.nezu.wide.ad.jp/mawi/ditl/ditl2012/201203301915.dump.gz,40237371,37556317,28254780,4507392
http://mawi.nezu.wide.ad.jp/mawi/ditl/ditl2012/201203301930.dump.gz,38226999,37816728,30617170,3411126
http://mawi.nezu.wide.ad.jp/mawi/ditl/ditl2012/201203301945.dump.gz,34583255,34113177,26444090,3643285
http://mawi.nezu.wide.ad.jp/mawi/ditl/ditl2012/201203302000.dump.gz,30910688,30413862,22947202,3673241
http://mawi.nezu.wide.ad.jp/mawi/ditl/ditl2012/201203302015.dump.gz,32900325,32564258,25142297,3688488
http://mawi.nezu.wide.ad.jp/mawi/ditl/ditl2012/201203302030.dump.gz,33992607,33744142,26668402,3358504
http://mawi.nezu.wide.ad.jp/mawi/ditl/ditl2012/201203302045.dump.gz,37363685,37113321,27993192,5640436
http://mawi.nezu.wide.ad.jp/mawi/ditl/ditl2012/201203302100.dump.gz,33841887,33569097,24576922,5451717
http://mawi.nezu.wide.ad.jp/mawi/ditl/ditl2012/201203302115.dump.gz,37513603,36732729,28722810,4564915
http://mawi.nezu.wide.ad.jp/mawi/ditl/ditl2012/201203302130.dump.gz,31523914,31235854,23619940,3939865
http://mawi.nezu.wide.ad.jp/mawi/ditl/ditl2012/201203302145.dump.gz,28857022,28593039,21475623,3354053
http://mawi.nezu.wide.ad.jp/mawi/ditl/ditl2012/201203302200.dump.gz,29769615,29493634,22232739,3642361
http://mawi.nezu.wide.ad.jp/mawi/ditl/ditl2012/201203302215.dump.gz,34743936,33992321,26557368,3577836
http://mawi.nezu.wide.ad.jp/mawi/ditl/ditl2012/201203302230.dump.gz,38484130,37965009,30427961,3560402
http://mawi.nezu.wide.ad.jp/mawi/ditl/ditl2012/201203302245.dump.gz,39202125,38422347,30204246,3709359
http://mawi.nezu.wide.ad.jp/mawi/ditl/ditl2012/201203302300.dump.gz,38304965,37635627,28127985,4507576
http://mawi.nezu.wide.ad.jp/mawi/ditl/ditl2012/201203302315.dump.gz,41667261,41071586,32610991,4121246
http://mawi.nezu.wide.ad.jp/mawi/ditl/ditl2012/201203302330.dump.gz,33900896,33594561,25000923,4005948
http://mawi.nezu.wide.ad.jp/mawi/ditl/ditl2012/201203302345.dump.gz,30929908,30587925,22436467,4144077
http://mawi.nezu.wide.ad.jp/mawi/ditl/ditl2012/201203310000.dump.gz,31902344,31598204,23192440,4218574
http://mawi.nezu.wide.ad.jp/mawi/ditl/ditl2012/201203310015.dump.gz,34739212,34435992,25931150,4585997
http://mawi.nezu.wide.ad.jp/mawi/ditl/ditl2012/201203310030.dump.gz,39199207,38972423,31176678,3723861
http://mawi.nezu.wide.ad.jp/mawi/ditl/ditl2012/201203310045.dump.gz,30201804,29992765,22764447,3545073
http://mawi.nezu.wide.ad.jp/mawi/ditl/ditl2012/201203310100.dump.gz,34970444,33419102,25728179,3699513
http://mawi.nezu.wide.ad.jp/mawi/ditl/ditl2012/201203310115.dump.gz,37932571,32998344,24876439,4381489
http://mawi.nezu.wide.ad.jp/mawi/ditl/ditl2012/201203310130.dump.gz,30839566,30299817,23458132,3133089
http://mawi.nezu.wide.ad.jp/mawi/ditl/ditl2012/201203310145.dump.gz,26230060,26086454,19907171,3198959
http://mawi.nezu.wide.ad.jp/mawi/ditl/ditl2012/201203310200.dump.gz,31616022,31438178,24711133,3471599
http://mawi.nezu.wide.ad.jp/mawi/ditl/ditl2012/201203310215.dump.gz,27198741,26792471,20918416,2885076
http://mawi.nezu.wide.ad.jp/mawi/ditl/ditl2012/201203310230.dump.gz,24237620,24002948,18354295,2717551
http://mawi.nezu.wide.ad.jp/mawi/ditl/ditl2012/201203310245.dump.gz,22480632,22319732,16042866,3076334
http://mawi.nezu.wide.ad.jp/mawi/ditl/ditl2012/201203310300.dump.gz,27548568,27412650,21528848,2730822
http://mawi.nezu.wide.ad.jp/mawi/ditl/ditl2012/201203310315.dump.gz,25984225,24952748,18593352,3085390
http://mawi.nezu.wide.ad.jp/mawi/ditl/ditl2012/201203310330.dump.gz,24274788,23966952,15329540,5637012
http://mawi.nezu.wide.ad.jp/mawi/ditl/ditl2012/201203310345.dump.gz,23563883,22119282,13897197,5326125
http://mawi.nezu.wide.ad.jp/mawi/ditl/ditl2012/201203310400.dump.gz,22736968,22417624,14771176,4621103
http://mawi.nezu.wide.ad.jp/mawi/ditl/ditl2012/201203310415.dump.gz,19382581,19156630,13060269,3839986
http://mawi.nezu.wide.ad.jp/mawi/ditl/ditl2012/201203310430.dump.gz,22073436,21885150,14223799,4809536
http://mawi.nezu.wide.ad.jp/mawi/ditl/ditl2012/201203310445.dump.gz,23955972,23788713,15714886,5198954
http://mawi.nezu.wide.ad.jp/mawi/ditl/ditl2012/201203310500.dump.gz,24696171,24495333,16680966,4576978
http://mawi.nezu.wide.ad.jp/mawi/ditl/ditl2012/201203310515.dump.gz,24248013,23879438,17048915,3885450
http://mawi.nezu.wide.ad.jp/mawi/ditl/ditl2012/201203310530.dump.gz,23359292,23185228,15250828,4715442
http://mawi.nezu.wide.ad.jp/mawi/ditl/ditl2012/201203310545.dump.gz,21093702,20942935,12831470,4953138
http://mawi.nezu.wide.ad.jp/mawi/ditl/ditl2012/201203310600.dump.gz,20295114,20187598,12935059,4077763
http://mawi.nezu.wide.ad.jp/mawi/ditl/ditl2012/201203310615.dump.gz,18202630,18072865,11522900,3505421
http://mawi.nezu.wide.ad.jp/mawi/ditl/ditl2012/201203310630.dump.gz,19442816,19146599,12257951,3719360
http://mawi.nezu.wide.ad.jp/mawi/ditl/ditl2012/201203310645.dump.gz,19730155,19647954,13621721,3103819
http://mawi.nezu.wide.ad.jp/mawi/ditl/ditl2012/201203310700.dump.gz,23806948,22877618,15320745,4363114
http://mawi.nezu.wide.ad.jp/mawi/ditl/ditl2012/201203310715.dump.gz,24969986,23995562,16353158,4128165
http://mawi.nezu.wide.ad.jp/mawi/ditl/ditl2012/201203310730.dump.gz,25573283,24853448,17083670,3887826
http://mawi.nezu.wide.ad.jp/mawi/ditl/ditl2012/201203310745.dump.gz,24544560,23626137,16165409,3600397
http://mawi.nezu.wide.ad.jp/mawi/ditl/ditl2012/201203310800.dump.gz,24394867,24131111,17610877,3623576
http://mawi.nezu.wide.ad.jp/mawi/ditl/ditl2012/201203310815.dump.gz,25295610,24969760,19308467,2776221
http://mawi.nezu.wide.ad.jp/mawi/ditl/ditl2012/201203310830.dump.gz,25922484,24873228,18611810,2890913
http://mawi.nezu.wide.ad.jp/mawi/ditl/ditl2012/201203310845.dump.gz,23558525,23420434,17381064,3110968
http://mawi.nezu.wide.ad.jp/mawi/ditl/ditl2012/201203310900.dump.gz,23033512,22918527,17053624,2865848
http://mawi.nezu.wide.ad.jp/mawi/ditl/ditl2012/201203310915.dump.gz,24437457,24217063,17336382,3407353
http://mawi.nezu.wide.ad.jp/mawi/ditl/ditl2012/201203310930.dump.gz,27674181,27517897,19399926,4618289
http://mawi.nezu.wide.ad.jp/mawi/ditl/ditl2012/201203310945.dump.gz,25890372,25717114,18319393,3681814
http://mawi.nezu.wide.ad.jp/mawi/ditl/ditl2012/201203311000.dump.gz,29828438,29682637,21227527,4841641
http://mawi.nezu.wide.ad.jp/mawi/ditl/ditl2012/201203311015.dump.gz,37680270,37532475,30687151,3402083
http://mawi.nezu.wide.ad.jp/mawi/ditl/ditl2012/201203311030.dump.gz,27656716,27526618,20846316,3558249
http://mawi.nezu.wide.ad.jp/mawi/ditl/ditl2012/201203311045.dump.gz,26055155,25931199,19722079,3206624
http://mawi.nezu.wide.ad.jp/mawi/ditl/ditl2012/201203311100.dump.gz,28197744,28054213,21967565,3094734
http://mawi.nezu.wide.ad.jp/mawi/ditl/ditl2012/201203311115.dump.gz,29185235,29043829,22661071,3249048
http://mawi.nezu.wide.ad.jp/mawi/ditl/ditl2012/201203311130.dump.gz,30960698,30832318,23759091,3264933
http://mawi.nezu.wide.ad.jp/mawi/ditl/ditl2012/201203311145.dump.gz,27826897,27696603,20934057,3102284
http://mawi.nezu.wide.ad.jp/mawi/ditl/ditl2012/201203311200.dump.gz,28155040,28031854,21666242,3131125
http://mawi.nezu.wide.ad.jp/mawi/ditl/ditl2012/201203311215.dump.gz,39573702,39409012,28931468,6697353
http://mawi.nezu.wide.ad.jp/mawi/ditl/ditl2012/201203311230.dump.gz,33253638,33080001,22021059,7098359
http://mawi.nezu.wide.ad.jp/mawi/ditl/ditl2012/201203311245.dump.gz,37333615,33764973,20476098,8337932
http://mawi.nezu.wide.ad.jp/mawi/ditl/ditl2012/201203311300.dump.gz,36570187,32024084,24048758,3308692
http://mawi.nezu.wide.ad.jp/mawi/ditl/ditl2012/201203311315.dump.gz,35063954,30580816,23873421,2924880
http://mawi.nezu.wide.ad.jp/mawi/ditl/ditl2012/201203311330.dump.gz,36408447,34221923,27457145,3100821
http://mawi.nezu.wide.ad.jp/mawi/ditl/ditl2012/201203311345.dump.gz,33735250,33382455,26653105,3388221
http://mawi.nezu.wide.ad.jp/mawi/ditl/ditl2012/201203311400.dump.gz,34340109,34103915,27303085,3028556
http://mawi.nezu.wide.ad.jp/mawi/ditl/ditl2012/201203311415.dump.gz,33337636,33177374,26515138,3122507
http://mawi.nezu.wide.ad.jp/mawi/ditl/ditl2012/201203311430.dump.gz,32300088,31672074,25327551,2870443
http://mawi.nezu.wide.ad.jp/mawi/ditl/ditl2012/201203311445.dump.gz,36524915,35875680,28460373,3508088
http://mawi.nezu.wide.ad.jp/mawi/ditl/ditl2012/201203311500.dump.gz,38166470,37418182,29642200,3893438
http://mawi.nezu.wide.ad.jp/mawi/ditl/ditl2012/201203311515.dump.gz,41245244,41001961,32778077,4505948
http://mawi.nezu.wide.ad.jp/mawi/ditl/ditl2012/201203311530.dump.gz,36758637,36580618,29656715,3297544
http://mawi.nezu.wide.ad.jp/mawi/ditl/ditl2012/201203311545.dump.gz,32562244,32392631,25309901,3318899
http://mawi.nezu.wide.ad.jp/mawi/ditl/ditl2012/201203311600.dump.gz,30533050,30361152,23543961,3415867
http://mawi.nezu.wide.ad.jp/mawi/ditl/ditl2012/201203311615.dump.gz,32708183,32510352,26167655,3033397
http://mawi.nezu.wide.ad.jp/mawi/ditl/ditl2012/201203311630.dump.gz,37285421,37120359,30270647,3118431
http://mawi.nezu.wide.ad.jp/mawi/ditl/ditl2012/201203311645.dump.gz,35307535,35170136,28312781,2979473
http://mawi.nezu.wide.ad.jp/mawi/ditl/ditl2012/201203311700.dump.gz,35578242,35360626,28345095,3220578
http://mawi.nezu.wide.ad.jp/mawi/ditl/ditl2012/201203311715.dump.gz,34814907,34649642,26944771,3268710
http://mawi.nezu.wide.ad.jp/mawi/ditl/ditl2012/201203311730.dump.gz,35716090,35523134,28089677,3317269
http://mawi.nezu.wide.ad.jp/mawi/ditl/ditl2012/201203311745.dump.gz,32316952,32079269,24370876,3408119
http://mawi.nezu.wide.ad.jp/mawi/ditl/ditl2012/201203311800.dump.gz,35844052,35671762,28305292,3313238
http://mawi.nezu.wide.ad.jp/mawi/ditl/ditl2012/201203311815.dump.gz,29114328,28690937,21748876,3145631
http://mawi.nezu.wide.ad.jp/mawi/ditl/ditl2012/201203311830.dump.gz,31404242,31208174,23516714,3785871
http://mawi.nezu.wide.ad.jp/mawi/ditl/ditl2012/201203311845.dump.gz,29525486,29296586,21822025,3464256
http://mawi.nezu.wide.ad.jp/mawi/ditl/ditl2012/201203311900.dump.gz,32150242,31368957,24185233,3030602
http://mawi.nezu.wide.ad.jp/mawi/ditl/ditl2012/201203311915.dump.gz,33927159,32714965,25115282,3011669
http://mawi.nezu.wide.ad.jp/mawi/ditl/ditl2012/201203311930.dump.gz,30554583,30052812,22002645,3792531
http://mawi.nezu.wide.ad.jp/mawi/ditl/ditl2012/201203311945.dump.gz,33813263,33460837,20433758,8696554
http://mawi.nezu.wide.ad.jp/mawi/ditl/ditl2012/201203312000.dump.gz,32160574,31692718,20179110,7175229
http://mawi.nezu.wide.ad.jp/mawi/ditl/ditl2012/201203312015.dump.gz,28562592,27739929,18993282,4138512
http://mawi.nezu.wide.ad.jp/mawi/ditl/ditl2012/201203312030.dump.gz,30118566,29521351,20342584,4566993
http://mawi.nezu.wide.ad.jp/mawi/ditl/ditl2012/201203312045.dump.gz,32892356,32293522,23688357,4177257
http://mawi.nezu.wide.ad.jp/mawi/ditl/ditl2012/201203312100.dump.gz,32560772,31929212,23548835,4269547
http://mawi.nezu.wide.ad.jp/mawi/ditl/ditl2012/201203312115.dump.gz,37131220,36494471,26913084,5655746
http://mawi.nezu.wide.ad.jp/mawi/ditl/ditl2012/201203312130.dump.gz,32518344,32242423,22397391,5992058
http://mawi.nezu.wide.ad.jp/mawi/ditl/ditl2012/201203312145.dump.gz,27676063,27425607,19779629,3709595
http://mawi.nezu.wide.ad.jp/mawi/ditl/ditl2012/201203312200.dump.gz,28231548,27997801,19783093,4262328
http://mawi.nezu.wide.ad.jp/mawi/ditl/ditl2012/201203312215.dump.gz,33929644,33650986,25981116,4054264
http://mawi.nezu.wide.ad.jp/mawi/ditl/ditl2012/201203312230.dump.gz,35136044,34864607,26368869,4731635
http://mawi.nezu.wide.ad.jp/mawi/ditl/ditl2012/201203312245.dump.gz,30876263,30629388,21188980,5483281
http://mawi.nezu.wide.ad.jp/mawi/ditl/ditl2012/201203312300.dump.gz,36549962,36207461,23892209,8390702
http://mawi.nezu.wide.ad.jp/mawi/ditl/ditl2012/201203312315.dump.gz,47678224,44407416,27639655,12840022
http://mawi.nezu.wide.ad.jp/mawi/ditl/ditl2012/201203312330.dump.gz,42148437,40372683,23242288,13229082
http://mawi.nezu.wide.ad.jp/mawi/ditl/ditl2012/201203312345.dump.gz,38685221,38269472,20376395,14370821
http://mawi.nezu.wide.ad.jp/mawi/ditl/ditl2012/201204010000.dump.gz,41858933,41684723,23949888,14139235
http://mawi.nezu.wide.ad.jp/mawi/ditl/ditl2012/201204010015.dump.gz,46863937,46645320,28889325,14219225
http://mawi.nezu.wide.ad.jp/mawi/ditl/ditl2012/201204010030.dump.gz,45534758,45265523,28695936,12680932
http://mawi.nezu.wide.ad.jp/mawi/ditl/ditl2012/201204010045.dump.gz,36067467,35796075,21241060,10615632
http://mawi.nezu.wide.ad.jp/mawi/ditl/ditl2012/201204010100.dump.gz,31656857,30385271,19871243,6375808
http://mawi.nezu.wide.ad.jp/mawi/ditl/ditl2012/201204010115.dump.gz,28177889,27298285,20124946,3279971
http://mawi.nezu.wide.ad.jp/mawi/ditl/ditl2012/201204010130.dump.gz,26774350,26035187,18756418,3190942
http://mawi.nezu.wide.ad.jp/mawi/ditl/ditl2012/201204010145.dump.gz,26494277,25770216,18753146,3106990
http://mawi.nezu.wide.ad.jp/mawi/ditl/ditl2012/201204010200.dump.gz,27802228,27146657,20597856,3002421
http://mawi.nezu.wide.ad.jp/mawi/ditl/ditl2012/201204010215.dump.gz,25765069,24766071,17951699,2921452
http://mawi.nezu.wide.ad.jp/mawi/ditl/ditl2012/201204010230.dump.gz,23352747,22619564,16023097,2865081
http://mawi.nezu.wide.ad.jp/mawi/ditl/ditl2012/201204010245.dump.gz,23776885,23043035,16889805,2859813
http://mawi.nezu.wide.ad.jp/mawi/ditl/ditl2012/201204010300.dump.gz,22148164,21562310,15773652,2569144
http://mawi.nezu.wide.ad.jp/mawi/ditl/ditl2012/201204010315.dump.gz,27535999,27228878,21230542,2590097
http://mawi.nezu.wide.ad.jp/mawi/ditl/ditl2012/201204010330.dump.gz,26517823,26275087,20185212,2541882
http://mawi.nezu.wide.ad.jp/mawi/ditl/ditl2012/201204010345.dump.gz,26184588,25906581,19991188,2465107
http://mawi.nezu.wide.ad.jp/mawi/ditl/ditl2012/201204010400.dump.gz,26338380,25960788,19925685,2525796
http://mawi.nezu.wide.ad.jp/mawi/ditl/ditl2012/201204010415.dump.gz,25751284,25396406,19495216,2480264
http://mawi.nezu.wide.ad.jp/mawi/ditl/ditl2012/201204010430.dump.gz,24719481,23866121,18063831,2384099
http://mawi.nezu.wide.ad.jp/mawi/ditl/ditl2012/201204010445.dump.gz,24449710,23545077,17715500,2291875
http://mawi.nezu.wide.ad.jp/mawi/ditl/ditl2012/201204010500.dump.gz,25378759,25117051,19558619,2326770
http://mawi.nezu.wide.ad.jp/mawi/ditl/ditl2012/201204010515.dump.gz,27479133,27082632,21412104,2201627
http://mawi.nezu.wide.ad.jp/mawi/ditl/ditl2012/201204010530.dump.gz,25281530,24795029,19239122,2147016
http://mawi.nezu.wide.ad.jp/mawi/ditl/ditl2012/201204010545.dump.gz,24159715,23219318,17820846,1997779
http://mawi.nezu.wide.ad.jp/mawi/ditl/ditl2012/201204010600.dump.gz,23769837,23335822,17791344,2180281
http://mawi.nezu.wide.ad.jp/mawi/ditl/ditl2012/201204010615.dump.gz,23265979,23101512,18090981,2179116
http://mawi.nezu.wide.ad.jp/mawi/ditl/ditl2012/201204010630.dump.gz,25330077,25191822,19961857,2224402
http://mawi.nezu.wide.ad.jp/mawi/ditl/ditl2012/201204010645.dump.gz,23741734,22936679,17018839,2312960
http://mawi.nezu.wide.ad.jp/mawi/ditl/ditl2012/201204010700.dump.gz,25125246,24483518,18478162,2440088
http://mawi.nezu.wide.ad.jp/mawi/ditl/ditl2012/201204010715.dump.gz,23999093,23267426,17628199,2443204
http://mawi.nezu.wide.ad.jp/mawi/ditl/ditl2012/201204010730.dump.gz,24624496,24135491,18728053,2350855
http://mawi.nezu.wide.ad.jp/mawi/ditl/ditl2012/201204010745.dump.gz,23542890,23218890,17490654,2318150
http://mawi.nezu.wide.ad.jp/mawi/ditl/ditl2012/201204010800.dump.gz,23291836,23028383,17347974,2331832
http://mawi.nezu.wide.ad.jp/mawi/ditl/ditl2012/201204010815.dump.gz,23289918,22949584,17533419,2174756
http://mawi.nezu.wide.ad.jp/mawi/ditl/ditl2012/201204010830.dump.gz,21806603,21536155,16023641,2299599
http://mawi.nezu.wide.ad.jp/mawi/ditl/ditl2012/201204010845.dump.gz,21873234,21498879,16105458,2269671
http://mawi.nezu.wide.ad.jp/mawi/ditl/ditl2012/201204010900.dump.gz,24239717,23818004,18008734,2334933
http://mawi.nezu.wide.ad.jp/mawi/ditl/ditl2012/201204010915.dump.gz,25561554,25142523,20153883,1858609
http://mawi.nezu.wide.ad.jp/mawi/ditl/ditl2012/201204010930.dump.gz,23504380,23130910,17891539,1981139
http://mawi.nezu.wide.ad.jp/mawi/ditl/ditl2012/201204010945.dump.gz,25251962,22080634,16165905,2140134
http://mawi.nezu.wide.ad.jp/mawi/ditl/ditl2012/201204011000.dump.gz,20783132,20451471,14589459,2180647
http://mawi.nezu.wide.ad.jp/mawi/ditl/ditl2012/201204011015.dump.gz,22294260,21935867,16471897,2250894
http://mawi.nezu.wide.ad.jp/mawi/ditl/ditl2012/201204011030.dump.gz,20969854,20633293,15114313,2354006
http://mawi.nezu.wide.ad.jp/mawi/ditl/ditl2012/201204011045.dump.gz,23330317,23028176,17512180,2308527
http://mawi.nezu.wide.ad.jp/mawi/ditl/ditl2012/201204011100.dump.gz,26515464,26254115,20114852,2612339
http://mawi.nezu.wide.ad.jp/mawi/ditl/ditl2012/201204011115.dump.gz,23777066,23506759,17138303,2799616
http://mawi.nezu.wide.ad.jp/mawi/ditl/ditl2012/201204011130.dump.gz,24598488,24358662,18215673,2788248
http://mawi.nezu.wide.ad.jp/mawi/ditl/ditl2012/201204011145.dump.gz,26509631,26279681,19962983,2754151
http://mawi.nezu.wide.ad.jp/mawi/ditl/ditl2012/201204011200.dump.gz,26355838,26103645,18956616,2821780
http://mawi.nezu.wide.ad.jp/mawi/ditl/ditl2012/201204011215.dump.gz,25515891,25261977,18417056,2899975
http://mawi.nezu.wide.ad.jp/mawi/ditl/ditl2012/201204011230.dump.gz,26432362,26115235,19485424,2890989
http://mawi.nezu.wide.ad.jp/mawi/ditl/ditl2012/201204011245.dump.gz,28102972,27474165,20795678,2703312
http://mawi.nezu.wide.ad.jp/mawi/ditl/ditl2012/201204011300.dump.gz,28913890,28107779,21044450,2763565
http://mawi.nezu.wide.ad.jp/mawi/ditl/ditl2012/201204011315.dump.gz,35178894,34697035,27945273,2859745
http://mawi.nezu.wide.ad.jp/mawi/ditl/ditl2012/201204011330.dump.gz,32315298,32120065,25774218,2647598
http://mawi.nezu.wide.ad.jp/mawi/ditl/ditl2012/201204011345.dump.gz,27826369,27694259,20677564,3137613
http://mawi.nezu.wide.ad.jp/mawi/ditl/ditl2012/201204011400.dump.gz,32113623,31988405,23331488,4663620
http://mawi.nezu.wide.ad.jp/mawi/ditl/ditl2012/201204011415.dump.gz,36739256,36584327,22033962,10231751
http://mawi.nezu.wide.ad.jp/mawi/ditl/ditl2012/201204011430.dump.gz,32506743,32369885,25140827,2760528
http://mawi.nezu.wide.ad.jp/mawi/ditl/ditl2012/201204011445.dump.gz,32507273,32403119,25140717,2770131
