url,total,ip,tcp,udp
http://mawi.nezu.wide.ad.jp/mawi/ditl/ditl2014/201410012345.dump.gz,96099428,91599546,40716700,4613111
http://mawi.nezu.wide.ad.jp/mawi/ditl/ditl2014/201410020000.dump.gz,87184982,83595897,46354342,4512094
http://mawi.nezu.wide.ad.jp/mawi/ditl/ditl2014/201410020015.dump.gz,87566316,83799309,41930002,4133452
http://mawi.nezu.wide.ad.jp/mawi/ditl/ditl2014/201410020029.dump.gz,97325176,93984055,40711860,4220664
http://mawi.nezu.wide.ad.jp/mawi/ditl/ditl2014/201410020045.dump.gz,89684158,87003337,38658628,3600527
http://mawi.nezu.wide.ad.jp/mawi/ditl/ditl2014/201410020100.dump.gz,87958797,85019007,41112461,3801832
http://mawi.nezu.wide.ad.jp/mawi/ditl/ditl2014/201410020115.dump.gz,85025085,82143737,30114422,3823456
http://mawi.nezu.wide.ad.jp/mawi/ditl/ditl2014/201410020130.dump.gz,67782503,65589603,33357055,3842074
http://mawi.nezu.wide.ad.jp/mawi/ditl/ditl2014/201410020145.dump.gz,63401392,60558680,34085030,4105904
http://mawi.nezu.wide.ad.jp/mawi/ditl/ditl2014/201410020200.dump.gz,74208155,70948563,30626717,3763197
http://mawi.nezu.wide.ad.jp/mawi/ditl/ditl2014/201410020215.dump.gz,86822333,83871106,27935991,3325499
http://mawi.nezu.wide.ad.jp/mawi/ditl/ditl2014/201410020230.dump.gz,75908771,72734785,22396339,2951595
http://mawi.nezu.wide.ad.jp/mawi/ditl/ditl2014/201410020245.dump.gz,70161817,68010349,21084024,2137287
http://mawi.nezu.wide.ad.jp/mawi/ditl/ditl2014/201410020300.dump.gz,70365738,68341862,22774941,2358523
http://mawi.nezu.wide.ad.jp/mawi/ditl/ditl2014/201410020315.dump.gz,66176833,63693550,22956970,2802674
http://mawi.nezu.wide.ad.jp/mawi/ditl/ditl2014/201410020330.dump.gz,62833986,59431461,20781346,2301753
http://mawi.nezu.wide.ad.jp/mawi/ditl/ditl2014/201410020345.dump.gz,73168631,70342323,21436983,3147878
http://mawi.nezu.wide.ad.jp/mawi/ditl/ditl2014/201410020400.dump.gz,74646920,71755499,21812768,3268731
http://mawi.nezu.wide.ad.jp/mawi/ditl/ditl2014/201410020415.dump.gz,70572931,68216658,17560580,3343593
http://mawi.nezu.wide.ad.jp/mawi/ditl/ditl2014/201410020430.dump.gz,63150054,61180819,16677090,2326635
http://mawi.nezu.wide.ad.jp/mawi/ditl/ditl2014/201410020445.dump.gz,61269963,60639410,16467973,2150932
http://mawi.nezu.wide.ad.jp/mawi/ditl/ditl2014/201410020500.dump.gz,63367235,62475217,19091638,2167486
http://mawi.nezu.wide.ad.jp/mawi/ditl/ditl2014/201410020515.dump.gz,63837997,62238829,18645029,1552486
http://mawi.nezu.wide.ad.jp/mawi/ditl/ditl2014/201410020530.dump.gz,62774457,61772241,18780440,1547356
http://mawi.nezu.wide.ad.jp/mawi/ditl/ditl2014/201410020544.dump.gz,62003037,61372127,18179001,1358587
http://mawi.nezu.wide.ad.jp/mawi/ditl/ditl2014/201410020600.dump.gz,61636462,60931929,16489369,1472937
http://mawi.nezu.wide.ad.jp/mawi/ditl/ditl2014/201410020615.dump.gz,60081259,59184895,15046479,2031420
http://mawi.nezu.wide.ad.jp/mawi/ditl/ditl2014/201410020629.dump.gz,63893490,62266546,17396036,1383340
http://mawi.nezu.wide.ad.jp/mawi/ditl/ditl2014/201410020645.dump.gz,62750444,61668002,17891205,1431043
http://mawi.nezu.wide.ad.jp/mawi/ditl/ditl2014/201410020700.dump.gz,65807574,64851032,21673847,1298305
http://mawi.nezu.wide.ad.jp/mawi/ditl/ditl2014/201410020715.dump.gz,65159985,64275585,19278716,1363806
http://mawi.nezu.wide.ad.jp/mawi/ditl/ditl2014/201410020730.dump.gz,63968589,63043595,21937788,1318100
http://mawi.nezu.wide.ad.jp/mawi/ditl/ditl2014/201410020745.dump.gz,75666951,73552707,25770967,1373350
http://mawi.nezu.wide.ad.jp/mawi/ditl/ditl2014/201410020800.dump.gz,71252721,70143507,24547966,1392782
http://mawi.nezu.wide.ad.jp/mawi/ditl/ditl2014/201410020815.dump.gz,73127706,69114248,25425543,1384107
http://mawi.nezu.wide.ad.jp/mawi/ditl/ditl2014/201410020830.dump.gz,72563898,70758266,25890392,1251228
http://mawi.nezu.wide.ad.jp/mawi/ditl/ditl2014/201410020845.dump.gz,77636779,75652859,31635678,1257958
http://mawi.nezu.wide.ad.jp/mawi/ditl/ditl2014/201410020900.dump.gz,86257694,83783839,42939420,1533838
http://mawi.nezu.wide.ad.jp/mawi/ditl/ditl2014/201410020915.dump.gz,88311536,85298667,38309667,1495561
http://mawi.nezu.wide.ad.jp/mawi/ditl/ditl2014/201410020929.dump.gz,90605238,85817952,40334907,1435852
http://mawi.nezu.wide.ad.jp/mawi/ditl/ditl2014/201410020944.dump.gz,85501070,81609432,44222522,1498102
http://mawi.nezu.wide.ad.jp/mawi/ditl/ditl2014/201410021000.dump.gz,104268570,67393268,43556680,1623418
http://mawi.nezu.wide.ad.jp/mawi/ditl/ditl2014/201410021015.dump.gz,111865561,68089228,44520290,1843972
http://mawi.nezu.wide.ad.jp/mawi/ditl/ditl2014/201410021030.dump.gz,94305258,82207246,56765703,3853467
http://mawi.nezu.wide.ad.jp/mawi/ditl/ditl2014/201410021045.dump.gz,93105844,86064063,59689272,4254727
http://mawi.nezu.wide.ad.jp/mawi/ditl/ditl2014/201410021100.dump.gz,97104765,89645825,64440399,3416092
http://mawi.nezu.wide.ad.jp/mawi/ditl/ditl2014/201410021115.dump.gz,96529864,89684459,63846529,4091654
http://mawi.nezu.wide.ad.jp/mawi/ditl/ditl2014/201410021130.dump.gz,96508446,91566462,65199877,3764485
http://mawi.nezu.wide.ad.jp/mawi/ditl/ditl2014/201410021145.dump.gz,90638394,85239261,59890142,2981868
http://mawi.nezu.wide.ad.jp/mawi/ditl/ditl2014/201410021200.dump.gz,87201344,82531759,58169536,2918229
http://mawi.nezu.wide.ad.jp/mawi/ditl/ditl2014/201410021215.dump.gz,106952383,100863231,64796350,3140120
http://mawi.nezu.wide.ad.jp/mawi/ditl/ditl2014/201410021230.dump.gz,119733468,111277594,60012055,2639674
http://mawi.nezu.wide.ad.jp/mawi/ditl/ditl2014/201410021245.dump.gz,117804913,112528139,58435156,2922396
http://mawi.nezu.wide.ad.jp/mawi/ditl/ditl2014/201410021300.dump.gz,112387598,105938195,63909253,2997756
http://mawi.nezu.wide.ad.jp/mawi/ditl/ditl2014/201410021315.dump.gz,118377773,113051032,58170965,2892265
http://mawi.nezu.wide.ad.jp/mawi/ditl/ditl2014/201410021330.dump.gz,101726451,96232145,59787671,4446451
http://mawi.nezu.wide.ad.jp/mawi/ditl/ditl2014/201410021344.dump.gz,101821174,94450009,63914026,3829415
http://mawi.nezu.wide.ad.jp/mawi/ditl/ditl2014/201410021400.dump.gz,121783850,114012417,63967589,3132196
http://mawi.nezu.wide.ad.jp/mawi/ditl/ditl2014/201410021415.dump.gz,123476984,117793568,66216879,2402033
http://mawi.nezu.wide.ad.jp/mawi/ditl/ditl2014/201410021430.dump.gz,120285794,114339729,73306392,2905802
http://mawi.nezu.wide.ad.jp/mawi/ditl/ditl2014/201410021445.dump.gz,103468463,97982176,69729201,3865364
http://mawi.nezu.wide.ad.jp/mawi/ditl/ditl2014/201410021500.dump.gz,96782121,88723836,63929413,2817447
http://mawi.nezu.wide.ad.jp/mawi/ditl/ditl2014/201410021515.dump.gz,98523119,86766999,62726847,2498831
http://mawi.nezu.wide.ad.jp/mawi/ditl/ditl2014/201410021530.dump.gz,110707964,94572901,71008699,2327270
http://mawi.nezu.wide.ad.jp/mawi/ditl/ditl2014/201410021545.dump.gz,112495923,98962874,72411325,2497103
http://mawi.nezu.wide.ad.jp/mawi/ditl/ditl2014/201410021600.dump.gz,122295682,107256164,71065369,3018738
http://mawi.nezu.wide.ad.jp/mawi/ditl/ditl2014/201410021615.dump.gz,123685525,106869308,63145098,2310979
http://mawi.nezu.wide.ad.jp/mawi/ditl/ditl2014/201410021630.dump.gz,124164448,107358549,59401081,2338183
http://mawi.nezu.wide.ad.jp/mawi/ditl/ditl2014/201410021645.dump.gz,124000297,114537735,62674104,3374839
http://mawi.nezu.wide.ad.jp/mawi/ditl/ditl2014/201410021700.dump.gz,121495530,112683413,62152093,5198957
http://mawi.nezu.wide.ad.jp/mawi/ditl/ditl2014/201410021715.dump.gz,125867319,119079457,66840619,5078613
http://mawi.nezu.wide.ad.jp/mawi/ditl/ditl2014/201410021730.dump.gz,123248916,116107642,67551032,3580302
http://mawi.nezu.wide.ad.jp/mawi/ditl/ditl2014/201410021745.dump.gz,125614636,118496569,70970461,3513382
http://mawi.nezu.wide.ad.jp/mawi/ditl/ditl2014/201410021800.dump.gz,118889505,114156174,66417371,2930740
http://mawi.nezu.wide.ad.jp/mawi/ditl/ditl2014/201410021815.dump.gz,113258405,108995637,61467779,4327765
http://mawi.nezu.wide.ad.jp/mawi/ditl/ditl2014/201410021830.dump.gz,105344988,101227474,53873370,3376584
http://mawi.nezu.wide.ad.jp/mawi/ditl/ditl2014/201410021845.dump.gz,110753260,106915341,59095753,2934271
http://mawi.nezu.wide.ad.jp/mawi/ditl/ditl2014/201410021900.dump.gz,108670577,104072550,60279918,2677565
http://mawi.nezu.wide.ad.jp/mawi/ditl/ditl2014/201410021915.dump.gz,110084705,105778827,53027501,3379766
http://mawi.nezu.wide.ad.jp/mawi/ditl/ditl2014/201410021930.dump.gz,105098053,99535010,50157210,2935710
http://mawi.nezu.wide.ad.jp/mawi/ditl/ditl2014/201410021945.dump.gz,109545545,100781650,54689189,2900934
http://mawi.nezu.wide.ad.jp/mawi/ditl/ditl2014/201410022000.dump.gz,112306794,106491921,55266027,3973434
http://mawi.nezu.wide.ad.jp/mawi/ditl/ditl2014/201410022015.dump.gz,112689572,106714410,55708336,3938759
http://mawi.nezu.wide.ad.jp/mawi/ditl/ditl2014/201410022030.dump.gz,112061177,107203334,55443880,4496736
http://mawi.nezu.wide.ad.jp/mawi/ditl/ditl2014/201410022045.dump.gz,108423879,105188976,53957866,4175481
http://mawi.nezu.wide.ad.jp/mawi/ditl/ditl2014/201410022100.dump.gz,102590713,99823296,54221260,4894313
http://mawi.nezu.wide.ad.jp/mawi/ditl/ditl2014/201410022115.dump.gz,110395803,107739588,58411902,4054110
http://mawi.nezu.wide.ad.jp/mawi/ditl/ditl2014/201410022130.dump.gz,110820854,108538054,56780325,3787550
http://mawi.nezu.wide.ad.jp/mawi/ditl/ditl2014/201410022145.dump.gz,118375231,115874719,59199333,4655273
http://mawi.nezu.wide.ad.jp/mawi/ditl/ditl2014/201410022200.dump.gz,118480390,115707195,60524073,4464540
http://mawi.nezu.wide.ad.jp/mawi/ditl/ditl2014/201410022214.dump.gz,119441242,116717285,61253156,4564399
http://mawi.nezu.wide.ad.jp/mawi/ditl/ditl2014/201410022230.dump.gz,122100293,119835460,64981454,3971364
http://mawi.nezu.wide.ad.jp/mawi/ditl/ditl2014/201410022245.dump.gz,112002414,109665145,55044578,3429049
http://mawi.nezu.wide.ad.jp/mawi/ditl/ditl2014/201410022300.dump.gz,118661810,115596985,65192342,3351862
http://mawi.nezu.wide.ad.jp/mawi/ditl/ditl2014/201410022315.dump.gz,116727718,112711681,58730543,3550322
http://mawi.nezu.wide.ad.jp/mawi/ditl/ditl2014/201410022330.dump.gz,109676534,106241573,51468972,3206774
http://mawi.nezu.wide.ad.jp/mawi/ditl/ditl2014/201410022345.dump.gz,110963152,107792016,54665413,2800001
