url,total,ip,tcp,udp
http://mawi.nezu.wide.ad.jp/mawi/samplepoint-F/2014/201312311400.dump.gz,84949694,84194155,41971782,5579561
http://mawi.nezu.wide.ad.jp/mawi/samplepoint-F/2014/201401011400.dump.gz,82901842,82536920,35832660,9884228
http://mawi.nezu.wide.ad.jp/mawi/samplepoint-F/2014/201401021400.dump.gz,90519424,89330382,44855271,6954575
http://mawi.nezu.wide.ad.jp/mawi/samplepoint-F/2014/201401031400.dump.gz,93516552,92922293,46045079,10750954
http://mawi.nezu.wide.ad.jp/mawi/samplepoint-F/2014/201401041400.dump.gz,133889195,131985250,43601202,46113244
http://mawi.nezu.wide.ad.jp/mawi/samplepoint-F/2014/201401051400.dump.gz,105683883,105184671,41829673,26756454
http://mawi.nezu.wide.ad.jp/mawi/samplepoint-F/2014/201401061400.dump.gz,143014279,140979905,51414429,56007894
http://mawi.nezu.wide.ad.jp/mawi/samplepoint-F/2014/201401071400.dump.gz,100933314,99404614,35302672,39521069
http://mawi.nezu.wide.ad.jp/mawi/samplepoint-F/2014/201401081400.dump.gz,125812511,116992067,72219048,8435461
http://mawi.nezu.wide.ad.jp/mawi/samplepoint-F/2014/201401091400.dump.gz,116284216,113964191,66905992,10265065
http://mawi.nezu.wide.ad.jp/mawi/samplepoint-F/2014/201401101400.dump.gz,103673009,99964066,69615424,8961607
http://mawi.nezu.wide.ad.jp/mawi/samplepoint-F/2014/201401111400.dump.gz,80962902,80034815,49281248,8893689
http://mawi.nezu.wide.ad.jp/mawi/samplepoint-F/2014/201401121400.dump.gz,79357978,78497781,45468477,11057229
http://mawi.nezu.wide.ad.jp/mawi/samplepoint-F/2014/201401131400.dump.gz,86925309,85052482,54828921,8186641
http://mawi.nezu.wide.ad.jp/mawi/samplepoint-F/2014/201401141400.dump.gz,181374279,173676149,69769446,81550517
http://mawi.nezu.wide.ad.jp/mawi/samplepoint-F/2014/201401151400.dump.gz,84716153,80594588,43648952,21775729
http://mawi.nezu.wide.ad.jp/mawi/samplepoint-F/2014/201401161400.dump.gz,138065155,122663309,71773634,27219177
http://mawi.nezu.wide.ad.jp/mawi/samplepoint-F/2014/201401171400.dump.gz,114351348,111726179,66586596,22418798
http://mawi.nezu.wide.ad.jp/mawi/samplepoint-F/2014/201401181400.dump.gz,85724511,83813679,53352108,4874891
http://mawi.nezu.wide.ad.jp/mawi/samplepoint-F/2014/201401191400.dump.gz,80343350,79239457,48472783,9170100
http://mawi.nezu.wide.ad.jp/mawi/samplepoint-F/2014/201401201400.dump.gz,116921934,112342638,79970423,8405148
http://mawi.nezu.wide.ad.jp/mawi/samplepoint-F/2014/201401211400.dump.gz,104928581,102593769,70178423,9773022
http://mawi.nezu.wide.ad.jp/mawi/samplepoint-F/2014/201401221400.dump.gz,161086918,158016434,66290252,68663239
http://mawi.nezu.wide.ad.jp/mawi/samplepoint-F/2014/201401231400.dump.gz,114176883,111518384,77835461,10496690
http://mawi.nezu.wide.ad.jp/mawi/samplepoint-F/2014/201401241400.dump.gz,104782395,103041652,69669114,9254872
http://mawi.nezu.wide.ad.jp/mawi/samplepoint-F/2014/201401251400.dump.gz,85605973,83358197,51797875,8268927
http://mawi.nezu.wide.ad.jp/mawi/samplepoint-F/2014/201401261400.dump.gz,81425864,80664301,49218604,7113658
http://mawi.nezu.wide.ad.jp/mawi/samplepoint-F/2014/201401271400.dump.gz,131578953,95983000,61547659,10472519
http://mawi.nezu.wide.ad.jp/mawi/samplepoint-F/2014/201401281400.dump.gz,101414194,98561697,62960053,11353288
http://mawi.nezu.wide.ad.jp/mawi/samplepoint-F/2014/201401291400.dump.gz,96220537,94456427,59854741,10783604
http://mawi.nezu.wide.ad.jp/mawi/samplepoint-F/2014/201401301400.dump.gz,102193617,100624996,57495560,19472188
http://mawi.nezu.wide.ad.jp/mawi/samplepoint-F/2014/201401311400.dump.gz,104512822,102776056,60175209,19258597
http://mawi.nezu.wide.ad.jp/mawi/samplepoint-F/2014/201402011400.dump.gz,84281354,82970848,42386512,16929893
http://mawi.nezu.wide.ad.jp/mawi/samplepoint-F/2014/201402021400.dump.gz,101650479,101034812,57964381,19478212
http://mawi.nezu.wide.ad.jp/mawi/samplepoint-F/2014/201402031400.dump.gz,133193988,130968267,47745338,60071557
http://mawi.nezu.wide.ad.jp/mawi/samplepoint-F/2014/201402041400.dump.gz,109055097,107407546,60757648,22938794
http://mawi.nezu.wide.ad.jp/mawi/samplepoint-F/2014/201402051400.dump.gz,104979175,103433904,56962506,20563129
http://mawi.nezu.wide.ad.jp/mawi/samplepoint-F/2014/201402061400.dump.gz,102930767,100343270,70651193,5859808
http://mawi.nezu.wide.ad.jp/mawi/samplepoint-F/2014/201402071400.dump.gz,106249884,104238736,74720917,6254866
http://mawi.nezu.wide.ad.jp/mawi/samplepoint-F/2014/201402081400.dump.gz,84087736,83244549,53050624,7029267
http://mawi.nezu.wide.ad.jp/mawi/samplepoint-F/2014/201402091400.dump.gz,80640248,79827664,48590897,7870627
http://mawi.nezu.wide.ad.jp/mawi/samplepoint-F/2014/201402101400.dump.gz,128452205,127149178,54532553,50307767
http://mawi.nezu.wide.ad.jp/mawi/samplepoint-F/2014/201402111400.dump.gz,88781147,87032368,56666609,7514096
http://mawi.nezu.wide.ad.jp/mawi/samplepoint-F/2014/201402121400.dump.gz,116429028,99710526,69229793,6702277
http://mawi.nezu.wide.ad.jp/mawi/samplepoint-F/2014/201402131400.dump.gz,103327228,99874491,70402074,6414918
http://mawi.nezu.wide.ad.jp/mawi/samplepoint-F/2014/201402141400.dump.gz,93360209,91207089,64280532,3446838
http://mawi.nezu.wide.ad.jp/mawi/samplepoint-F/2014/201402151400.dump.gz,86164149,84983385,56503977,5074485
http://mawi.nezu.wide.ad.jp/mawi/samplepoint-F/2014/201402161400.dump.gz,78561196,77625885,49605599,3579287
http://mawi.nezu.wide.ad.jp/mawi/samplepoint-F/2014/201402171400.dump.gz,98079348,94470096,67757325,3687005
http://mawi.nezu.wide.ad.jp/mawi/samplepoint-F/2014/201402181400.dump.gz,95916326,91796153,65252277,3277182
http://mawi.nezu.wide.ad.jp/mawi/samplepoint-F/2014/201402191400.dump.gz,97164776,93822206,66810713,4270492
http://mawi.nezu.wide.ad.jp/mawi/samplepoint-F/2014/201402201400.dump.gz,93226858,91169071,64056638,3873825
http://mawi.nezu.wide.ad.jp/mawi/samplepoint-F/2014/201402211400.dump.gz,85077831,83133901,58075563,2394142
http://mawi.nezu.wide.ad.jp/mawi/samplepoint-F/2014/201402221400.dump.gz,86708170,79752623,54237021,3375369
http://mawi.nezu.wide.ad.jp/mawi/samplepoint-F/2014/201402231400.dump.gz,78645836,77750839,48221004,4756137
http://mawi.nezu.wide.ad.jp/mawi/samplepoint-F/2014/201402241400.dump.gz,99309855,98065860,72181727,3622391
http://mawi.nezu.wide.ad.jp/mawi/samplepoint-F/2014/201402251400.dump.gz,106527406,103503406,77085732,4147083
http://mawi.nezu.wide.ad.jp/mawi/samplepoint-F/2014/201402261400.dump.gz,98860900,96228116,68704704,5267108
http://mawi.nezu.wide.ad.jp/mawi/samplepoint-F/2014/201402271400.dump.gz,96645465,94801862,65743735,7107493
http://mawi.nezu.wide.ad.jp/mawi/samplepoint-F/2014/201402281400.dump.gz,88072886,85213479,59375598,3762140
http://mawi.nezu.wide.ad.jp/mawi/samplepoint-F/2014/201403011400.dump.gz,99989589,98936988,59253912,2826168
http://mawi.nezu.wide.ad.jp/mawi/samplepoint-F/2014/201403021400.dump.gz,88398270,87729715,47797372,2974904
http://mawi.nezu.wide.ad.jp/mawi/samplepoint-F/2014/201403031400.dump.gz,114642840,112108015,70879704,4207148
http://mawi.nezu.wide.ad.jp/mawi/samplepoint-F/2014/201403041400.dump.gz,108493612,106580871,66012556,3592328
http://mawi.nezu.wide.ad.jp/mawi/samplepoint-F/2014/201403051400.dump.gz,128208156,104960141,63179516,3648229
http://mawi.nezu.wide.ad.jp/mawi/samplepoint-F/2014/201403061400.dump.gz,112616334,110352887,68603937,3069770
http://mawi.nezu.wide.ad.jp/mawi/samplepoint-F/2014/201403071400.dump.gz,110517921,107441421,67227115,3204375
http://mawi.nezu.wide.ad.jp/mawi/samplepoint-F/2014/201403081400.dump.gz,95320065,94334956,53656050,3331997
http://mawi.nezu.wide.ad.jp/mawi/samplepoint-F/2014/201403091400.dump.gz,91487902,90825866,50064455,3892990
http://mawi.nezu.wide.ad.jp/mawi/samplepoint-F/2014/201403101400.dump.gz,107016190,105403580,63767854,3788088
http://mawi.nezu.wide.ad.jp/mawi/samplepoint-F/2014/201403111400.dump.gz,107509962,104613259,63635512,3486859
http://mawi.nezu.wide.ad.jp/mawi/samplepoint-F/2014/201403121400.dump.gz,105573601,102321358,61995892,3361951
http://mawi.nezu.wide.ad.jp/mawi/samplepoint-F/2014/201403131400.dump.gz,109073712,106235828,64034335,4336749
http://mawi.nezu.wide.ad.jp/mawi/samplepoint-F/2014/201403141400.dump.gz,114614829,112348418,72285306,2819895
http://mawi.nezu.wide.ad.jp/mawi/samplepoint-F/2014/201403151400.dump.gz,45663536,44927045,20305128,3856649
http://mawi.nezu.wide.ad.jp/mawi/samplepoint-F/2014/201403161400.dump.gz,74609519,73707680,48051518,3461101
http://mawi.nezu.wide.ad.jp/mawi/samplepoint-F/2014/201403171400.dump.gz,100478561,98042878,63841139,10192886
http://mawi.nezu.wide.ad.jp/mawi/samplepoint-F/2014/201403181400.dump.gz,94530774,92157464,62963519,3290136
http://mawi.nezu.wide.ad.jp/mawi/samplepoint-F/2014/201403191400.dump.gz,85300727,82661813,57421787,2558812
http://mawi.nezu.wide.ad.jp/mawi/samplepoint-F/2014/201403201400.dump.gz,90495655,87972217,62618872,2337112
http://mawi.nezu.wide.ad.jp/mawi/samplepoint-F/2014/201403211400.dump.gz,80068614,78661130,53134586,2585617
http://mawi.nezu.wide.ad.jp/mawi/samplepoint-F/2014/201403221400.dump.gz,81217267,79726784,52454466,2340431
http://mawi.nezu.wide.ad.jp/mawi/samplepoint-F/2014/201403231400.dump.gz,68642287,67367151,42689004,2272358
http://mawi.nezu.wide.ad.jp/mawi/samplepoint-F/2014/201403241400.dump.gz,88931674,85015395,59222638,2770283
http://mawi.nezu.wide.ad.jp/mawi/samplepoint-F/2014/201403251400.dump.gz,86513957,83995455,57952281,2627637
http://mawi.nezu.wide.ad.jp/mawi/samplepoint-F/2014/201403261400.dump.gz,82146769,80387874,51539990,3422108
http://mawi.nezu.wide.ad.jp/mawi/samplepoint-F/2014/201403271400.dump.gz,91177740,88797561,62393797,2833979
http://mawi.nezu.wide.ad.jp/mawi/samplepoint-F/2014/201403281400.dump.gz,87439631,84446126,57770986,2448601
http://mawi.nezu.wide.ad.jp/mawi/samplepoint-F/2014/201403291400.dump.gz,81975959,80488406,54639452,2434055
http://mawi.nezu.wide.ad.jp/mawi/samplepoint-F/2014/201403301400.dump.gz,64032086,63019879,34030528,2340867
http://mawi.nezu.wide.ad.jp/mawi/samplepoint-F/2014/201403311400.dump.gz,70445133,68108883,42914781,1845366
http://mawi.nezu.wide.ad.jp/mawi/samplepoint-F/2014/201404011400.dump.gz,76981064,74781217,51366605,1796190
http://mawi.nezu.wide.ad.jp/mawi/samplepoint-F/2014/201404021400.dump.gz,83214384,79658461,53402537,2462831
http://mawi.nezu.wide.ad.jp/mawi/samplepoint-F/2014/201404031400.dump.gz,70870365,68606338,42384942,2693151
http://mawi.nezu.wide.ad.jp/mawi/samplepoint-F/2014/201404041400.dump.gz,86941883,83675355,57710136,2943151
http://mawi.nezu.wide.ad.jp/mawi/samplepoint-F/2014/201404051400.dump.gz,79210567,78131416,52977019,2531550
http://mawi.nezu.wide.ad.jp/mawi/samplepoint-F/2014/201404061400.dump.gz,65744836,64940184,40905537,1750640
http://mawi.nezu.wide.ad.jp/mawi/samplepoint-F/2014/201404071400.dump.gz,95516068,91064471,64994625,3140185
http://mawi.nezu.wide.ad.jp/mawi/samplepoint-F/2014/201404081400.dump.gz,115755341,109901272,67460356,3018718
http://mawi.nezu.wide.ad.jp/mawi/samplepoint-F/2014/201404091400.dump.gz,147113279,142710790,93322372,4194671
http://mawi.nezu.wide.ad.jp/mawi/samplepoint-F/2014/201404101400.dump.gz,130041090,123282454,68312464,3750310
http://mawi.nezu.wide.ad.jp/mawi/samplepoint-F/2014/201404111400.dump.gz,151603257,149183888,88434361,3943103
http://mawi.nezu.wide.ad.jp/mawi/samplepoint-F/2014/201404121400.dump.gz,107405180,106052081,54461271,4029543
http://mawi.nezu.wide.ad.jp/mawi/samplepoint-F/2014/201404131400.dump.gz,111767235,109945697,52412704,4377305
http://mawi.nezu.wide.ad.jp/mawi/samplepoint-F/2014/201404141400.dump.gz,140556161,132094882,70259621,4991901
http://mawi.nezu.wide.ad.jp/mawi/samplepoint-F/2014/201404151400.dump.gz,145015195,137244335,77288227,7689186
http://mawi.nezu.wide.ad.jp/mawi/samplepoint-F/2014/201404161400.dump.gz,144031368,138849994,75285706,5257586
http://mawi.nezu.wide.ad.jp/mawi/samplepoint-F/2014/201404171400.dump.gz,126883046,122149792,64719040,3330920
http://mawi.nezu.wide.ad.jp/mawi/samplepoint-F/2014/201404181400.dump.gz,143651801,126517336,66424534,3501832
http://mawi.nezu.wide.ad.jp/mawi/samplepoint-F/2014/201404191400.dump.gz,108196100,106052158,46950721,2838949
http://mawi.nezu.wide.ad.jp/mawi/samplepoint-F/2014/201404201400.dump.gz,106654308,105439373,49123601,3409100
http://mawi.nezu.wide.ad.jp/mawi/samplepoint-F/2014/201404211400.dump.gz,142740579,137922390,81720849,2719324
http://mawi.nezu.wide.ad.jp/mawi/samplepoint-F/2014/201404221400.dump.gz,133962021,128547193,67738736,2851158
http://mawi.nezu.wide.ad.jp/mawi/samplepoint-F/2014/201404231400.dump.gz,117136095,113556212,60018673,3902828
http://mawi.nezu.wide.ad.jp/mawi/samplepoint-F/2014/201404241400.dump.gz,115769679,109729503,58610560,4253837
http://mawi.nezu.wide.ad.jp/mawi/samplepoint-F/2014/201404251400.dump.gz,121761007,116017947,57834497,4492719
http://mawi.nezu.wide.ad.jp/mawi/samplepoint-F/2014/201404261400.dump.gz,93492161,92240392,42009515,3135137
http://mawi.nezu.wide.ad.jp/mawi/samplepoint-F/2014/201404271400.dump.gz,101886285,98821926,47062134,5833121
http://mawi.nezu.wide.ad.jp/mawi/samplepoint-F/2014/201404281400.dump.gz,136527268,120719629,64100749,4359491
http://mawi.nezu.wide.ad.jp/mawi/samplepoint-F/2014/201404291400.dump.gz,108736551,107356671,46097512,3036200
http://mawi.nezu.wide.ad.jp/mawi/samplepoint-F/2014/201404301400.dump.gz,125761207,119545810,55653112,3136792
http://mawi.nezu.wide.ad.jp/mawi/samplepoint-F/2014/201405011400.dump.gz,114603052,111498442,54135627,3831291
http://mawi.nezu.wide.ad.jp/mawi/samplepoint-F/2014/201405021400.dump.gz,113023296,109114224,48386597,3994329
http://mawi.nezu.wide.ad.jp/mawi/samplepoint-F/2014/201405031400.dump.gz,95872790,93903440,36413287,4258077
http://mawi.nezu.wide.ad.jp/mawi/samplepoint-F/2014/201405041400.dump.gz,90685758,89405114,34069861,3362311
http://mawi.nezu.wide.ad.jp/mawi/samplepoint-F/2014/201405051400.dump.gz,103968996,102292770,42232657,4512350
http://mawi.nezu.wide.ad.jp/mawi/samplepoint-F/2014/201405061400.dump.gz,115799237,113932893,53402896,2817130
http://mawi.nezu.wide.ad.jp/mawi/samplepoint-F/2014/201405071400.dump.gz,135091646,130589569,67406820,5531068
http://mawi.nezu.wide.ad.jp/mawi/samplepoint-F/2014/201405081400.dump.gz,122360797,117826783,62728522,4305099
http://mawi.nezu.wide.ad.jp/mawi/samplepoint-F/2014/201405091400.dump.gz,129706151,123695378,57855653,7782983
http://mawi.nezu.wide.ad.jp/mawi/samplepoint-F/2014/201405101400.dump.gz,105125741,103410075,41997883,4064812
http://mawi.nezu.wide.ad.jp/mawi/samplepoint-F/2014/201405111400.dump.gz,113531108,112340351,40286280,16523017
http://mawi.nezu.wide.ad.jp/mawi/samplepoint-F/2014/201405121400.dump.gz,147381635,132580910,64443416,4519814
http://mawi.nezu.wide.ad.jp/mawi/samplepoint-F/2014/201405131400.dump.gz,139596658,135014349,66892671,4219470
http://mawi.nezu.wide.ad.jp/mawi/samplepoint-F/2014/201405141400.dump.gz,137178960,131476291,73480728,3483421
http://mawi.nezu.wide.ad.jp/mawi/samplepoint-F/2014/201405151400.dump.gz,130846571,126090707,66318802,4662155
http://mawi.nezu.wide.ad.jp/mawi/samplepoint-F/2014/201405161400.dump.gz,138559724,134244539,70053457,5712825
http://mawi.nezu.wide.ad.jp/mawi/samplepoint-F/2014/201405171400.dump.gz,107660093,105712774,48731237,2545983
http://mawi.nezu.wide.ad.jp/mawi/samplepoint-F/2014/201405181400.dump.gz,100427278,99041953,34805540,3150491
http://mawi.nezu.wide.ad.jp/mawi/samplepoint-F/2014/201405191400.dump.gz,132113729,128657059,59567736,3175658
http://mawi.nezu.wide.ad.jp/mawi/samplepoint-F/2014/201405201400.dump.gz,140884726,132623582,72574690,2953604
http://mawi.nezu.wide.ad.jp/mawi/samplepoint-F/2014/201405211400.dump.gz,132053474,127596008,67305142,3722036
http://mawi.nezu.wide.ad.jp/mawi/samplepoint-F/2014/201405221400.dump.gz,140529996,133552626,66768987,4063639
http://mawi.nezu.wide.ad.jp/mawi/samplepoint-F/2014/201405231400.dump.gz,185115919,181943779,59230658,61282464
http://mawi.nezu.wide.ad.jp/mawi/samplepoint-F/2014/201405241400.dump.gz,117954382,116255503,45299141,6040498
http://mawi.nezu.wide.ad.jp/mawi/samplepoint-F/2014/201405251400.dump.gz,109195962,107681023,33959861,5719562
http://mawi.nezu.wide.ad.jp/mawi/samplepoint-F/2014/201405261400.dump.gz,217629410,212913857,56651673,98007181
http://mawi.nezu.wide.ad.jp/mawi/samplepoint-F/2014/201405271400.dump.gz,144884710,138874807,71080608,4553983
http://mawi.nezu.wide.ad.jp/mawi/samplepoint-F/2014/201405281400.dump.gz,143654911,138245135,65668351,4557398
http://mawi.nezu.wide.ad.jp/mawi/samplepoint-F/2014/201405291400.dump.gz,158514059,155889987,68208077,32927586
http://mawi.nezu.wide.ad.jp/mawi/samplepoint-F/2014/201405301400.dump.gz,126570388,123856908,57037182,4317863
http://mawi.nezu.wide.ad.jp/mawi/samplepoint-F/2014/201405311400.dump.gz,115908138,113222308,43375171,3580170
http://mawi.nezu.wide.ad.jp/mawi/samplepoint-F/2014/201406011400.dump.gz,97974820,96828117,35077663,2897013
http://mawi.nezu.wide.ad.jp/mawi/samplepoint-F/2014/201406021400.dump.gz,126966082,122728545,62345232,4118209
http://mawi.nezu.wide.ad.jp/mawi/samplepoint-F/2014/201406031400.dump.gz,132291310,127580340,64042550,4032428
http://mawi.nezu.wide.ad.jp/mawi/samplepoint-F/2014/201406041400.dump.gz,135032226,119919884,57688826,2709081
http://mawi.nezu.wide.ad.jp/mawi/samplepoint-F/2014/201406051400.dump.gz,187588282,184315214,72971975,54820444
http://mawi.nezu.wide.ad.jp/mawi/samplepoint-F/2014/201406061400.dump.gz,128484754,125191542,64592427,5875938
http://mawi.nezu.wide.ad.jp/mawi/samplepoint-F/2014/201406071400.dump.gz,117821175,115896571,49511619,6245778
http://mawi.nezu.wide.ad.jp/mawi/samplepoint-F/2014/201406081400.dump.gz,110267519,109102182,47231078,4294642
http://mawi.nezu.wide.ad.jp/mawi/samplepoint-F/2014/201406091400.dump.gz,134663257,130134817,66484972,5047093
http://mawi.nezu.wide.ad.jp/mawi/samplepoint-F/2014/201406101400.dump.gz,134490038,129855259,72976276,3398293
http://mawi.nezu.wide.ad.jp/mawi/samplepoint-F/2014/201406111400.dump.gz,132605157,126003935,74005715,2835316
http://mawi.nezu.wide.ad.jp/mawi/samplepoint-F/2014/201406121400.dump.gz,125315003,119693204,71704079,2760083
http://mawi.nezu.wide.ad.jp/mawi/samplepoint-F/2014/201406131400.dump.gz,130046992,126258883,63338649,7206419
http://mawi.nezu.wide.ad.jp/mawi/samplepoint-F/2014/201406141400.dump.gz,106536906,103994047,42200344,2445394
http://mawi.nezu.wide.ad.jp/mawi/samplepoint-F/2014/201406151400.dump.gz,106198204,105023677,40237152,2342982
http://mawi.nezu.wide.ad.jp/mawi/samplepoint-F/2014/201406161400.dump.gz,122375168,117328734,68382658,3030767
http://mawi.nezu.wide.ad.jp/mawi/samplepoint-F/2014/201406171400.dump.gz,133073976,126309530,67419223,4736119
http://mawi.nezu.wide.ad.jp/mawi/samplepoint-F/2014/201406181400.dump.gz,132109682,128301454,70779871,2769457
http://mawi.nezu.wide.ad.jp/mawi/samplepoint-F/2014/201406191400.dump.gz,141850863,136976812,81513146,2947285
http://mawi.nezu.wide.ad.jp/mawi/samplepoint-F/2014/201406201400.dump.gz,122332490,118484519,62445090,4754184
http://mawi.nezu.wide.ad.jp/mawi/samplepoint-F/2014/201406211400.dump.gz,104140303,101782570,44696391,3441722
http://mawi.nezu.wide.ad.jp/mawi/samplepoint-F/2014/201406221400.dump.gz,97135560,95675842,41495510,3269492
http://mawi.nezu.wide.ad.jp/mawi/samplepoint-F/2014/201406231400.dump.gz,165226860,161332686,70124597,38121534
http://mawi.nezu.wide.ad.jp/mawi/samplepoint-F/2014/201406241400.dump.gz,130937787,125330750,71208273,3499220
http://mawi.nezu.wide.ad.jp/mawi/samplepoint-F/2014/201406251400.dump.gz,139060910,135094692,74128804,3864836
http://mawi.nezu.wide.ad.jp/mawi/samplepoint-F/2014/201406261400.dump.gz,135213529,130497392,70369339,3831122
http://mawi.nezu.wide.ad.jp/mawi/samplepoint-F/2014/201406271400.dump.gz,134608574,131626922,71550342,3117481
http://mawi.nezu.wide.ad.jp/mawi/samplepoint-F/2014/201406281400.dump.gz,112332748,108849832,50007361,4371971
http://mawi.nezu.wide.ad.jp/mawi/samplepoint-F/2014/201406291400.dump.gz,105246104,102902811,47963683,3591342
http://mawi.nezu.wide.ad.jp/mawi/samplepoint-F/2014/201406301400.dump.gz,138825545,134546054,74253562,3878219
http://mawi.nezu.wide.ad.jp/mawi/samplepoint-F/2014/201407011400.dump.gz,133777256,128515748,79250447,4340057
http://mawi.nezu.wide.ad.jp/mawi/samplepoint-F/2014/201407021400.dump.gz,136061223,132081455,74130704,9151210
http://mawi.nezu.wide.ad.jp/mawi/samplepoint-F/2014/201407031400.dump.gz,145205961,134127783,72501980,9654811
http://mawi.nezu.wide.ad.jp/mawi/samplepoint-F/2014/201407041400.dump.gz,144907949,140003784,78608488,9382384
http://mawi.nezu.wide.ad.jp/mawi/samplepoint-F/2014/201407051400.dump.gz,111049439,109245938,48843093,10212544
http://mawi.nezu.wide.ad.jp/mawi/samplepoint-F/2014/201407061400.dump.gz,94368376,92791300,42997309,3445975
http://mawi.nezu.wide.ad.jp/mawi/samplepoint-F/2014/201407071400.dump.gz,146955043,141303156,77358855,8830864
http://mawi.nezu.wide.ad.jp/mawi/samplepoint-F/2014/201407081400.dump.gz,127560167,119973616,70099610,4158577
http://mawi.nezu.wide.ad.jp/mawi/samplepoint-F/2014/201407091400.dump.gz,164438756,155500189,90805285,9536728
http://mawi.nezu.wide.ad.jp/mawi/samplepoint-F/2014/201407101400.dump.gz,134608406,124101545,75017386,6464014
http://mawi.nezu.wide.ad.jp/mawi/samplepoint-F/2014/201407111400.dump.gz,134432887,125745587,72812071,7756151
http://mawi.nezu.wide.ad.jp/mawi/samplepoint-F/2014/201407121400.dump.gz,104917046,99863598,49922641,2198247
http://mawi.nezu.wide.ad.jp/mawi/samplepoint-F/2014/201407131400.dump.gz,106524841,103563219,37842250,11420549
http://mawi.nezu.wide.ad.jp/mawi/samplepoint-F/2014/201407141400.dump.gz,132510286,124834284,74218128,3083458
http://mawi.nezu.wide.ad.jp/mawi/samplepoint-F/2014/201407151400.dump.gz,116016682,109541171,50893739,19451191
http://mawi.nezu.wide.ad.jp/mawi/samplepoint-F/2014/201407161400.dump.gz,129270446,121499625,68267546,3683827
http://mawi.nezu.wide.ad.jp/mawi/samplepoint-F/2014/201407171400.dump.gz,130917300,121773855,72111795,5796004
http://mawi.nezu.wide.ad.jp/mawi/samplepoint-F/2014/201407181359.dump.gz,124221129,119432615,68248569,5440971
http://mawi.nezu.wide.ad.jp/mawi/samplepoint-F/2014/201407191400.dump.gz,109540854,107350139,46500378,6724310
http://mawi.nezu.wide.ad.jp/mawi/samplepoint-F/2014/201407201400.dump.gz,108336991,106981928,44220415,10004640
http://mawi.nezu.wide.ad.jp/mawi/samplepoint-F/2014/201407211400.dump.gz,115302998,111967050,55417264,4605489
http://mawi.nezu.wide.ad.jp/mawi/samplepoint-F/2014/201407221400.dump.gz,124563218,117726823,65625384,4408299
http://mawi.nezu.wide.ad.jp/mawi/samplepoint-F/2014/201407231400.dump.gz,97987922,94587182,67130918,2829020
http://mawi.nezu.wide.ad.jp/mawi/samplepoint-F/2014/201407241359.dump.gz,101591654,100127456,76373116,1645298
http://mawi.nezu.wide.ad.jp/mawi/samplepoint-F/2014/201407251400.dump.gz,120009116,117078293,78664986,2257994
http://mawi.nezu.wide.ad.jp/mawi/samplepoint-F/2014/201407261400.dump.gz,95666554,93277785,58870814,2133912
http://mawi.nezu.wide.ad.jp/mawi/samplepoint-F/2014/201407271400.dump.gz,94378461,93658271,61771006,1692711
http://mawi.nezu.wide.ad.jp/mawi/samplepoint-F/2014/201407281400.dump.gz,104265470,100270494,71659391,1993124
http://mawi.nezu.wide.ad.jp/mawi/samplepoint-F/2014/201407291400.dump.gz,120031588,116969241,59345466,3550417
http://mawi.nezu.wide.ad.jp/mawi/samplepoint-F/2014/201407301400.dump.gz,96595237,94060663,66107068,1419635
http://mawi.nezu.wide.ad.jp/mawi/samplepoint-F/2014/201407311400.dump.gz,95756828,93508832,66544184,2029390
http://mawi.nezu.wide.ad.jp/mawi/samplepoint-F/2014/201408011400.dump.gz,92650918,89161712,45375664,2504158
http://mawi.nezu.wide.ad.jp/mawi/samplepoint-F/2014/201408021400.dump.gz,95694203,94466186,64413733,1471655
http://mawi.nezu.wide.ad.jp/mawi/samplepoint-F/2014/201408031400.dump.gz,99278238,98698044,70798960,1277986
http://mawi.nezu.wide.ad.jp/mawi/samplepoint-F/2014/201408041400.dump.gz,118153192,114651970,58629067,4923129
http://mawi.nezu.wide.ad.jp/mawi/samplepoint-F/2014/201408051400.dump.gz,114864488,112219578,59537766,2822905
http://mawi.nezu.wide.ad.jp/mawi/samplepoint-F/2014/201408061400.dump.gz,116554184,112641306,61177018,2310934
http://mawi.nezu.wide.ad.jp/mawi/samplepoint-F/2014/201408071400.dump.gz,105994380,103979539,47812562,3677115
http://mawi.nezu.wide.ad.jp/mawi/samplepoint-F/2014/201408081359.dump.gz,106497018,103792157,50936672,3958515
http://mawi.nezu.wide.ad.jp/mawi/samplepoint-F/2014/201408091400.dump.gz,104457919,101983321,46041631,3210703
http://mawi.nezu.wide.ad.jp/mawi/samplepoint-F/2014/201408101359.dump.gz,101830807,100233463,40554431,3446674
http://mawi.nezu.wide.ad.jp/mawi/samplepoint-F/2014/201408111400.dump.gz,107801287,104263620,54346024,3290460
http://mawi.nezu.wide.ad.jp/mawi/samplepoint-F/2014/201408121400.dump.gz,122270357,118374755,63918761,4305763
http://mawi.nezu.wide.ad.jp/mawi/samplepoint-F/2014/201408131400.dump.gz,101955752,99982348,51594634,2460334
http://mawi.nezu.wide.ad.jp/mawi/samplepoint-F/2014/201408141400.dump.gz,98413767,94340600,44921628,2872071
http://mawi.nezu.wide.ad.jp/mawi/samplepoint-F/2014/201408151359.dump.gz,101741539,100594909,43805070,3182179
http://mawi.nezu.wide.ad.jp/mawi/samplepoint-F/2014/201408161400.dump.gz,100358303,98529194,46591619,2651799
http://mawi.nezu.wide.ad.jp/mawi/samplepoint-F/2014/201408171400.dump.gz,91695844,90073489,36693938,3892487
http://mawi.nezu.wide.ad.jp/mawi/samplepoint-F/2014/201408181400.dump.gz,115892837,112277083,55056707,4923489
http://mawi.nezu.wide.ad.jp/mawi/samplepoint-F/2014/201408191400.dump.gz,112953223,107369192,47352996,5484876
http://mawi.nezu.wide.ad.jp/mawi/samplepoint-F/2014/201408201400.dump.gz,111684000,107887564,55126831,2517576
http://mawi.nezu.wide.ad.jp/mawi/samplepoint-F/2014/201408211400.dump.gz,104417437,99526492,56184002,2134902
http://mawi.nezu.wide.ad.jp/mawi/samplepoint-F/2014/201408221400.dump.gz,107932196,105911835,53242570,3317676
http://mawi.nezu.wide.ad.jp/mawi/samplepoint-F/2014/201408231359.dump.gz,86600148,84774410,38911605,2985675
http://mawi.nezu.wide.ad.jp/mawi/samplepoint-F/2014/201408241400.dump.gz,100352420,98213347,41511408,3364932
http://mawi.nezu.wide.ad.jp/mawi/samplepoint-F/2014/201408251400.dump.gz,110658160,107545801,49344435,2976669
http://mawi.nezu.wide.ad.jp/mawi/samplepoint-F/2014/201408261400.dump.gz,114576364,110854246,55232559,2899344
http://mawi.nezu.wide.ad.jp/mawi/samplepoint-F/2014/201408271400.dump.gz,109114916,105750280,53746095,3087850
http://mawi.nezu.wide.ad.jp/mawi/samplepoint-F/2014/201408281400.dump.gz,105612791,101500537,48922706,2854458
http://mawi.nezu.wide.ad.jp/mawi/samplepoint-F/2014/201408291400.dump.gz,113885563,110581798,56642401,2241983
http://mawi.nezu.wide.ad.jp/mawi/samplepoint-F/2014/201408301400.dump.gz,96248058,93993972,37119761,1923268
http://mawi.nezu.wide.ad.jp/mawi/samplepoint-F/2014/201408311400.dump.gz,89450804,87801062,35951128,3765716
http://mawi.nezu.wide.ad.jp/mawi/samplepoint-F/2014/201409011400.dump.gz,114222467,111461794,62355149,4580825
http://mawi.nezu.wide.ad.jp/mawi/samplepoint-F/2014/201409021400.dump.gz,107062940,103479390,45791739,3402967
http://mawi.nezu.wide.ad.jp/mawi/samplepoint-F/2014/201409031400.dump.gz,117421818,115149790,56606341,2389903
http://mawi.nezu.wide.ad.jp/mawi/samplepoint-F/2014/201409041400.dump.gz,110375307,106024023,48149605,3380786
http://mawi.nezu.wide.ad.jp/mawi/samplepoint-F/2014/201409051400.dump.gz,101390924,97674137,45273295,2838865
http://mawi.nezu.wide.ad.jp/mawi/samplepoint-F/2014/201409061400.dump.gz,73681585,71397117,33285711,3474568
http://mawi.nezu.wide.ad.jp/mawi/samplepoint-F/2014/201409071400.dump.gz,94025057,92457525,37168584,2112743
http://mawi.nezu.wide.ad.jp/mawi/samplepoint-F/2014/201409081400.dump.gz,94732091,91251179,39137910,2699008
http://mawi.nezu.wide.ad.jp/mawi/samplepoint-F/2014/201409091400.dump.gz,98560618,94516218,41537274,3212914
http://mawi.nezu.wide.ad.jp/mawi/samplepoint-F/2014/201409101400.dump.gz,92953331,88235733,50988063,1754331
http://mawi.nezu.wide.ad.jp/mawi/samplepoint-F/2014/201409111400.dump.gz,110384858,105841920,50064664,3112524
http://mawi.nezu.wide.ad.jp/mawi/samplepoint-F/2014/201409121400.dump.gz,110032309,107467559,50404466,3263834
http://mawi.nezu.wide.ad.jp/mawi/samplepoint-F/2014/201409131400.dump.gz,100716812,98971859,43870594,2907350
http://mawi.nezu.wide.ad.jp/mawi/samplepoint-F/2014/201409141400.dump.gz,93675823,91943854,37395520,2856802
http://mawi.nezu.wide.ad.jp/mawi/samplepoint-F/2014/201409151400.dump.gz,104679108,101574885,47085217,3293582
http://mawi.nezu.wide.ad.jp/mawi/samplepoint-F/2014/201409161400.dump.gz,106295659,102534248,54442415,2808805
http://mawi.nezu.wide.ad.jp/mawi/samplepoint-F/2014/201409171400.dump.gz,112415399,108744717,54837502,2844469
http://mawi.nezu.wide.ad.jp/mawi/samplepoint-F/2014/201409181400.dump.gz,107776143,104147106,50824911,2905474
http://mawi.nezu.wide.ad.jp/mawi/samplepoint-F/2014/201409191400.dump.gz,118057696,112921608,65512078,3709125
http://mawi.nezu.wide.ad.jp/mawi/samplepoint-F/2014/201409201400.dump.gz,114672214,102613347,43418406,4093859
http://mawi.nezu.wide.ad.jp/mawi/samplepoint-F/2014/201409211400.dump.gz,97564798,95581665,40711602,3451063
http://mawi.nezu.wide.ad.jp/mawi/samplepoint-F/2014/201409221400.dump.gz,116873294,112364799,60142275,3290072
http://mawi.nezu.wide.ad.jp/mawi/samplepoint-F/2014/201409231400.dump.gz,115427828,112790252,53649224,4561914
http://mawi.nezu.wide.ad.jp/mawi/samplepoint-F/2014/201409251400.dump.gz,119937651,101665872,53599496,2402616
http://mawi.nezu.wide.ad.jp/mawi/samplepoint-F/2014/201409261400.dump.gz,123552690,119582415,63002300,3258164
http://mawi.nezu.wide.ad.jp/mawi/samplepoint-F/2014/201409271400.dump.gz,95587417,93248732,41901304,2947742
http://mawi.nezu.wide.ad.jp/mawi/samplepoint-F/2014/201409281359.dump.gz,93247169,90614380,36529726,3131248
http://mawi.nezu.wide.ad.jp/mawi/samplepoint-F/2014/201409291400.dump.gz,125485730,119499229,67802909,3336623
http://mawi.nezu.wide.ad.jp/mawi/samplepoint-F/2014/201409301400.dump.gz,123821389,117710134,64854017,4634691
http://mawi.nezu.wide.ad.jp/mawi/samplepoint-F/2014/201410011400.dump.gz,116046591,109778534,56693911,4748228
http://mawi.nezu.wide.ad.jp/mawi/samplepoint-F/2014/201410021400.dump.gz,121783850,114012417,63967589,3132196
http://mawi.nezu.wide.ad.jp/mawi/samplepoint-F/2014/201410031400.dump.gz,121817834,117799266,60646145,3402186
http://mawi.nezu.wide.ad.jp/mawi/samplepoint-F/2014/201410041400.dump.gz,120251320,115946831,51656548,3121009
http://mawi.nezu.wide.ad.jp/mawi/samplepoint-F/2014/201410051400.dump.gz,111750242,110125242,49582305,3502198
http://mawi.nezu.wide.ad.jp/mawi/samplepoint-F/2014/201410061400.dump.gz,119330454,114299261,57137095,6104292
http://mawi.nezu.wide.ad.jp/mawi/samplepoint-F/2014/201410071400.dump.gz,125259322,122306616,75409853,3493052
http://mawi.nezu.wide.ad.jp/mawi/samplepoint-F/2014/201410081400.dump.gz,128283835,124525233,74587843,3539599
http://mawi.nezu.wide.ad.jp/mawi/samplepoint-F/2014/201410091400.dump.gz,126476520,121575806,61860250,2980584
http://mawi.nezu.wide.ad.jp/mawi/samplepoint-F/2014/201410101400.dump.gz,129213593,126153016,71170951,3534672
http://mawi.nezu.wide.ad.jp/mawi/samplepoint-F/2014/201410111400.dump.gz,112521330,109379230,60678207,2698060
http://mawi.nezu.wide.ad.jp/mawi/samplepoint-F/2014/201410121400.dump.gz,107279477,105603494,49700918,3212787
http://mawi.nezu.wide.ad.jp/mawi/samplepoint-F/2014/201410131400.dump.gz,118104314,115920962,57793164,3451083
http://mawi.nezu.wide.ad.jp/mawi/samplepoint-F/2014/201410141400.dump.gz,127771556,120410315,64144848,4264070
http://mawi.nezu.wide.ad.jp/mawi/samplepoint-F/2014/201410151400.dump.gz,131926469,125886954,78453709,3021917
http://mawi.nezu.wide.ad.jp/mawi/samplepoint-F/2014/201410161400.dump.gz,125446383,114525565,65488730,4493075
http://mawi.nezu.wide.ad.jp/mawi/samplepoint-F/2014/201410171400.dump.gz,131585898,127100357,81716003,2861781
http://mawi.nezu.wide.ad.jp/mawi/samplepoint-F/2014/201410181400.dump.gz,105996074,101993990,51388511,5410358
http://mawi.nezu.wide.ad.jp/mawi/samplepoint-F/2014/201410191400.dump.gz,94169124,90265052,31149281,3463717
http://mawi.nezu.wide.ad.jp/mawi/samplepoint-F/2014/201410201400.dump.gz,129615976,122506502,74046959,3609080
http://mawi.nezu.wide.ad.jp/mawi/samplepoint-F/2014/201410211400.dump.gz,133849240,127683297,86007217,2837187
http://mawi.nezu.wide.ad.jp/mawi/samplepoint-F/2014/201410221400.dump.gz,130375415,124066639,72143668,2820123
http://mawi.nezu.wide.ad.jp/mawi/samplepoint-F/2014/201410231400.dump.gz,128574111,122644716,73915321,4579282
http://mawi.nezu.wide.ad.jp/mawi/samplepoint-F/2014/201410241400.dump.gz,130158768,125649720,77582805,4112402
http://mawi.nezu.wide.ad.jp/mawi/samplepoint-F/2014/201410251400.dump.gz,93925498,91372898,45049785,7027487
http://mawi.nezu.wide.ad.jp/mawi/samplepoint-F/2014/201410261400.dump.gz,108439939,106081338,45481671,11381413
http://mawi.nezu.wide.ad.jp/mawi/samplepoint-F/2014/201410271400.dump.gz,132737857,122818539,80047632,3014048
http://mawi.nezu.wide.ad.jp/mawi/samplepoint-F/2014/201410281400.dump.gz,131822136,126270767,80074977,2970500
http://mawi.nezu.wide.ad.jp/mawi/samplepoint-F/2014/201410291400.dump.gz,124190898,118701857,73947050,4034854
http://mawi.nezu.wide.ad.jp/mawi/samplepoint-F/2014/201410301400.dump.gz,129837846,123163495,74766220,3148786
http://mawi.nezu.wide.ad.jp/mawi/samplepoint-F/2014/201410311400.dump.gz,124675768,120597470,67082211,4007712
http://mawi.nezu.wide.ad.jp/mawi/samplepoint-F/2014/201411011400.dump.gz,109188608,104264541,47764390,4266748
http://mawi.nezu.wide.ad.jp/mawi/samplepoint-F/2014/201411021400.dump.gz,101251783,97982717,46526802,2990267
http://mawi.nezu.wide.ad.jp/mawi/samplepoint-F/2014/201411031400.dump.gz,110664485,105786571,58946975,3452004
http://mawi.nezu.wide.ad.jp/mawi/samplepoint-F/2014/201411041400.dump.gz,116936377,111006952,62143396,3716891
http://mawi.nezu.wide.ad.jp/mawi/samplepoint-F/2014/201411051400.dump.gz,129743247,120929761,72634761,4322186
http://mawi.nezu.wide.ad.jp/mawi/samplepoint-F/2014/201411061400.dump.gz,117807658,109801889,65987987,3729872
http://mawi.nezu.wide.ad.jp/mawi/samplepoint-F/2014/201411071400.dump.gz,122606195,117515136,64824845,3197443
http://mawi.nezu.wide.ad.jp/mawi/samplepoint-F/2014/201411081400.dump.gz,91712062,89035560,45221600,3390715
http://mawi.nezu.wide.ad.jp/mawi/samplepoint-F/2014/201411091400.dump.gz,93811592,92466156,36532987,5252988
http://mawi.nezu.wide.ad.jp/mawi/samplepoint-F/2014/201411101400.dump.gz,124784015,120214910,71757981,3934479
http://mawi.nezu.wide.ad.jp/mawi/samplepoint-F/2014/201411111400.dump.gz,115505233,110069976,67104925,4194754
http://mawi.nezu.wide.ad.jp/mawi/samplepoint-F/2014/201411121400.dump.gz,130578783,122652917,75429279,4493692
http://mawi.nezu.wide.ad.jp/mawi/samplepoint-F/2014/201411131400.dump.gz,132444050,126836512,80370650,4366409
http://mawi.nezu.wide.ad.jp/mawi/samplepoint-F/2014/201411141400.dump.gz,131668766,126236181,69069458,15921312
http://mawi.nezu.wide.ad.jp/mawi/samplepoint-F/2014/201411151400.dump.gz,113759998,111612509,46938738,20006267
http://mawi.nezu.wide.ad.jp/mawi/samplepoint-F/2014/201411161400.dump.gz,109509554,108167534,48903733,19716100
http://mawi.nezu.wide.ad.jp/mawi/samplepoint-F/2014/201411171400.dump.gz,130401457,123423382,72853177,7181657
http://mawi.nezu.wide.ad.jp/mawi/samplepoint-F/2014/201411181400.dump.gz,109056547,85612836,46345757,9528044
http://mawi.nezu.wide.ad.jp/mawi/samplepoint-F/2014/201411191400.dump.gz,126122320,122746161,61200897,18375795
http://mawi.nezu.wide.ad.jp/mawi/samplepoint-F/2014/201411201400.dump.gz,125635180,121154263,64183820,16435204
http://mawi.nezu.wide.ad.jp/mawi/samplepoint-F/2014/201411211400.dump.gz,125295371,121970383,59503211,19890372
http://mawi.nezu.wide.ad.jp/mawi/samplepoint-F/2014/201411221400.dump.gz,94518354,92838408,48043200,14550960
http://mawi.nezu.wide.ad.jp/mawi/samplepoint-F/2014/201411231400.dump.gz,101069272,99849211,44159695,19261627
http://mawi.nezu.wide.ad.jp/mawi/samplepoint-F/2014/201411241400.dump.gz,120674454,117596463,67188282,12688771
http://mawi.nezu.wide.ad.jp/mawi/samplepoint-F/2014/201411251400.dump.gz,125873290,121747691,79755958,4726304
http://mawi.nezu.wide.ad.jp/mawi/samplepoint-F/2014/201411261400.dump.gz,125273197,121060017,71083952,12908427
http://mawi.nezu.wide.ad.jp/mawi/samplepoint-F/2014/201411271400.dump.gz,126636598,118066613,64837799,9898879
http://mawi.nezu.wide.ad.jp/mawi/samplepoint-F/2014/201411281400.dump.gz,126775316,121851590,67989241,6617452
http://mawi.nezu.wide.ad.jp/mawi/samplepoint-F/2014/201411291400.dump.gz,117618363,116236760,67322594,7357695
http://mawi.nezu.wide.ad.jp/mawi/samplepoint-F/2014/201411301400.dump.gz,101476091,98629039,40216858,11125331
http://mawi.nezu.wide.ad.jp/mawi/samplepoint-F/2014/201412011400.dump.gz,129778143,123399051,64560121,15416806
http://mawi.nezu.wide.ad.jp/mawi/samplepoint-F/2014/201412021400.dump.gz,132480824,127576218,74509826,14708204
http://mawi.nezu.wide.ad.jp/mawi/samplepoint-F/2014/201412031400.dump.gz,123824398,116573905,74585545,2509089
http://mawi.nezu.wide.ad.jp/mawi/samplepoint-F/2014/201412041400.dump.gz,130883871,126287663,76966497,8089523
http://mawi.nezu.wide.ad.jp/mawi/samplepoint-F/2014/201412051400.dump.gz,128030407,120997663,73885175,3078457
http://mawi.nezu.wide.ad.jp/mawi/samplepoint-F/2014/201412061400.dump.gz,108896133,105853994,46227721,17384752
http://mawi.nezu.wide.ad.jp/mawi/samplepoint-F/2014/201412071400.dump.gz,65991566,64230917,39254822,21846722
http://mawi.nezu.wide.ad.jp/mawi/samplepoint-F/2014/201412081359.dump.gz,90036458,84627119,71919367,9787533
http://mawi.nezu.wide.ad.jp/mawi/samplepoint-F/2014/201412091400.dump.gz,122503343,117502596,83024783,5703584
http://mawi.nezu.wide.ad.jp/mawi/samplepoint-F/2014/201412101400.dump.gz,130821885,122859190,81701136,4862454
http://mawi.nezu.wide.ad.jp/mawi/samplepoint-F/2014/201412111400.dump.gz,128976103,122630691,81506677,3669940
http://mawi.nezu.wide.ad.jp/mawi/samplepoint-F/2014/201412121400.dump.gz,126985277,121120900,76346199,6757345
http://mawi.nezu.wide.ad.jp/mawi/samplepoint-F/2014/201412131400.dump.gz,106831604,104751138,59042194,4848483
http://mawi.nezu.wide.ad.jp/mawi/samplepoint-F/2014/201412141359.dump.gz,101266558,99901754,47015786,3494393
http://mawi.nezu.wide.ad.jp/mawi/samplepoint-F/2014/201412151400.dump.gz,132165815,128514885,91132397,3437423
http://mawi.nezu.wide.ad.jp/mawi/samplepoint-F/2014/201412161400.dump.gz,132277205,126168103,76829529,4387445
http://mawi.nezu.wide.ad.jp/mawi/samplepoint-F/2014/201412171400.dump.gz,134603683,129253935,80348619,6667492
http://mawi.nezu.wide.ad.jp/mawi/samplepoint-F/2014/201412181400.dump.gz,127851001,122316187,78404799,4874306
http://mawi.nezu.wide.ad.jp/mawi/samplepoint-F/2014/201412191400.dump.gz,132434710,127278861,77213357,3244267
http://mawi.nezu.wide.ad.jp/mawi/samplepoint-F/2014/201412201400.dump.gz,110019787,107838464,46288196,12189852
http://mawi.nezu.wide.ad.jp/mawi/samplepoint-F/2014/201412211359.dump.gz,86803015,85266083,39891841,4119531
http://mawi.nezu.wide.ad.jp/mawi/samplepoint-F/2014/201412221400.dump.gz,122469873,118036966,72323008,3899563
http://mawi.nezu.wide.ad.jp/mawi/samplepoint-F/2014/201412231400.dump.gz,113805209,111412319,64731602,2727636
http://mawi.nezu.wide.ad.jp/mawi/samplepoint-F/2014/201412241400.dump.gz,121683964,118153618,46023268,39690114
http://mawi.nezu.wide.ad.jp/mawi/samplepoint-F/2014/201412251400.dump.gz,109848685,104183272,54602256,4732600
http://mawi.nezu.wide.ad.jp/mawi/samplepoint-F/2014/201412261400.dump.gz,98636525,96557463,37612035,30193165
http://mawi.nezu.wide.ad.jp/mawi/samplepoint-F/2014/201412271400.dump.gz,96693449,95344307,41041641,4853335
http://mawi.nezu.wide.ad.jp/mawi/samplepoint-F/2014/201412281400.dump.gz,124616470,123168553,37943445,41347192
http://mawi.nezu.wide.ad.jp/mawi/samplepoint-F/2014/201412291400.dump.gz,130151392,128858491,35667181,43280209
http://mawi.nezu.wide.ad.jp/mawi/samplepoint-F/2014/201412301400.dump.gz,89106553,87846839,40769824,2596574
