url,total,ip,tcp,udp
http://mawi.nezu.wide.ad.jp/mawi/samplepoint-F/2016/201601011400.pcap.gz,64613725,63385985,34349875,6268819
http://mawi.nezu.wide.ad.jp/mawi/samplepoint-F/2016/201601021400.pcap.gz,79883894,77773216,29925311,24839062
http://mawi.nezu.wide.ad.jp/mawi/samplepoint-F/2016/201601031400.pcap.gz,81450020,78828120,48849186,7258906
http://mawi.nezu.wide.ad.jp/mawi/samplepoint-F/2016/201601041359.pcap.gz,93008339,89008115,57540285,8309049
http://mawi.nezu.wide.ad.jp/mawi/samplepoint-F/2016/201601051400.pcap.gz,73862258,69363369,40940157,5770800
http://mawi.nezu.wide.ad.jp/mawi/samplepoint-F/2016/201601061400.pcap.gz,129706958,120007552,88048422,8414892
http://mawi.nezu.wide.ad.jp/mawi/samplepoint-F/2016/201601071400.pcap.gz,118881940,111297072,79183104,8701662
http://mawi.nezu.wide.ad.jp/mawi/samplepoint-F/2016/201601081400.pcap.gz,128896166,120567991,84797631,10146664
http://mawi.nezu.wide.ad.jp/mawi/samplepoint-F/2016/201601091400.pcap.gz,233198443,230638700,52085661,159686248
http://mawi.nezu.wide.ad.jp/mawi/samplepoint-F/2016/201601101400.pcap.gz,149862318,147410725,50438975,73587668
http://mawi.nezu.wide.ad.jp/mawi/samplepoint-F/2016/201601111400.pcap.gz,220701547,218759254,47196941,154339054
http://mawi.nezu.wide.ad.jp/mawi/samplepoint-F/2016/201601121400.pcap.gz,219746437,213503587,55735509,141878888
http://mawi.nezu.wide.ad.jp/mawi/samplepoint-F/2016/201601131400.pcap.gz,145783136,130787178,95449112,13793435
http://mawi.nezu.wide.ad.jp/mawi/samplepoint-F/2016/201601141400.pcap.gz,120078092,110500992,81653759,5291641
http://mawi.nezu.wide.ad.jp/mawi/samplepoint-F/2016/201601151400.pcap.gz,96620806,86987011,58021912,6035926
http://mawi.nezu.wide.ad.jp/mawi/samplepoint-F/2016/201601161400.pcap.gz,98869712,94553330,35565273,37415172
http://mawi.nezu.wide.ad.jp/mawi/samplepoint-F/2016/201601171400.pcap.gz,114721208,111925182,44691729,12147367
http://mawi.nezu.wide.ad.jp/mawi/samplepoint-F/2016/201601181400.pcap.gz,138610578,121350535,91510253,5836500
http://mawi.nezu.wide.ad.jp/mawi/samplepoint-F/2016/201601191400.pcap.gz,144074057,124269856,89154376,8282587
http://mawi.nezu.wide.ad.jp/mawi/samplepoint-F/2016/201601201400.pcap.gz,149675203,130982121,99134763,7243595
http://mawi.nezu.wide.ad.jp/mawi/samplepoint-F/2016/201601211400.pcap.gz,139684106,121849952,93544060,5585836
http://mawi.nezu.wide.ad.jp/mawi/samplepoint-F/2016/201601221400.pcap.gz,138254386,122253498,90181250,7301915
http://mawi.nezu.wide.ad.jp/mawi/samplepoint-F/2016/201601231400.pcap.gz,153433131,147066603,39494856,90677423
http://mawi.nezu.wide.ad.jp/mawi/samplepoint-F/2016/201601241400.pcap.gz,108204358,102624024,64882627,12601891
http://mawi.nezu.wide.ad.jp/mawi/samplepoint-F/2016/201601251400.pcap.gz,157661867,142627911,108689871,8646999
http://mawi.nezu.wide.ad.jp/mawi/samplepoint-F/2016/201601261400.pcap.gz,140945757,123759979,80778696,17985202
http://mawi.nezu.wide.ad.jp/mawi/samplepoint-F/2016/201601271400.pcap.gz,118673920,103099135,71186671,4796917
http://mawi.nezu.wide.ad.jp/mawi/samplepoint-F/2016/201601281400.pcap.gz,123259708,106922041,78328559,4249666
http://mawi.nezu.wide.ad.jp/mawi/samplepoint-F/2016/201601291400.pcap.gz,133219721,115637295,83285213,7163126
http://mawi.nezu.wide.ad.jp/mawi/samplepoint-F/2016/201601301400.pcap.gz,90050092,83397550,52088681,6343521
http://mawi.nezu.wide.ad.jp/mawi/samplepoint-F/2016/201601311400.pcap.gz,103935003,82852686,51894096,5006769
http://mawi.nezu.wide.ad.jp/mawi/samplepoint-F/2016/201602011400.pcap.gz,119034902,107193110,75044610,7475164
http://mawi.nezu.wide.ad.jp/mawi/samplepoint-F/2016/201602021400.pcap.gz,130534969,119050197,80779893,11738647
http://mawi.nezu.wide.ad.jp/mawi/samplepoint-F/2016/201602031400.pcap.gz,142248031,125481470,93809540,5715455
http://mawi.nezu.wide.ad.jp/mawi/samplepoint-F/2016/201602041400.pcap.gz,138893777,127496149,94410552,7776541
http://mawi.nezu.wide.ad.jp/mawi/samplepoint-F/2016/201602051400.pcap.gz,131879887,121665268,86997004,9119221
http://mawi.nezu.wide.ad.jp/mawi/samplepoint-F/2016/201602061400.pcap.gz,119350760,112291473,81100081,5240616
http://mawi.nezu.wide.ad.jp/mawi/samplepoint-F/2016/201602071400.pcap.gz,99615256,92960690,60751502,6221345
http://mawi.nezu.wide.ad.jp/mawi/samplepoint-F/2016/201602081400.pcap.gz,122478798,112616756,77646117,6906895
http://mawi.nezu.wide.ad.jp/mawi/samplepoint-F/2016/201602091400.pcap.gz,129439052,118992513,87476345,7056600
http://mawi.nezu.wide.ad.jp/mawi/samplepoint-F/2016/201602101400.pcap.gz,131617118,120215803,87581723,6405116
http://mawi.nezu.wide.ad.jp/mawi/samplepoint-F/2016/201602111400.pcap.gz,142014678,134127490,98889181,9950176
http://mawi.nezu.wide.ad.jp/mawi/samplepoint-F/2016/201602121400.pcap.gz,119016269,112239117,78449645,8217192
http://mawi.nezu.wide.ad.jp/mawi/samplepoint-F/2016/201602131400.pcap.gz,98799788,94691177,62768640,6363488
http://mawi.nezu.wide.ad.jp/mawi/samplepoint-F/2016/201602141400.pcap.gz,76118910,73162427,41067233,6556732
http://mawi.nezu.wide.ad.jp/mawi/samplepoint-F/2016/201602151400.pcap.gz,129910281,123715554,91436589,7523867
http://mawi.nezu.wide.ad.jp/mawi/samplepoint-F/2016/201602161400.pcap.gz,131560899,124646927,91307712,8519877
http://mawi.nezu.wide.ad.jp/mawi/samplepoint-F/2016/201602171400.pcap.gz,119308954,110612986,80995625,5579709
http://mawi.nezu.wide.ad.jp/mawi/samplepoint-F/2016/201602181400.pcap.gz,124801052,116729296,84068383,8223460
http://mawi.nezu.wide.ad.jp/mawi/samplepoint-F/2016/201602191400.pcap.gz,125123537,114904911,84878333,6359687
http://mawi.nezu.wide.ad.jp/mawi/samplepoint-F/2016/201602201400.pcap.gz,77216096,74966304,44736464,6926032
http://mawi.nezu.wide.ad.jp/mawi/samplepoint-F/2016/201602211400.pcap.gz,95644728,93494715,52144846,17297107
http://mawi.nezu.wide.ad.jp/mawi/samplepoint-F/2016/201602221400.pcap.gz,120391633,115453558,86183932,6937900
http://mawi.nezu.wide.ad.jp/mawi/samplepoint-F/2016/201602231400.pcap.gz,139765661,135251426,91792850,21146854
http://mawi.nezu.wide.ad.jp/mawi/samplepoint-F/2016/201602241400.pcap.gz,120601974,116844622,82790971,10240207
http://mawi.nezu.wide.ad.jp/mawi/samplepoint-F/2016/201602251400.pcap.gz,113104182,109319339,76839568,10176876
http://mawi.nezu.wide.ad.jp/mawi/samplepoint-F/2016/201602261400.pcap.gz,135264190,130138307,73031913,33863926
http://mawi.nezu.wide.ad.jp/mawi/samplepoint-F/2016/201602271400.pcap.gz,129408198,124889799,75023255,24843018
http://mawi.nezu.wide.ad.jp/mawi/samplepoint-F/2016/201602281400.pcap.gz,89988774,85788348,50379647,11420557
http://mawi.nezu.wide.ad.jp/mawi/samplepoint-F/2016/201602291400.pcap.gz,115144566,110624642,76674229,9241596
http://mawi.nezu.wide.ad.jp/mawi/samplepoint-F/2016/201603011400.pcap.gz,131960191,128834732,87678952,17565863
http://mawi.nezu.wide.ad.jp/mawi/samplepoint-F/2016/201603021400.pcap.gz,127388983,123869348,74883833,24938064
http://mawi.nezu.wide.ad.jp/mawi/samplepoint-F/2016/201603031400.pcap.gz,119425579,115257037,84199583,6990976
http://mawi.nezu.wide.ad.jp/mawi/samplepoint-F/2016/201603041400.pcap.gz,118047760,112464235,82444945,6747388
http://mawi.nezu.wide.ad.jp/mawi/samplepoint-F/2016/201603051400.pcap.gz,91507849,87835669,55333119,9632903
http://mawi.nezu.wide.ad.jp/mawi/samplepoint-F/2016/201603061400.pcap.gz,84985163,81234104,49867916,7640683
http://mawi.nezu.wide.ad.jp/mawi/samplepoint-F/2016/201603071400.pcap.gz,126668308,122794198,87502465,11665680
http://mawi.nezu.wide.ad.jp/mawi/samplepoint-F/2016/201603081400.pcap.gz,148171742,143791272,77165024,44574347
http://mawi.nezu.wide.ad.jp/mawi/samplepoint-F/2016/201603091400.pcap.gz,116624559,111290706,78468669,7463578
http://mawi.nezu.wide.ad.jp/mawi/samplepoint-F/2016/201603101400.pcap.gz,231742924,227046414,72776769,136693823
http://mawi.nezu.wide.ad.jp/mawi/samplepoint-F/2016/201603111400.pcap.gz,100654721,95183127,65301650,6664463
http://mawi.nezu.wide.ad.jp/mawi/samplepoint-F/2016/201603121400.pcap.gz,220977772,219159083,46076426,156027089
http://mawi.nezu.wide.ad.jp/mawi/samplepoint-F/2016/201603131400.pcap.gz,74958772,73887243,43844566,6135620
http://mawi.nezu.wide.ad.jp/mawi/samplepoint-F/2016/201603141400.pcap.gz,134823052,128267186,94496559,9551245
http://mawi.nezu.wide.ad.jp/mawi/samplepoint-F/2016/201603151400.pcap.gz,110645948,107051688,75683402,7898493
http://mawi.nezu.wide.ad.jp/mawi/samplepoint-F/2016/201603161400.pcap.gz,59693085,57819036,26845019,7279744
http://mawi.nezu.wide.ad.jp/mawi/samplepoint-F/2016/201603171400.pcap.gz,89506248,86328814,42585774,19782409
http://mawi.nezu.wide.ad.jp/mawi/samplepoint-F/2016/201603181400.pcap.gz,69374505,67349013,39417528,4713185
http://mawi.nezu.wide.ad.jp/mawi/samplepoint-F/2016/201603191400.pcap.gz,60771860,59616269,29954714,6267039
http://mawi.nezu.wide.ad.jp/mawi/samplepoint-F/2016/201603201400.pcap.gz,89016407,87349559,33497380,29993601
http://mawi.nezu.wide.ad.jp/mawi/samplepoint-F/2016/201603211400.pcap.gz,102511143,101452954,27992780,49218243
http://mawi.nezu.wide.ad.jp/mawi/samplepoint-F/2016/201603221400.pcap.gz,83368272,81505117,48539724,7343298
http://mawi.nezu.wide.ad.jp/mawi/samplepoint-F/2016/201603231400.pcap.gz,80646140,78334748,50671957,4567125
http://mawi.nezu.wide.ad.jp/mawi/samplepoint-F/2016/201603241400.pcap.gz,89797261,87307944,35034602,28707083
http://mawi.nezu.wide.ad.jp/mawi/samplepoint-F/2016/201603251400.pcap.gz,63705975,61279333,31704972,5984281
http://mawi.nezu.wide.ad.jp/mawi/samplepoint-F/2016/201603261400.pcap.gz,46966887,45471316,17381829,5270527
http://mawi.nezu.wide.ad.jp/mawi/samplepoint-F/2016/201603271400.pcap.gz,54821679,54220329,25502158,4603767
http://mawi.nezu.wide.ad.jp/mawi/samplepoint-F/2016/201603281400.pcap.gz,71400615,68499132,40120799,3923058
http://mawi.nezu.wide.ad.jp/mawi/samplepoint-F/2016/201603291400.pcap.gz,58374081,56517917,27308516,5409623
http://mawi.nezu.wide.ad.jp/mawi/samplepoint-F/2016/201603301400.pcap.gz,73224668,71626422,42522775,5685791
http://mawi.nezu.wide.ad.jp/mawi/samplepoint-F/2016/201603311400.pcap.gz,56895803,54476328,26025265,5067103
http://mawi.nezu.wide.ad.jp/mawi/samplepoint-F/2016/201604011400.pcap.gz,63255549,61100279,35239953,4917429
http://mawi.nezu.wide.ad.jp/mawi/samplepoint-F/2016/201604021400.pcap.gz,48418348,46335569,19860099,4798213
http://mawi.nezu.wide.ad.jp/mawi/samplepoint-F/2016/201604031400.pcap.gz,83165514,82314225,27744923,31741730
http://mawi.nezu.wide.ad.jp/mawi/samplepoint-F/2016/201604041400.pcap.gz,68246675,61203996,34271645,4466218
http://mawi.nezu.wide.ad.jp/mawi/samplepoint-F/2016/201604051400.pcap.gz,96847591,92124619,32408487,37938488
http://mawi.nezu.wide.ad.jp/mawi/samplepoint-F/2016/201604061400.pcap.gz,103261290,99131599,35610067,42303056
http://mawi.nezu.wide.ad.jp/mawi/samplepoint-F/2016/201604071400.pcap.gz,113326186,109258457,42875976,44317338
http://mawi.nezu.wide.ad.jp/mawi/samplepoint-F/2016/201604081400.pcap.gz,112595064,101738777,41088266,39992468
http://mawi.nezu.wide.ad.jp/mawi/samplepoint-F/2016/201604091400.pcap.gz,102772202,98318251,32174830,45102796
http://mawi.nezu.wide.ad.jp/mawi/samplepoint-F/2016/201604101400.pcap.gz,95867576,94285884,23274765,49710979
http://mawi.nezu.wide.ad.jp/mawi/samplepoint-F/2016/201604111400.pcap.gz,77837071,73332223,47496043,4731833
http://mawi.nezu.wide.ad.jp/mawi/samplepoint-F/2016/201604121400.pcap.gz,87690296,81068882,53527138,3935394
http://mawi.nezu.wide.ad.jp/mawi/samplepoint-F/2016/201604131359.pcap.gz,83328877,73328330,45774420,3679784
http://mawi.nezu.wide.ad.jp/mawi/samplepoint-F/2016/201604141400.pcap.gz,99983637,92758652,64406082,4688145
http://mawi.nezu.wide.ad.jp/mawi/samplepoint-F/2016/201604151400.pcap.gz,82838277,78653066,52062483,4207516
http://mawi.nezu.wide.ad.jp/mawi/samplepoint-F/2016/201604161400.pcap.gz,53721343,52112786,24005026,4809001
http://mawi.nezu.wide.ad.jp/mawi/samplepoint-F/2016/201604171400.pcap.gz,53841504,47910460,20420475,3756088
http://mawi.nezu.wide.ad.jp/mawi/samplepoint-F/2016/201604181400.pcap.gz,86709346,79814388,54759895,3219421
http://mawi.nezu.wide.ad.jp/mawi/samplepoint-F/2016/201604191400.pcap.gz,87515492,78333135,51354572,4067147
http://mawi.nezu.wide.ad.jp/mawi/samplepoint-F/2016/201604201400.pcap.gz,77599987,71754298,45604571,3823239
http://mawi.nezu.wide.ad.jp/mawi/samplepoint-F/2016/201604211400.pcap.gz,85817146,78613563,49951054,5453459
http://mawi.nezu.wide.ad.jp/mawi/samplepoint-F/2016/201604221400.pcap.gz,78983370,74102353,44272279,6005908
http://mawi.nezu.wide.ad.jp/mawi/samplepoint-F/2016/201604231400.pcap.gz,46368203,44435146,17856016,3106169
http://mawi.nezu.wide.ad.jp/mawi/samplepoint-F/2016/201604241400.pcap.gz,74516709,73396061,47789179,2515787
http://mawi.nezu.wide.ad.jp/mawi/samplepoint-F/2016/201604251400.pcap.gz,76432996,70439355,43383251,3889662
http://mawi.nezu.wide.ad.jp/mawi/samplepoint-F/2016/201604261400.pcap.gz,88379978,83138328,54211991,4033681
http://mawi.nezu.wide.ad.jp/mawi/samplepoint-F/2016/201604271400.pcap.gz,89907421,83326056,54075232,4739429
http://mawi.nezu.wide.ad.jp/mawi/samplepoint-F/2016/201604281400.pcap.gz,92577009,85940170,57822168,4073831
http://mawi.nezu.wide.ad.jp/mawi/samplepoint-F/2016/201604291400.pcap.gz,64943294,62659814,35854235,3484380
http://mawi.nezu.wide.ad.jp/mawi/samplepoint-F/2016/201604301400.pcap.gz,55979201,53968640,27495733,2750603
http://mawi.nezu.wide.ad.jp/mawi/samplepoint-F/2016/201605011400.pcap.gz,47898216,46450848,18216193,4191355
http://mawi.nezu.wide.ad.jp/mawi/samplepoint-F/2016/201605021400.pcap.gz,60736701,55507938,27747223,2877300
http://mawi.nezu.wide.ad.jp/mawi/samplepoint-F/2016/201605031400.pcap.gz,49404770,47637673,19528644,3255505
http://mawi.nezu.wide.ad.jp/mawi/samplepoint-F/2016/201605041400.pcap.gz,48395232,46909664,19925847,3028321
http://mawi.nezu.wide.ad.jp/mawi/samplepoint-F/2016/201605051400.pcap.gz,52951130,51964153,22226154,4508144
http://mawi.nezu.wide.ad.jp/mawi/samplepoint-F/2016/201605061400.pcap.gz,87172504,80789706,54320262,3758249
http://mawi.nezu.wide.ad.jp/mawi/samplepoint-F/2016/201605071400.pcap.gz,51576019,49116730,23092684,3513893
http://mawi.nezu.wide.ad.jp/mawi/samplepoint-F/2016/201605081400.pcap.gz,44636215,41786878,15683397,3944081
http://mawi.nezu.wide.ad.jp/mawi/samplepoint-F/2016/201605091400.pcap.gz,87713918,81399242,53716695,4692865
http://mawi.nezu.wide.ad.jp/mawi/samplepoint-F/2016/201605101400.pcap.gz,92814278,84634566,57942053,3217165
http://mawi.nezu.wide.ad.jp/mawi/samplepoint-F/2016/201605111400.pcap.gz,95436202,85644432,58789270,3016261
http://mawi.nezu.wide.ad.jp/mawi/samplepoint-F/2016/201605121400.pcap.gz,93356399,81767105,54805290,3838250
http://mawi.nezu.wide.ad.jp/mawi/samplepoint-F/2016/201605131400.pcap.gz,82656366,74243655,46913622,3289683
http://mawi.nezu.wide.ad.jp/mawi/samplepoint-F/2016/201605141400.pcap.gz,55775109,51153086,24255058,2129543
http://mawi.nezu.wide.ad.jp/mawi/samplepoint-F/2016/201605151400.pcap.gz,52980392,51929456,25021511,2769401
http://mawi.nezu.wide.ad.jp/mawi/samplepoint-F/2016/201605161400.pcap.gz,85031417,77357734,50195143,3230035
http://mawi.nezu.wide.ad.jp/mawi/samplepoint-F/2016/201605171400.pcap.gz,106891831,93628027,66998662,3551238
http://mawi.nezu.wide.ad.jp/mawi/samplepoint-F/2016/201605181400.pcap.gz,103992154,94880139,67059005,5779756
http://mawi.nezu.wide.ad.jp/mawi/samplepoint-F/2016/201605191400.pcap.gz,99403871,89021116,54563314,11116003
http://mawi.nezu.wide.ad.jp/mawi/samplepoint-F/2016/201605201400.pcap.gz,88115020,77687859,50583566,4816099
http://mawi.nezu.wide.ad.jp/mawi/samplepoint-F/2016/201605211400.pcap.gz,52237472,49067004,22037409,4342328
http://mawi.nezu.wide.ad.jp/mawi/samplepoint-F/2016/201605221400.pcap.gz,57055239,55320895,24265266,8866023
http://mawi.nezu.wide.ad.jp/mawi/samplepoint-F/2016/201605231400.pcap.gz,82113462,77944905,47787359,2601609
http://mawi.nezu.wide.ad.jp/mawi/samplepoint-F/2016/201605241400.pcap.gz,92711272,84629236,58052431,2558546
http://mawi.nezu.wide.ad.jp/mawi/samplepoint-F/2016/201605251400.pcap.gz,96692523,91650236,63293437,3684673
http://mawi.nezu.wide.ad.jp/mawi/samplepoint-F/2016/201605261400.pcap.gz,80180731,75425108,47879230,2988160
http://mawi.nezu.wide.ad.jp/mawi/samplepoint-F/2016/201605271400.pcap.gz,87356670,80659138,53110977,4659766
http://mawi.nezu.wide.ad.jp/mawi/samplepoint-F/2016/201605281400.pcap.gz,68337915,65068911,35587107,5716103
http://mawi.nezu.wide.ad.jp/mawi/samplepoint-F/2016/201605291400.pcap.gz,54467224,52802876,26210874,2599474
http://mawi.nezu.wide.ad.jp/mawi/samplepoint-F/2016/201605301400.pcap.gz,109716554,107018870,42772527,42442017
http://mawi.nezu.wide.ad.jp/mawi/samplepoint-F/2016/201605311400.pcap.gz,119238312,115872190,46506220,46375917
http://mawi.nezu.wide.ad.jp/mawi/samplepoint-F/2016/201606011400.pcap.gz,98019707,89570219,63291979,3492646
http://mawi.nezu.wide.ad.jp/mawi/samplepoint-F/2016/201606021400.pcap.gz,99640829,95390776,69607790,2684072
http://mawi.nezu.wide.ad.jp/mawi/samplepoint-F/2016/201606031400.pcap.gz,107125633,103687309,59015722,21719700
http://mawi.nezu.wide.ad.jp/mawi/samplepoint-F/2016/201606041400.pcap.gz,72305986,70513324,42101336,3110110
http://mawi.nezu.wide.ad.jp/mawi/samplepoint-F/2016/201606051400.pcap.gz,88859693,72793600,28026626,22475404
http://mawi.nezu.wide.ad.jp/mawi/samplepoint-F/2016/201606061400.pcap.gz,89722946,85464043,52142288,5919288
http://mawi.nezu.wide.ad.jp/mawi/samplepoint-F/2016/201606071400.pcap.gz,103501228,97769727,68974914,3452869
http://mawi.nezu.wide.ad.jp/mawi/samplepoint-F/2016/201606081400.pcap.gz,91158022,85062802,57107631,3956014
http://mawi.nezu.wide.ad.jp/mawi/samplepoint-F/2016/201606091400.pcap.gz,101979686,97482847,69457164,3121644
http://mawi.nezu.wide.ad.jp/mawi/samplepoint-F/2016/201606101400.pcap.gz,87928364,83057948,52212571,6133911
http://mawi.nezu.wide.ad.jp/mawi/samplepoint-F/2016/201606111400.pcap.gz,67224098,64355434,29979851,9534997
http://mawi.nezu.wide.ad.jp/mawi/samplepoint-F/2016/201606121400.pcap.gz,62564499,61558347,28130634,8429623
http://mawi.nezu.wide.ad.jp/mawi/samplepoint-F/2016/201606131400.pcap.gz,88825710,83558614,52390873,6078746
http://mawi.nezu.wide.ad.jp/mawi/samplepoint-F/2016/201606141400.pcap.gz,94172677,89059685,54138492,9841019
http://mawi.nezu.wide.ad.jp/mawi/samplepoint-F/2016/201606151400.pcap.gz,101518849,86673660,56980158,5139388
http://mawi.nezu.wide.ad.jp/mawi/samplepoint-F/2016/201606161400.pcap.gz,101256185,95327861,60170890,11336349
http://mawi.nezu.wide.ad.jp/mawi/samplepoint-F/2016/201606171400.pcap.gz,87457552,80859576,49869971,6685597
http://mawi.nezu.wide.ad.jp/mawi/samplepoint-F/2016/201606181400.pcap.gz,69156080,66962924,36964848,5001727
http://mawi.nezu.wide.ad.jp/mawi/samplepoint-F/2016/201606191400.pcap.gz,59348432,58488750,26912409,6757574
http://mawi.nezu.wide.ad.jp/mawi/samplepoint-F/2016/201606201400.pcap.gz,105291367,88287968,56267130,7833232
http://mawi.nezu.wide.ad.jp/mawi/samplepoint-F/2016/201606211400.pcap.gz,134849669,124245895,93209302,8397323
http://mawi.nezu.wide.ad.jp/mawi/samplepoint-F/2016/201606221400.pcap.gz,97848873,94964342,63216233,5920373
http://mawi.nezu.wide.ad.jp/mawi/samplepoint-F/2016/201606241400.pcap.gz,92916713,86528118,55991483,5813150
http://mawi.nezu.wide.ad.jp/mawi/samplepoint-F/2016/201606251359.pcap.gz,81533468,78025081,44399290,8287426
http://mawi.nezu.wide.ad.jp/mawi/samplepoint-F/2016/201606261400.pcap.gz,71862339,70530223,40930710,3909443
http://mawi.nezu.wide.ad.jp/mawi/samplepoint-F/2016/201606271400.pcap.gz,100236782,94035554,64788997,4760798
http://mawi.nezu.wide.ad.jp/mawi/samplepoint-F/2016/201606281400.pcap.gz,124544890,117742342,90356973,5138839
http://mawi.nezu.wide.ad.jp/mawi/samplepoint-F/2016/201606291400.pcap.gz,125603562,118540874,87403343,7574547
http://mawi.nezu.wide.ad.jp/mawi/samplepoint-F/2016/201606301400.pcap.gz,102042946,95905590,63638599,8528382
http://mawi.nezu.wide.ad.jp/mawi/samplepoint-F/2016/201607011400.pcap.gz,103427458,97670927,65079816,11743425
http://mawi.nezu.wide.ad.jp/mawi/samplepoint-F/2016/201607021400.pcap.gz,66277628,64830767,37611507,6174128
http://mawi.nezu.wide.ad.jp/mawi/samplepoint-F/2016/201607031400.pcap.gz,71056855,70269409,34220308,14612582
http://mawi.nezu.wide.ad.jp/mawi/samplepoint-F/2016/201607041400.pcap.gz,118555015,111903053,80046907,11034135
http://mawi.nezu.wide.ad.jp/mawi/samplepoint-F/2016/201607051400.pcap.gz,108106868,98342264,59381701,17554524
http://mawi.nezu.wide.ad.jp/mawi/samplepoint-F/2016/201607061400.pcap.gz,107241930,100116453,58812072,18299211
http://mawi.nezu.wide.ad.jp/mawi/samplepoint-F/2016/201607071400.pcap.gz,105823556,98296536,60786485,14237231
http://mawi.nezu.wide.ad.jp/mawi/samplepoint-F/2016/201607081400.pcap.gz,96434455,91029553,50757853,17904450
http://mawi.nezu.wide.ad.jp/mawi/samplepoint-F/2016/201607091400.pcap.gz,60494902,58405360,29309081,7367996
http://mawi.nezu.wide.ad.jp/mawi/samplepoint-F/2016/201607101400.pcap.gz,52244796,50873472,23214864,4818712
http://mawi.nezu.wide.ad.jp/mawi/samplepoint-F/2016/201607111400.pcap.gz,100319159,92344434,65124644,5974572
http://mawi.nezu.wide.ad.jp/mawi/samplepoint-F/2016/201607121400.pcap.gz,96224669,87227547,60748226,4593882
http://mawi.nezu.wide.ad.jp/mawi/samplepoint-F/2016/201607131400.pcap.gz,90135522,80912685,52372173,6223967
http://mawi.nezu.wide.ad.jp/mawi/samplepoint-F/2016/201607141400.pcap.gz,94058658,87996228,61271155,4399629
http://mawi.nezu.wide.ad.jp/mawi/samplepoint-F/2016/201607151400.pcap.gz,89546507,77064144,45520071,8769002
http://mawi.nezu.wide.ad.jp/mawi/samplepoint-F/2016/201607161400.pcap.gz,62902320,60984570,35447599,3744681
http://mawi.nezu.wide.ad.jp/mawi/samplepoint-F/2016/201607171400.pcap.gz,63489963,60264337,34397754,3768020
http://mawi.nezu.wide.ad.jp/mawi/samplepoint-F/2016/201607181400.pcap.gz,78891920,75593510,49884937,2315894
http://mawi.nezu.wide.ad.jp/mawi/samplepoint-F/2016/201607191400.pcap.gz,114120428,105571045,67009945,17091100
http://mawi.nezu.wide.ad.jp/mawi/samplepoint-F/2016/201607201400.pcap.gz,109710060,102332953,77122390,3864368
http://mawi.nezu.wide.ad.jp/mawi/samplepoint-F/2016/201607211400.pcap.gz,109665667,104275350,76575734,5100532
http://mawi.nezu.wide.ad.jp/mawi/samplepoint-F/2016/201607221400.pcap.gz,106106302,103168682,78571081,2993512
http://mawi.nezu.wide.ad.jp/mawi/samplepoint-F/2016/201607231400.pcap.gz,84176253,81805359,54528302,5291119
http://mawi.nezu.wide.ad.jp/mawi/samplepoint-F/2016/201607241400.pcap.gz,72477384,69311878,39192806,6367422
http://mawi.nezu.wide.ad.jp/mawi/samplepoint-F/2016/201607251400.pcap.gz,97896238,94976251,65466517,7506849
http://mawi.nezu.wide.ad.jp/mawi/samplepoint-F/2016/201607261400.pcap.gz,111405325,107242950,79746411,5742083
http://mawi.nezu.wide.ad.jp/mawi/samplepoint-F/2016/201607271400.pcap.gz,99479107,96245745,67114446,8797665
http://mawi.nezu.wide.ad.jp/mawi/samplepoint-F/2016/201607281400.pcap.gz,102984602,99233272,69112588,7852074
http://mawi.nezu.wide.ad.jp/mawi/samplepoint-F/2016/201607291400.pcap.gz,92386145,90109403,63533595,5428392
http://mawi.nezu.wide.ad.jp/mawi/samplepoint-F/2016/201607301400.pcap.gz,77554218,75832999,47339886,5973434
http://mawi.nezu.wide.ad.jp/mawi/samplepoint-F/2016/201607311400.pcap.gz,75202591,74054902,45205545,5949866
http://mawi.nezu.wide.ad.jp/mawi/samplepoint-F/2016/201608011400.pcap.gz,79348812,77423859,48815605,5212828
http://mawi.nezu.wide.ad.jp/mawi/samplepoint-F/2016/201608021400.pcap.gz,78504381,76634514,49984508,4654870
http://mawi.nezu.wide.ad.jp/mawi/samplepoint-F/2016/201608031400.pcap.gz,79821595,76939271,51255697,3081260
http://mawi.nezu.wide.ad.jp/mawi/samplepoint-F/2016/201608041359.pcap.gz,76759579,74500864,47169473,3774910
http://mawi.nezu.wide.ad.jp/mawi/samplepoint-F/2016/201608051400.pcap.gz,72340582,70272080,43871166,3666898
http://mawi.nezu.wide.ad.jp/mawi/samplepoint-F/2016/201608061400.pcap.gz,66395749,60552227,33967397,2307649
http://mawi.nezu.wide.ad.jp/mawi/samplepoint-F/2016/201608071400.pcap.gz,62903100,61567261,34363389,3651675
http://mawi.nezu.wide.ad.jp/mawi/samplepoint-F/2016/201608081400.pcap.gz,70868551,69034360,43158510,2915008
http://mawi.nezu.wide.ad.jp/mawi/samplepoint-F/2016/201608091400.pcap.gz,90417158,87199600,59822683,3154100
http://mawi.nezu.wide.ad.jp/mawi/samplepoint-F/2016/201608101400.pcap.gz,74025081,71570099,44327993,3676552
http://mawi.nezu.wide.ad.jp/mawi/samplepoint-F/2016/201608111400.pcap.gz,79678841,77991642,50922321,3571722
http://mawi.nezu.wide.ad.jp/mawi/samplepoint-F/2016/201608121400.pcap.gz,71642628,69452338,43102317,3231945
http://mawi.nezu.wide.ad.jp/mawi/samplepoint-F/2016/201608131400.pcap.gz,68957726,67823345,42965061,1716677
http://mawi.nezu.wide.ad.jp/mawi/samplepoint-F/2016/201608141400.pcap.gz,69900867,69095979,42360833,3041367
http://mawi.nezu.wide.ad.jp/mawi/samplepoint-F/2016/201608151400.pcap.gz,68502522,66781411,40371717,3233944
http://mawi.nezu.wide.ad.jp/mawi/samplepoint-F/2016/201608161400.pcap.gz,70992353,67975345,40902408,3518654
http://mawi.nezu.wide.ad.jp/mawi/samplepoint-F/2016/201608171400.pcap.gz,74280800,72475229,46303110,3024693
http://mawi.nezu.wide.ad.jp/mawi/samplepoint-F/2016/201608181400.pcap.gz,68012854,65917920,39958729,2861953
http://mawi.nezu.wide.ad.jp/mawi/samplepoint-F/2016/201608191400.pcap.gz,77685424,75962380,48929568,3498939
http://mawi.nezu.wide.ad.jp/mawi/samplepoint-F/2016/201608201400.pcap.gz,66920912,65315388,36835157,4224220
http://mawi.nezu.wide.ad.jp/mawi/samplepoint-F/2016/201608211400.pcap.gz,73346254,72197547,45226519,2827269
http://mawi.nezu.wide.ad.jp/mawi/samplepoint-F/2016/201608221400.pcap.gz,73399593,72243523,45691043,2807172
http://mawi.nezu.wide.ad.jp/mawi/samplepoint-F/2016/201608231400.pcap.gz,88580696,86795449,59656836,3037651
http://mawi.nezu.wide.ad.jp/mawi/samplepoint-F/2016/201608241400.pcap.gz,79530952,77626244,51782392,2311461
http://mawi.nezu.wide.ad.jp/mawi/samplepoint-F/2016/201608251400.pcap.gz,82880306,81601019,54668972,3682820
http://mawi.nezu.wide.ad.jp/mawi/samplepoint-F/2016/201608261400.pcap.gz,76165457,74865209,46123031,5450890
http://mawi.nezu.wide.ad.jp/mawi/samplepoint-F/2016/201608271400.pcap.gz,80226563,76429076,48711305,3060407
http://mawi.nezu.wide.ad.jp/mawi/samplepoint-F/2016/201608281400.pcap.gz,63631136,62430356,36190763,2690572
http://mawi.nezu.wide.ad.jp/mawi/samplepoint-F/2016/201608291400.pcap.gz,83948043,81951755,54618073,4724038
http://mawi.nezu.wide.ad.jp/mawi/samplepoint-F/2016/201608301400.pcap.gz,78346134,76492309,50774494,3268446
http://mawi.nezu.wide.ad.jp/mawi/samplepoint-F/2016/201608311400.pcap.gz,72287435,70674670,44902829,2950107
http://mawi.nezu.wide.ad.jp/mawi/samplepoint-F/2016/201609011400.pcap.gz,74733692,72392426,46910258,3001397
http://mawi.nezu.wide.ad.jp/mawi/samplepoint-F/2016/201609021400.pcap.gz,78318814,76203519,50784293,2541341
http://mawi.nezu.wide.ad.jp/mawi/samplepoint-F/2016/201609031400.pcap.gz,87784911,86955166,61070250,3722423
http://mawi.nezu.wide.ad.jp/mawi/samplepoint-F/2016/201609041400.pcap.gz,81078672,79240917,51262041,3482842
http://mawi.nezu.wide.ad.jp/mawi/samplepoint-F/2016/201609051400.pcap.gz,86376038,84771493,60178918,2168323
http://mawi.nezu.wide.ad.jp/mawi/samplepoint-F/2016/201609061400.pcap.gz,93217923,89982754,63769875,3186642
http://mawi.nezu.wide.ad.jp/mawi/samplepoint-F/2016/201609071400.pcap.gz,78667039,76837854,49730811,3614991
http://mawi.nezu.wide.ad.jp/mawi/samplepoint-F/2016/201609081400.pcap.gz,82090328,80118482,54171462,3037801
http://mawi.nezu.wide.ad.jp/mawi/samplepoint-F/2016/201609091400.pcap.gz,79158404,77269647,51809239,2130077
http://mawi.nezu.wide.ad.jp/mawi/samplepoint-F/2016/201609101400.pcap.gz,82572590,81700808,55897729,2785086
http://mawi.nezu.wide.ad.jp/mawi/samplepoint-F/2016/201609111400.pcap.gz,76289418,75431170,47342712,3901083
http://mawi.nezu.wide.ad.jp/mawi/samplepoint-F/2016/201609121400.pcap.gz,91698521,89968156,64117836,3576585
http://mawi.nezu.wide.ad.jp/mawi/samplepoint-F/2016/201609131400.pcap.gz,87290551,85672399,57898317,3386547
http://mawi.nezu.wide.ad.jp/mawi/samplepoint-F/2016/201609141400.pcap.gz,93767862,88733862,63795731,2871547
http://mawi.nezu.wide.ad.jp/mawi/samplepoint-F/2016/201609151400.pcap.gz,78522459,76748080,51278665,2964893
http://mawi.nezu.wide.ad.jp/mawi/samplepoint-F/2016/201609161400.pcap.gz,91102261,89222401,63434294,3355927
http://mawi.nezu.wide.ad.jp/mawi/samplepoint-F/2016/201609171400.pcap.gz,86095801,84989242,59411915,2733538
http://mawi.nezu.wide.ad.jp/mawi/samplepoint-F/2016/201609181400.pcap.gz,66965168,66111469,40247808,2720166
http://mawi.nezu.wide.ad.jp/mawi/samplepoint-F/2016/201609191400.pcap.gz,84653991,83353663,56197238,4421458
http://mawi.nezu.wide.ad.jp/mawi/samplepoint-F/2016/201609201400.pcap.gz,89330986,87093923,61898571,3068528
http://mawi.nezu.wide.ad.jp/mawi/samplepoint-F/2016/201609211400.pcap.gz,96016442,93733769,68727970,3273416
http://mawi.nezu.wide.ad.jp/mawi/samplepoint-F/2016/201609221400.pcap.gz,85766853,84387495,59032585,2323226
http://mawi.nezu.wide.ad.jp/mawi/samplepoint-F/2016/201609231400.pcap.gz,95759561,90152491,66521322,2386013
http://mawi.nezu.wide.ad.jp/mawi/samplepoint-F/2016/201609241400.pcap.gz,71615667,70497442,44194298,3251336
http://mawi.nezu.wide.ad.jp/mawi/samplepoint-F/2016/201609251400.pcap.gz,76472726,71698396,45442592,2653377
http://mawi.nezu.wide.ad.jp/mawi/samplepoint-F/2016/201609261400.pcap.gz,102402797,97790752,76134053,2589728
http://mawi.nezu.wide.ad.jp/mawi/samplepoint-F/2016/201609271400.pcap.gz,99416724,93075453,68876006,2069999
http://mawi.nezu.wide.ad.jp/mawi/samplepoint-F/2016/201609281400.pcap.gz,97770717,92788506,69406939,2173556
http://mawi.nezu.wide.ad.jp/mawi/samplepoint-F/2016/201609291400.pcap.gz,101853878,96595978,72579355,3014534
http://mawi.nezu.wide.ad.jp/mawi/samplepoint-F/2016/201609301400.pcap.gz,101148218,93787891,70668501,2222463
http://mawi.nezu.wide.ad.jp/mawi/samplepoint-F/2016/201610011400.pcap.gz,73690125,72091692,47864896,3070210
http://mawi.nezu.wide.ad.jp/mawi/samplepoint-F/2016/201610021400.pcap.gz,78404764,76503618,52349070,2933348
http://mawi.nezu.wide.ad.jp/mawi/samplepoint-F/2016/201610031400.pcap.gz,102249015,96633897,75041751,3283128
http://mawi.nezu.wide.ad.jp/mawi/samplepoint-F/2016/201610041400.pcap.gz,102467515,95893404,72780957,3998669
http://mawi.nezu.wide.ad.jp/mawi/samplepoint-F/2016/201610051400.pcap.gz,100522011,95659694,73231187,2379851
http://mawi.nezu.wide.ad.jp/mawi/samplepoint-F/2016/201610061400.pcap.gz,101194880,93606066,70354393,3149714
http://mawi.nezu.wide.ad.jp/mawi/samplepoint-F/2016/201610071400.pcap.gz,102457643,97097786,74543743,1819793
http://mawi.nezu.wide.ad.jp/mawi/samplepoint-F/2016/201610081400.pcap.gz,86236815,84213636,57246205,4278000
http://mawi.nezu.wide.ad.jp/mawi/samplepoint-F/2016/201610091400.pcap.gz,80649840,79059253,53828237,3153979
http://mawi.nezu.wide.ad.jp/mawi/samplepoint-F/2016/201610101400.pcap.gz,97794581,96725126,73260069,3078958
http://mawi.nezu.wide.ad.jp/mawi/samplepoint-F/2016/201610111400.pcap.gz,100929411,93914698,69977363,3381966
http://mawi.nezu.wide.ad.jp/mawi/samplepoint-F/2016/201610121400.pcap.gz,103432714,96640206,73936587,3504915
http://mawi.nezu.wide.ad.jp/mawi/samplepoint-F/2016/201610131400.pcap.gz,102841389,97196013,73289786,3618163
http://mawi.nezu.wide.ad.jp/mawi/samplepoint-F/2016/201610141400.pcap.gz,101654562,96925270,71415288,5655627
http://mawi.nezu.wide.ad.jp/mawi/samplepoint-F/2016/201610151400.pcap.gz,33921449,32717127,27532550,3881291
http://mawi.nezu.wide.ad.jp/mawi/samplepoint-F/2016/201610161400.pcap.gz,50884006,49896912,45965146,2895305
http://mawi.nezu.wide.ad.jp/mawi/samplepoint-F/2016/201610171359.pcap.gz,92363460,87983424,82339698,4572536
http://mawi.nezu.wide.ad.jp/mawi/samplepoint-F/2016/201610181400.pcap.gz,96441674,88488108,84054101,3386459
http://mawi.nezu.wide.ad.jp/mawi/samplepoint-F/2016/201610191400.pcap.gz,74496198,69518680,65580098,2894286
http://mawi.nezu.wide.ad.jp/mawi/samplepoint-F/2016/201610201400.pcap.gz,80954471,73524957,68072763,4414858
http://mawi.nezu.wide.ad.jp/mawi/samplepoint-F/2016/201610211400.pcap.gz,94387717,89054467,64046382,2962299
http://mawi.nezu.wide.ad.jp/mawi/samplepoint-F/2016/201610221400.pcap.gz,74758179,72712383,44570465,4370542
http://mawi.nezu.wide.ad.jp/mawi/samplepoint-F/2016/201610231400.pcap.gz,64837276,62911168,36799877,4397285
http://mawi.nezu.wide.ad.jp/mawi/samplepoint-F/2016/201610241400.pcap.gz,110191271,105774345,79820691,4204292
http://mawi.nezu.wide.ad.jp/mawi/samplepoint-F/2016/201610251400.pcap.gz,121761177,115566024,90150790,3191290
http://mawi.nezu.wide.ad.jp/mawi/samplepoint-F/2016/201610261400.pcap.gz,101722066,96092154,73189700,3173234
http://mawi.nezu.wide.ad.jp/mawi/samplepoint-F/2016/201610271400.pcap.gz,101849646,95719197,71831102,3342954
http://mawi.nezu.wide.ad.jp/mawi/samplepoint-F/2016/201610281400.pcap.gz,102249073,95920298,73480858,2815459
http://mawi.nezu.wide.ad.jp/mawi/samplepoint-F/2016/201610291400.pcap.gz,85284712,84161523,59459932,2704081
http://mawi.nezu.wide.ad.jp/mawi/samplepoint-F/2016/201610301400.pcap.gz,110358987,110022533,19832252,81354179
http://mawi.nezu.wide.ad.jp/mawi/samplepoint-F/2016/201610311400.pcap.gz,87617184,84657061,58923259,3315641
http://mawi.nezu.wide.ad.jp/mawi/samplepoint-F/2016/201611011400.pcap.gz,99094983,93303672,61814007,7795791
http://mawi.nezu.wide.ad.jp/mawi/samplepoint-F/2016/201611021400.pcap.gz,98552969,93151878,70797191,1504027
http://mawi.nezu.wide.ad.jp/mawi/samplepoint-F/2016/201611031400.pcap.gz,75974929,70180613,45427795,2417037
http://mawi.nezu.wide.ad.jp/mawi/samplepoint-F/2016/201611041400.pcap.gz,101611751,93982498,72025455,2483362
http://mawi.nezu.wide.ad.jp/mawi/samplepoint-F/2016/201611051400.pcap.gz,81943503,80523989,54038600,4941568
http://mawi.nezu.wide.ad.jp/mawi/samplepoint-F/2016/201611061400.pcap.gz,72009985,71041327,46013506,2886769
http://mawi.nezu.wide.ad.jp/mawi/samplepoint-F/2016/201611071400.pcap.gz,109520364,101689698,76612957,3180751
http://mawi.nezu.wide.ad.jp/mawi/samplepoint-F/2016/201611081400.pcap.gz,118444620,110088534,84504425,3131046
http://mawi.nezu.wide.ad.jp/mawi/samplepoint-F/2016/201611091400.pcap.gz,110016889,103400083,78918354,2989358
http://mawi.nezu.wide.ad.jp/mawi/samplepoint-F/2016/201611101400.pcap.gz,108918714,102541858,78568501,2319271
http://mawi.nezu.wide.ad.jp/mawi/samplepoint-F/2016/201611111400.pcap.gz,101174387,95729130,70869478,3294054
http://mawi.nezu.wide.ad.jp/mawi/samplepoint-F/2016/201611121400.pcap.gz,75286910,73945635,49790594,2091975
http://mawi.nezu.wide.ad.jp/mawi/samplepoint-F/2016/201611131400.pcap.gz,83689239,82636281,58358547,1999178
http://mawi.nezu.wide.ad.jp/mawi/samplepoint-F/2016/201611141400.pcap.gz,118865602,113386903,89544342,2452251
http://mawi.nezu.wide.ad.jp/mawi/samplepoint-F/2016/201611151400.pcap.gz,111310684,109338215,83967938,3325673
http://mawi.nezu.wide.ad.jp/mawi/samplepoint-F/2016/201611161400.pcap.gz,92207539,89171277,84866794,2995051
http://mawi.nezu.wide.ad.jp/mawi/samplepoint-F/2016/201611171400.pcap.gz,97815284,95231768,92404140,1657441
http://mawi.nezu.wide.ad.jp/mawi/samplepoint-F/2016/201611181400.pcap.gz,88213226,86677413,82674371,2765777
http://mawi.nezu.wide.ad.jp/mawi/samplepoint-F/2016/201611191400.pcap.gz,62885760,61058242,55837389,3867843
http://mawi.nezu.wide.ad.jp/mawi/samplepoint-F/2016/201611201400.pcap.gz,52407367,51346435,47305600,2663836
http://mawi.nezu.wide.ad.jp/mawi/samplepoint-F/2016/201611211400.pcap.gz,82640249,80243593,76699635,2303033
http://mawi.nezu.wide.ad.jp/mawi/samplepoint-F/2016/201611221400.pcap.gz,105490783,94490884,69523233,4003299
http://mawi.nezu.wide.ad.jp/mawi/samplepoint-F/2016/201611231400.pcap.gz,75965210,70023887,44220553,4081726
http://mawi.nezu.wide.ad.jp/mawi/samplepoint-F/2016/201611241400.pcap.gz,97014548,88975973,63387420,2449941
http://mawi.nezu.wide.ad.jp/mawi/samplepoint-F/2016/201611251400.pcap.gz,90776580,85521537,61082383,2523926
http://mawi.nezu.wide.ad.jp/mawi/samplepoint-F/2016/201611261400.pcap.gz,64930781,63113788,37221692,3565154
http://mawi.nezu.wide.ad.jp/mawi/samplepoint-F/2016/201611271400.pcap.gz,56651810,55310171,51851544,2055989
http://mawi.nezu.wide.ad.jp/mawi/samplepoint-F/2016/201611281400.pcap.gz,73376772,66479311,61996472,3039315
http://mawi.nezu.wide.ad.jp/mawi/samplepoint-F/2016/201611291400.pcap.gz,89600099,80245264,76695871,2274661
http://mawi.nezu.wide.ad.jp/mawi/samplepoint-F/2016/201611301400.pcap.gz,101398664,96747011,92212470,3299549
http://mawi.nezu.wide.ad.jp/mawi/samplepoint-F/2016/201612011400.pcap.gz,99795401,94723424,69420060,3551195
http://mawi.nezu.wide.ad.jp/mawi/samplepoint-F/2016/201612021400.pcap.gz,113601183,107539205,83318900,2998036
http://mawi.nezu.wide.ad.jp/mawi/samplepoint-F/2016/201612031400.pcap.gz,88409693,86176472,61783457,2524688
http://mawi.nezu.wide.ad.jp/mawi/samplepoint-F/2016/201612041400.pcap.gz,70961671,69793879,44484308,3053614
http://mawi.nezu.wide.ad.jp/mawi/samplepoint-F/2016/201612051400.pcap.gz,107453954,101735433,76181713,3976380
http://mawi.nezu.wide.ad.jp/mawi/samplepoint-F/2016/201612061400.pcap.gz,102501979,95423214,69944447,3401933
http://mawi.nezu.wide.ad.jp/mawi/samplepoint-F/2016/201612071400.pcap.gz,100472271,93913143,71778963,2285343
http://mawi.nezu.wide.ad.jp/mawi/samplepoint-F/2016/201612081400.pcap.gz,97510608,91236428,67205658,3354870
http://mawi.nezu.wide.ad.jp/mawi/samplepoint-F/2016/201612091400.pcap.gz,101968770,95110797,73201351,3023572
http://mawi.nezu.wide.ad.jp/mawi/samplepoint-F/2016/201612101400.pcap.gz,76187324,72440715,45862487,5040334
http://mawi.nezu.wide.ad.jp/mawi/samplepoint-F/2016/201612111400.pcap.gz,66667021,65502537,39188490,3675591
http://mawi.nezu.wide.ad.jp/mawi/samplepoint-F/2016/201612121400.pcap.gz,100150805,94141857,70484136,2800038
http://mawi.nezu.wide.ad.jp/mawi/samplepoint-F/2016/201612131400.pcap.gz,124811641,119020463,93916466,4007400
http://mawi.nezu.wide.ad.jp/mawi/samplepoint-F/2016/201612141400.pcap.gz,107690247,100762056,75232644,3841422
http://mawi.nezu.wide.ad.jp/mawi/samplepoint-F/2016/201612151400.pcap.gz,110011169,100364084,74610084,3418760
http://mawi.nezu.wide.ad.jp/mawi/samplepoint-F/2016/201612161400.pcap.gz,114123607,106326380,80097274,4064157
http://mawi.nezu.wide.ad.jp/mawi/samplepoint-F/2016/201612171400.pcap.gz,71913516,68530085,40950720,4956352
http://mawi.nezu.wide.ad.jp/mawi/samplepoint-F/2016/201612181400.pcap.gz,94995818,81814145,56227082,3885908
http://mawi.nezu.wide.ad.jp/mawi/samplepoint-F/2016/201612191400.pcap.gz,106193976,99048729,72697859,3985743
http://mawi.nezu.wide.ad.jp/mawi/samplepoint-F/2016/201612201400.pcap.gz,112688730,104741067,79314906,2985698
http://mawi.nezu.wide.ad.jp/mawi/samplepoint-F/2016/201612211400.pcap.gz,114957429,109586522,82816842,4541536
http://mawi.nezu.wide.ad.jp/mawi/samplepoint-F/2016/201612221400.pcap.gz,100083604,94637246,66796673,5130107
http://mawi.nezu.wide.ad.jp/mawi/samplepoint-F/2016/201612231400.pcap.gz,74400520,73363132,48290381,2097916
http://mawi.nezu.wide.ad.jp/mawi/samplepoint-F/2016/201612241400.pcap.gz,76029317,74406329,48292876,3471982
http://mawi.nezu.wide.ad.jp/mawi/samplepoint-F/2016/201612251400.pcap.gz,61488100,60629279,35556133,1960835
http://mawi.nezu.wide.ad.jp/mawi/samplepoint-F/2016/201612261400.pcap.gz,98536390,93107516,66903905,3188928
http://mawi.nezu.wide.ad.jp/mawi/samplepoint-F/2016/201612271400.pcap.gz,85373583,80334039,52698043,4126609
http://mawi.nezu.wide.ad.jp/mawi/samplepoint-F/2016/201612281400.pcap.gz,85824632,84596390,57241794,3352357
http://mawi.nezu.wide.ad.jp/mawi/samplepoint-F/2016/201612291400.pcap.gz,79541364,78673214,49149205,5613337
http://mawi.nezu.wide.ad.jp/mawi/samplepoint-F/2016/201612301400.pcap.gz,67562820,66721500,39724415,2714801
http://mawi.nezu.wide.ad.jp/mawi/samplepoint-F/2016/201612311400.pcap.gz,64624748,63440600,34777697,4474808
