url,total,ip,tcp,udp
http://mawi.nezu.wide.ad.jp/mawi/samplepoint-F/2011/201012311400.dump.gz,31331723,31239761,26084507,3848250
http://mawi.nezu.wide.ad.jp/mawi/samplepoint-F/2011/201101011400.dump.gz,22863072,22421839,17061889,3954990
http://mawi.nezu.wide.ad.jp/mawi/samplepoint-F/2011/201101021400.dump.gz,21614992,21424570,14868584,4315375
http://mawi.nezu.wide.ad.jp/mawi/samplepoint-F/2011/201101031400.dump.gz,29316211,29219732,23171455,4885478
http://mawi.nezu.wide.ad.jp/mawi/samplepoint-F/2011/201101041400.dump.gz,31917051,31782342,25122385,5146876
http://mawi.nezu.wide.ad.jp/mawi/samplepoint-F/2011/201101051400.dump.gz,28982302,28735355,23403390,4266407
http://mawi.nezu.wide.ad.jp/mawi/samplepoint-F/2011/201101061400.dump.gz,37097053,36773651,29314043,6290735
http://mawi.nezu.wide.ad.jp/mawi/samplepoint-F/2011/201101071400.dump.gz,36839741,36721693,29592834,5754109
http://mawi.nezu.wide.ad.jp/mawi/samplepoint-F/2011/201101081400.dump.gz,33158126,33048642,25150948,6580726
http://mawi.nezu.wide.ad.jp/mawi/samplepoint-F/2011/201101091400.dump.gz,28944127,28852248,22778793,5103814
http://mawi.nezu.wide.ad.jp/mawi/samplepoint-F/2011/201101101400.dump.gz,32853704,32741227,25708450,6022443
http://mawi.nezu.wide.ad.jp/mawi/samplepoint-F/2011/201101111400.dump.gz,37955655,37820738,30321713,6447236
http://mawi.nezu.wide.ad.jp/mawi/samplepoint-F/2011/201101121400.dump.gz,35251427,35149506,29680643,4575220
http://mawi.nezu.wide.ad.jp/mawi/samplepoint-F/2011/201101131400.dump.gz,42848185,42534035,32980347,8330074
http://mawi.nezu.wide.ad.jp/mawi/samplepoint-F/2011/201101141400.dump.gz,41031812,40855053,34076721,5813537
http://mawi.nezu.wide.ad.jp/mawi/samplepoint-F/2011/201101151400.dump.gz,32678457,32083646,26635266,4303591
http://mawi.nezu.wide.ad.jp/mawi/samplepoint-F/2011/201101161400.dump.gz,36747768,36668587,26125620,9627185
http://mawi.nezu.wide.ad.jp/mawi/samplepoint-F/2011/201101171400.dump.gz,45523753,45367013,38126395,5901764
http://mawi.nezu.wide.ad.jp/mawi/samplepoint-F/2011/201101181400.dump.gz,45480035,45287637,39286829,5039596
http://mawi.nezu.wide.ad.jp/mawi/samplepoint-F/2011/201101191400.dump.gz,46910615,46779605,38972591,6674070
http://mawi.nezu.wide.ad.jp/mawi/samplepoint-F/2011/201101201400.dump.gz,49479708,49323417,37991980,10052165
http://mawi.nezu.wide.ad.jp/mawi/samplepoint-F/2011/201101211400.dump.gz,45421417,44905565,30583885,12713905
http://mawi.nezu.wide.ad.jp/mawi/samplepoint-F/2011/201101221400.dump.gz,36309075,35957684,27473635,7509399
http://mawi.nezu.wide.ad.jp/mawi/samplepoint-F/2011/201101231400.dump.gz,37571701,37481300,30998900,5584349
http://mawi.nezu.wide.ad.jp/mawi/samplepoint-F/2011/201101241400.dump.gz,40094145,39933470,33651119,5246710
http://mawi.nezu.wide.ad.jp/mawi/samplepoint-F/2011/201101251400.dump.gz,44276329,44147483,37005982,6023915
http://mawi.nezu.wide.ad.jp/mawi/samplepoint-F/2011/201101261400.dump.gz,41217420,40981627,34529448,5446171
http://mawi.nezu.wide.ad.jp/mawi/samplepoint-F/2011/201101271400.dump.gz,46878714,46685666,36841123,6957496
http://mawi.nezu.wide.ad.jp/mawi/samplepoint-F/2011/201101281400.dump.gz,46498107,46330672,39769029,5429913
http://mawi.nezu.wide.ad.jp/mawi/samplepoint-F/2011/201101291400.dump.gz,47426737,47243984,40301941,5892045
http://mawi.nezu.wide.ad.jp/mawi/samplepoint-F/2011/201101301400.dump.gz,48473506,48380427,37360772,10060944
http://mawi.nezu.wide.ad.jp/mawi/samplepoint-F/2011/201101311400.dump.gz,53548669,53324209,41595750,10715170
http://mawi.nezu.wide.ad.jp/mawi/samplepoint-F/2011/201102011400.dump.gz,37834400,37648026,28658650,8153982
http://mawi.nezu.wide.ad.jp/mawi/samplepoint-F/2011/201102021400.dump.gz,39292065,38987706,30569179,7330089
http://mawi.nezu.wide.ad.jp/mawi/samplepoint-F/2011/201102031400.dump.gz,33619724,33476629,28326322,4299912
http://mawi.nezu.wide.ad.jp/mawi/samplepoint-F/2011/201102041400.dump.gz,38991922,38824149,32253695,5488301
http://mawi.nezu.wide.ad.jp/mawi/samplepoint-F/2011/201102051400.dump.gz,33136207,32994524,27659467,4094432
http://mawi.nezu.wide.ad.jp/mawi/samplepoint-F/2011/201102061400.dump.gz,30230424,30024505,24206599,4988514
http://mawi.nezu.wide.ad.jp/mawi/samplepoint-F/2011/201102071400.dump.gz,46220577,45996659,38062007,6795244
http://mawi.nezu.wide.ad.jp/mawi/samplepoint-F/2011/201102081400.dump.gz,36806670,36550856,28813104,6742389
http://mawi.nezu.wide.ad.jp/mawi/samplepoint-F/2011/201102091400.dump.gz,38310312,38133380,32408130,4894761
http://mawi.nezu.wide.ad.jp/mawi/samplepoint-F/2011/201102101400.dump.gz,47081240,46913327,32123740,13760024
http://mawi.nezu.wide.ad.jp/mawi/samplepoint-F/2011/201102111400.dump.gz,27383779,27017821,22543368,3468268
http://mawi.nezu.wide.ad.jp/mawi/samplepoint-F/2011/201102121400.dump.gz,30340316,30194566,23586657,5573815
http://mawi.nezu.wide.ad.jp/mawi/samplepoint-F/2011/201102131400.dump.gz,25970238,25823250,21374526,3383238
http://mawi.nezu.wide.ad.jp/mawi/samplepoint-F/2011/201102141400.dump.gz,38790413,38569971,31914694,5699489
http://mawi.nezu.wide.ad.jp/mawi/samplepoint-F/2011/201102151400.dump.gz,39364809,39034152,33584737,4454370
http://mawi.nezu.wide.ad.jp/mawi/samplepoint-F/2011/201102161400.dump.gz,40829938,40548946,33923782,5376137
http://mawi.nezu.wide.ad.jp/mawi/samplepoint-F/2011/201102171400.dump.gz,38065338,37866079,30887875,5219723
http://mawi.nezu.wide.ad.jp/mawi/samplepoint-F/2011/201102181400.dump.gz,38442796,38038571,30900175,5676031
http://mawi.nezu.wide.ad.jp/mawi/samplepoint-F/2011/201102191400.dump.gz,30675127,30354445,24577721,4671660
http://mawi.nezu.wide.ad.jp/mawi/samplepoint-F/2011/201102201400.dump.gz,29648040,29459849,24346994,4081853
http://mawi.nezu.wide.ad.jp/mawi/samplepoint-F/2011/201102211400.dump.gz,36569877,36452396,30136403,5178789
http://mawi.nezu.wide.ad.jp/mawi/samplepoint-F/2011/201102221400.dump.gz,38551518,38398611,32894174,4032437
http://mawi.nezu.wide.ad.jp/mawi/samplepoint-F/2011/201102231400.dump.gz,36158077,35846104,29543461,5135698
http://mawi.nezu.wide.ad.jp/mawi/samplepoint-F/2011/201102241400.dump.gz,45903958,45628930,39544403,4891849
http://mawi.nezu.wide.ad.jp/mawi/samplepoint-F/2011/201102251400.dump.gz,38586010,38429339,31501791,5729728
http://mawi.nezu.wide.ad.jp/mawi/samplepoint-F/2011/201102261400.dump.gz,36550151,35987903,30057728,4487638
http://mawi.nezu.wide.ad.jp/mawi/samplepoint-F/2011/201102271400.dump.gz,34823238,34484977,29113928,4089025
http://mawi.nezu.wide.ad.jp/mawi/samplepoint-F/2011/201102281400.dump.gz,45305006,45168340,34186115,9566322
http://mawi.nezu.wide.ad.jp/mawi/samplepoint-F/2011/201103011400.dump.gz,42044996,41562252,34387979,5996941
http://mawi.nezu.wide.ad.jp/mawi/samplepoint-F/2011/201103021400.dump.gz,58291700,57806139,45681732,11117003
http://mawi.nezu.wide.ad.jp/mawi/samplepoint-F/2011/201103031400.dump.gz,34191465,33109687,26433548,5679101
http://mawi.nezu.wide.ad.jp/mawi/samplepoint-F/2011/201103041400.dump.gz,39587633,39305231,33066892,4813880
http://mawi.nezu.wide.ad.jp/mawi/samplepoint-F/2011/201103051400.dump.gz,45398810,45282012,39369349,4920589
http://mawi.nezu.wide.ad.jp/mawi/samplepoint-F/2011/201103061400.dump.gz,31955275,31839044,26560321,4494945
http://mawi.nezu.wide.ad.jp/mawi/samplepoint-F/2011/201103071400.dump.gz,53360687,53225008,47283214,4937917
http://mawi.nezu.wide.ad.jp/mawi/samplepoint-F/2011/201103081400.dump.gz,40715181,40264406,32467433,6822668
http://mawi.nezu.wide.ad.jp/mawi/samplepoint-F/2011/201103091400.dump.gz,39733420,39595416,33787774,4873691
http://mawi.nezu.wide.ad.jp/mawi/samplepoint-F/2011/201103101400.dump.gz,41669162,41371758,33921350,5995444
http://mawi.nezu.wide.ad.jp/mawi/samplepoint-F/2011/201103111400.dump.gz,41767204,41437574,35571359,4900133
http://mawi.nezu.wide.ad.jp/mawi/samplepoint-F/2011/201103121400.dump.gz,16941790,16752355,12827982,3082493
http://mawi.nezu.wide.ad.jp/mawi/samplepoint-F/2011/201103131400.dump.gz,22910707,22759688,18985303,2739817
http://mawi.nezu.wide.ad.jp/mawi/samplepoint-F/2011/201103141400.dump.gz,20836912,20492704,15081262,3228632
http://mawi.nezu.wide.ad.jp/mawi/samplepoint-F/2011/201103151400.dump.gz,21995346,21920316,17218360,3245633
http://mawi.nezu.wide.ad.jp/mawi/samplepoint-F/2011/201103161400.dump.gz,23956253,23609704,19005170,2958672
http://mawi.nezu.wide.ad.jp/mawi/samplepoint-F/2011/201103171400.dump.gz,23761821,23531411,17465412,3569773
http://mawi.nezu.wide.ad.jp/mawi/samplepoint-F/2011/201103181400.dump.gz,24058371,23900086,18792865,3328368
http://mawi.nezu.wide.ad.jp/mawi/samplepoint-F/2011/201103191400.dump.gz,25216941,24984539,19198856,3456635
http://mawi.nezu.wide.ad.jp/mawi/samplepoint-F/2011/201103201400.dump.gz,25615552,25524396,19544459,3435431
http://mawi.nezu.wide.ad.jp/mawi/samplepoint-F/2011/201103211400.dump.gz,26079993,25957445,19999231,3650558
http://mawi.nezu.wide.ad.jp/mawi/samplepoint-F/2011/201103221400.dump.gz,23181165,23046312,16585570,4565258
http://mawi.nezu.wide.ad.jp/mawi/samplepoint-F/2011/201103231400.dump.gz,26480613,26340538,20945870,3745853
http://mawi.nezu.wide.ad.jp/mawi/samplepoint-F/2011/201103241400.dump.gz,30855413,30707400,23811388,3878142
http://mawi.nezu.wide.ad.jp/mawi/samplepoint-F/2011/201103251400.dump.gz,27726758,27509174,21563925,3604756
http://mawi.nezu.wide.ad.jp/mawi/samplepoint-F/2011/201103261400.dump.gz,31597437,31486205,24800597,4160292
http://mawi.nezu.wide.ad.jp/mawi/samplepoint-F/2011/201103271400.dump.gz,31936581,31733848,25368593,3971798
http://mawi.nezu.wide.ad.jp/mawi/samplepoint-F/2011/201103281400.dump.gz,26422719,26214972,19855280,4339960
http://mawi.nezu.wide.ad.jp/mawi/samplepoint-F/2011/201103291400.dump.gz,29389841,29207707,23283524,3611654
http://mawi.nezu.wide.ad.jp/mawi/samplepoint-F/2011/201103301400.dump.gz,29243161,28913666,24903333,2549021
http://mawi.nezu.wide.ad.jp/mawi/samplepoint-F/2011/201103311400.dump.gz,29089799,28832102,22856781,4150246
http://mawi.nezu.wide.ad.jp/mawi/samplepoint-F/2011/201104011400.dump.gz,54254194,53970935,21851226,29513856
http://mawi.nezu.wide.ad.jp/mawi/samplepoint-F/2011/201104021400.dump.gz,64608487,64191160,27740690,33435856
http://mawi.nezu.wide.ad.jp/mawi/samplepoint-F/2011/201104031400.dump.gz,57412601,57192261,22275009,32430650
http://mawi.nezu.wide.ad.jp/mawi/samplepoint-F/2011/201104041400.dump.gz,51716577,51503453,26664939,22531909
http://mawi.nezu.wide.ad.jp/mawi/samplepoint-F/2011/201104051400.dump.gz,29004919,28610414,21847897,4593773
http://mawi.nezu.wide.ad.jp/mawi/samplepoint-F/2011/201104061400.dump.gz,46607370,46392386,25092369,19138927
http://mawi.nezu.wide.ad.jp/mawi/samplepoint-F/2011/201104071400.dump.gz,29680462,29313346,21814847,4968995
http://mawi.nezu.wide.ad.jp/mawi/samplepoint-F/2011/201104081400.dump.gz,40357298,40124612,26963156,10702184
http://mawi.nezu.wide.ad.jp/mawi/samplepoint-F/2011/201104091400.dump.gz,32983039,32810481,26638419,4098060
http://mawi.nezu.wide.ad.jp/mawi/samplepoint-F/2011/201104101400.dump.gz,28284279,28098435,20314680,5273540
http://mawi.nezu.wide.ad.jp/mawi/samplepoint-F/2011/201104111400.dump.gz,34728715,34420293,25541629,5782658
http://mawi.nezu.wide.ad.jp/mawi/samplepoint-F/2011/201104121400.dump.gz,98236252,98031651,27763357,68196619
http://mawi.nezu.wide.ad.jp/mawi/samplepoint-F/2011/201104131400.dump.gz,37150988,36922000,22945047,12355791
http://mawi.nezu.wide.ad.jp/mawi/samplepoint-F/2011/201104141400.dump.gz,32777463,32590579,26207159,4480447
http://mawi.nezu.wide.ad.jp/mawi/samplepoint-F/2011/201104151400.dump.gz,43110991,42758549,35838940,4627213
http://mawi.nezu.wide.ad.jp/mawi/samplepoint-F/2011/201104161400.dump.gz,37280286,35928503,26934720,4770504
http://mawi.nezu.wide.ad.jp/mawi/samplepoint-F/2011/201104171400.dump.gz,27485276,27412191,1475353,25714825
http://mawi.nezu.wide.ad.jp/mawi/samplepoint-F/2011/201104181400.dump.gz,208054515,207043948,31197408,173582987
http://mawi.nezu.wide.ad.jp/mawi/samplepoint-F/2011/201104191400.dump.gz,103782628,103376821,28302753,73279851
http://mawi.nezu.wide.ad.jp/mawi/samplepoint-F/2011/201104201400.dump.gz,62750707,62628844,19586950,41243459
http://mawi.nezu.wide.ad.jp/mawi/samplepoint-F/2011/201104211400.dump.gz,64514693,64340147,26118923,36000746
http://mawi.nezu.wide.ad.jp/mawi/samplepoint-F/2011/201104221400.dump.gz,50791000,50597218,25346096,22982076
http://mawi.nezu.wide.ad.jp/mawi/samplepoint-F/2011/201104231400.dump.gz,46159702,46025420,25365773,19148698
http://mawi.nezu.wide.ad.jp/mawi/samplepoint-F/2011/201104241400.dump.gz,50046404,49883996,25879160,21664743
http://mawi.nezu.wide.ad.jp/mawi/samplepoint-F/2011/201104251400.dump.gz,53918859,53677591,29863981,21552472
http://mawi.nezu.wide.ad.jp/mawi/samplepoint-F/2011/201104261400.dump.gz,52248693,52027002,27174425,23450064
http://mawi.nezu.wide.ad.jp/mawi/samplepoint-F/2011/201104271400.dump.gz,64441930,64201096,33137886,28756023
http://mawi.nezu.wide.ad.jp/mawi/samplepoint-F/2011/201104281400.dump.gz,71564014,71372436,37546345,31965630
http://mawi.nezu.wide.ad.jp/mawi/samplepoint-F/2011/201104291400.dump.gz,59916555,59629550,28084129,29218473
http://mawi.nezu.wide.ad.jp/mawi/samplepoint-F/2011/201104301400.dump.gz,55476556,55224891,25057652,27496959
http://mawi.nezu.wide.ad.jp/mawi/samplepoint-F/2011/201105011400.dump.gz,58483190,58363073,23953964,31840951
http://mawi.nezu.wide.ad.jp/mawi/samplepoint-F/2011/201105021400.dump.gz,57343412,57085901,29971939,24293600
http://mawi.nezu.wide.ad.jp/mawi/samplepoint-F/2011/201105031400.dump.gz,49261924,49116093,29041548,17876522
http://mawi.nezu.wide.ad.jp/mawi/samplepoint-F/2011/201105041400.dump.gz,32297132,31980297,24947144,5168997
http://mawi.nezu.wide.ad.jp/mawi/samplepoint-F/2011/201105051400.dump.gz,37650337,36859991,28909422,5503937
http://mawi.nezu.wide.ad.jp/mawi/samplepoint-F/2011/201105061400.dump.gz,48834510,48581511,40330208,6333081
http://mawi.nezu.wide.ad.jp/mawi/samplepoint-F/2011/201105071400.dump.gz,38230835,37807632,29541550,5400358
http://mawi.nezu.wide.ad.jp/mawi/samplepoint-F/2011/201105081400.dump.gz,29221338,28988596,21849535,4948688
http://mawi.nezu.wide.ad.jp/mawi/samplepoint-F/2011/201105091400.dump.gz,48375064,47757497,37391878,7733191
http://mawi.nezu.wide.ad.jp/mawi/samplepoint-F/2011/201105101400.dump.gz,41702886,41192142,30268928,7723276
http://mawi.nezu.wide.ad.jp/mawi/samplepoint-F/2011/201105111400.dump.gz,38625502,37979399,30653028,4685950
http://mawi.nezu.wide.ad.jp/mawi/samplepoint-F/2011/201105121400.dump.gz,145159032,144917428,29908409,113060300
http://mawi.nezu.wide.ad.jp/mawi/samplepoint-F/2011/201105131400.dump.gz,137130119,136332309,27149267,107072360
http://mawi.nezu.wide.ad.jp/mawi/samplepoint-F/2011/201105141400.dump.gz,134825501,134485578,30915074,101476624
http://mawi.nezu.wide.ad.jp/mawi/samplepoint-F/2011/201105151400.dump.gz,34912199,34637431,25838856,5981177
http://mawi.nezu.wide.ad.jp/mawi/samplepoint-F/2011/201105161400.dump.gz,48551106,48377680,40135960,6155938
http://mawi.nezu.wide.ad.jp/mawi/samplepoint-F/2011/201105171400.dump.gz,52385481,52156685,44425420,5241572
http://mawi.nezu.wide.ad.jp/mawi/samplepoint-F/2011/201105181400.dump.gz,125879061,125757151,35237979,88919829
http://mawi.nezu.wide.ad.jp/mawi/samplepoint-F/2011/201105191400.dump.gz,51096945,50872505,43631692,5347000
http://mawi.nezu.wide.ad.jp/mawi/samplepoint-F/2011/201105201400.dump.gz,136782344,136251450,33903379,100076248
http://mawi.nezu.wide.ad.jp/mawi/samplepoint-F/2011/201105211400.dump.gz,131113823,130865056,28046532,100625404
http://mawi.nezu.wide.ad.jp/mawi/samplepoint-F/2011/201105221400.dump.gz,136307427,136174974,28011058,106268503
http://mawi.nezu.wide.ad.jp/mawi/samplepoint-F/2011/201105231400.dump.gz,111820824,111040489,34547750,73577420
http://mawi.nezu.wide.ad.jp/mawi/samplepoint-F/2011/201105241400.dump.gz,101927988,101684985,30998224,68453896
http://mawi.nezu.wide.ad.jp/mawi/samplepoint-F/2011/201105251400.dump.gz,123313498,122257668,39208830,81098970
http://mawi.nezu.wide.ad.jp/mawi/samplepoint-F/2011/201105261400.dump.gz,119525579,119309904,34817872,82726170
http://mawi.nezu.wide.ad.jp/mawi/samplepoint-F/2011/201105271400.dump.gz,137260633,136864484,37505675,97094358
http://mawi.nezu.wide.ad.jp/mawi/samplepoint-F/2011/201105281400.dump.gz,121161165,120744581,29480994,88747639
http://mawi.nezu.wide.ad.jp/mawi/samplepoint-F/2011/201105291400.dump.gz,125795658,124477922,25084865,97210284
http://mawi.nezu.wide.ad.jp/mawi/samplepoint-F/2011/201105301400.dump.gz,126931839,125580234,42126224,81224434
http://mawi.nezu.wide.ad.jp/mawi/samplepoint-F/2011/201105311400.dump.gz,117753588,116757764,36231167,78568228
http://mawi.nezu.wide.ad.jp/mawi/samplepoint-F/2011/201106011400.dump.gz,131763439,131618725,40538227,89036657
http://mawi.nezu.wide.ad.jp/mawi/samplepoint-F/2011/201106021400.dump.gz,117542938,117401738,31300657,84105903
http://mawi.nezu.wide.ad.jp/mawi/samplepoint-F/2011/201106031400.dump.gz,67878264,67592507,34877818,30319881
http://mawi.nezu.wide.ad.jp/mawi/samplepoint-F/2011/201106041400.dump.gz,132144765,131885088,28584211,101070359
http://mawi.nezu.wide.ad.jp/mawi/samplepoint-F/2011/201106051400.dump.gz,125806724,125706757,27949352,95304606
http://mawi.nezu.wide.ad.jp/mawi/samplepoint-F/2011/201106061400.dump.gz,118024919,117879841,33358262,82150685
http://mawi.nezu.wide.ad.jp/mawi/samplepoint-F/2011/201106071400.dump.gz,118485300,118272730,29580853,86599127
http://mawi.nezu.wide.ad.jp/mawi/samplepoint-F/2011/201106081400.dump.gz,120676833,120295542,27619552,90800405
http://mawi.nezu.wide.ad.jp/mawi/samplepoint-F/2011/201106091400.dump.gz,130671818,130307596,33053204,94902158
http://mawi.nezu.wide.ad.jp/mawi/samplepoint-F/2011/201106101400.dump.gz,136893401,135290617,31133603,99851284
http://mawi.nezu.wide.ad.jp/mawi/samplepoint-F/2011/201106111400.dump.gz,35714783,34361897,25181064,5105052
http://mawi.nezu.wide.ad.jp/mawi/samplepoint-F/2011/201106121400.dump.gz,43525478,42428658,32736193,5190371
http://mawi.nezu.wide.ad.jp/mawi/samplepoint-F/2011/201106131400.dump.gz,146679606,146441087,28556759,115573856
http://mawi.nezu.wide.ad.jp/mawi/samplepoint-F/2011/201106141400.dump.gz,44932122,44553210,36656361,5168672
http://mawi.nezu.wide.ad.jp/mawi/samplepoint-F/2011/201106151400.dump.gz,142216200,141629962,46655576,92997277
http://mawi.nezu.wide.ad.jp/mawi/samplepoint-F/2011/201106161400.dump.gz,44154817,43702819,36615656,5393032
http://mawi.nezu.wide.ad.jp/mawi/samplepoint-F/2011/201106171400.dump.gz,38480275,38216272,32240085,4335037
http://mawi.nezu.wide.ad.jp/mawi/samplepoint-F/2011/201106181400.dump.gz,49056648,46537217,37579489,6587033
http://mawi.nezu.wide.ad.jp/mawi/samplepoint-F/2011/201106191400.dump.gz,37873436,37580519,28831668,6339531
http://mawi.nezu.wide.ad.jp/mawi/samplepoint-F/2011/201106201400.dump.gz,61452069,61090429,51803255,6424108
http://mawi.nezu.wide.ad.jp/mawi/samplepoint-F/2011/201106211400.dump.gz,53179449,52561349,43248000,6579937
http://mawi.nezu.wide.ad.jp/mawi/samplepoint-F/2011/201106221400.dump.gz,40545030,38153405,31974949,4745545
http://mawi.nezu.wide.ad.jp/mawi/samplepoint-F/2011/201106231400.dump.gz,44434745,43952487,37838786,4822492
http://mawi.nezu.wide.ad.jp/mawi/samplepoint-F/2011/201106241400.dump.gz,42066608,41684813,36259869,3974528
http://mawi.nezu.wide.ad.jp/mawi/samplepoint-F/2011/201106251400.dump.gz,44371771,43990955,38341541,4406386
http://mawi.nezu.wide.ad.jp/mawi/samplepoint-F/2011/201106261400.dump.gz,35911370,35603618,29364663,4987662
http://mawi.nezu.wide.ad.jp/mawi/samplepoint-F/2011/201106271400.dump.gz,64605236,64344759,56437993,6680686
http://mawi.nezu.wide.ad.jp/mawi/samplepoint-F/2011/201106281400.dump.gz,53237381,52938766,46569696,4764280
http://mawi.nezu.wide.ad.jp/mawi/samplepoint-F/2011/201106291400.dump.gz,48783459,48530128,42653053,4556531
http://mawi.nezu.wide.ad.jp/mawi/samplepoint-F/2011/201106301400.dump.gz,42366165,42155014,37195064,3619727
http://mawi.nezu.wide.ad.jp/mawi/samplepoint-F/2011/201107011400.dump.gz,49089777,48699939,43043264,4614576
http://mawi.nezu.wide.ad.jp/mawi/samplepoint-F/2011/201107021400.dump.gz,38706389,38458023,33664714,3496481
http://mawi.nezu.wide.ad.jp/mawi/samplepoint-F/2011/201107031400.dump.gz,38150893,37921958,32017891,4743067
http://mawi.nezu.wide.ad.jp/mawi/samplepoint-F/2011/201107041400.dump.gz,50704957,50133769,44004298,4663963
http://mawi.nezu.wide.ad.jp/mawi/samplepoint-F/2011/201107051400.dump.gz,46375109,46025089,40801830,4154943
http://mawi.nezu.wide.ad.jp/mawi/samplepoint-F/2011/201107061400.dump.gz,47895659,47221063,40831243,4584150
http://mawi.nezu.wide.ad.jp/mawi/samplepoint-F/2011/201107071400.dump.gz,43213534,42855197,36351193,5175415
http://mawi.nezu.wide.ad.jp/mawi/samplepoint-F/2011/201107081400.dump.gz,41712139,41461321,34920377,5262665
http://mawi.nezu.wide.ad.jp/mawi/samplepoint-F/2011/201107091400.dump.gz,44483594,44225770,37048783,5881695
http://mawi.nezu.wide.ad.jp/mawi/samplepoint-F/2011/201107101400.dump.gz,43419567,43168010,35558286,6291120
http://mawi.nezu.wide.ad.jp/mawi/samplepoint-F/2011/201107111400.dump.gz,48969334,48543629,40703486,6308568
http://mawi.nezu.wide.ad.jp/mawi/samplepoint-F/2011/201107121400.dump.gz,59106806,58768566,52946504,4461000
http://mawi.nezu.wide.ad.jp/mawi/samplepoint-F/2011/201107131400.dump.gz,50601991,50106285,42535140,6085781
http://mawi.nezu.wide.ad.jp/mawi/samplepoint-F/2011/201107141400.dump.gz,47911681,47543892,41001180,4831933
http://mawi.nezu.wide.ad.jp/mawi/samplepoint-F/2011/201107151400.dump.gz,57912843,57348942,50386212,5343422
http://mawi.nezu.wide.ad.jp/mawi/samplepoint-F/2011/201107161400.dump.gz,44613132,43660849,37535349,3873373
http://mawi.nezu.wide.ad.jp/mawi/samplepoint-F/2011/201107171400.dump.gz,49540280,49103618,41627278,5915095
http://mawi.nezu.wide.ad.jp/mawi/samplepoint-F/2011/201107181400.dump.gz,55613859,55280390,48770290,5106370
http://mawi.nezu.wide.ad.jp/mawi/samplepoint-F/2011/201107191400.dump.gz,47619244,47396032,41232153,4306947
http://mawi.nezu.wide.ad.jp/mawi/samplepoint-F/2011/201107201400.dump.gz,52558628,52174085,47078223,3925988
http://mawi.nezu.wide.ad.jp/mawi/samplepoint-F/2011/201107211400.dump.gz,110959840,110761586,36334829,73268157
http://mawi.nezu.wide.ad.jp/mawi/samplepoint-F/2011/201107221400.dump.gz,38938918,38597515,32224538,5192914
http://mawi.nezu.wide.ad.jp/mawi/samplepoint-F/2011/201107231400.dump.gz,45464685,44925418,38935050,4472440
http://mawi.nezu.wide.ad.jp/mawi/samplepoint-F/2011/201107241400.dump.gz,38404705,38004215,32850254,3828332
http://mawi.nezu.wide.ad.jp/mawi/samplepoint-F/2011/201107251400.dump.gz,51172988,50845987,45010693,4565057
http://mawi.nezu.wide.ad.jp/mawi/samplepoint-F/2011/201107261400.dump.gz,47165139,46928401,40885232,4859499
http://mawi.nezu.wide.ad.jp/mawi/samplepoint-F/2011/201107271400.dump.gz,55604923,55325901,48941004,5070944
http://mawi.nezu.wide.ad.jp/mawi/samplepoint-F/2011/201107281400.dump.gz,43841074,43565002,38165133,4256188
http://mawi.nezu.wide.ad.jp/mawi/samplepoint-F/2011/201107291400.dump.gz,53160194,52916737,47435120,4000174
http://mawi.nezu.wide.ad.jp/mawi/samplepoint-F/2011/201107301400.dump.gz,34758717,34505640,30760200,2938370
http://mawi.nezu.wide.ad.jp/mawi/samplepoint-F/2011/201107311400.dump.gz,32714173,32531584,26217301,5089901
http://mawi.nezu.wide.ad.jp/mawi/samplepoint-F/2011/201108011400.dump.gz,41977984,41798893,33479892,7055703
http://mawi.nezu.wide.ad.jp/mawi/samplepoint-F/2011/201108021400.dump.gz,55167674,54369871,49092050,3983199
http://mawi.nezu.wide.ad.jp/mawi/samplepoint-F/2011/201108031400.dump.gz,36826703,36576168,30899574,4280865
http://mawi.nezu.wide.ad.jp/mawi/samplepoint-F/2011/201108041400.dump.gz,37383460,36792162,31998822,3702918
http://mawi.nezu.wide.ad.jp/mawi/samplepoint-F/2011/201108051400.dump.gz,48484315,48216609,43152415,3704367
http://mawi.nezu.wide.ad.jp/mawi/samplepoint-F/2011/201108061400.dump.gz,53963982,53663902,48672304,3738494
http://mawi.nezu.wide.ad.jp/mawi/samplepoint-F/2011/201108071400.dump.gz,37662591,37513198,31368995,5018382
http://mawi.nezu.wide.ad.jp/mawi/samplepoint-F/2011/201108081400.dump.gz,42457792,41884130,36479256,4079174
http://mawi.nezu.wide.ad.jp/mawi/samplepoint-F/2011/201108091400.dump.gz,48584357,48226609,42676065,4045624
http://mawi.nezu.wide.ad.jp/mawi/samplepoint-F/2011/201108101400.dump.gz,50697986,50411680,44253972,5138913
http://mawi.nezu.wide.ad.jp/mawi/samplepoint-F/2011/201108111400.dump.gz,38778656,38584840,31922450,5644480
http://mawi.nezu.wide.ad.jp/mawi/samplepoint-F/2011/201108121400.dump.gz,40756936,40334637,36108706,2945527
http://mawi.nezu.wide.ad.jp/mawi/samplepoint-F/2011/201108131400.dump.gz,37856845,36453581,32221770,3122092
http://mawi.nezu.wide.ad.jp/mawi/samplepoint-F/2011/201108141400.dump.gz,36871012,35973425,31647445,3213091
http://mawi.nezu.wide.ad.jp/mawi/samplepoint-F/2011/201108151400.dump.gz,45258547,44263543,38106969,4392136
http://mawi.nezu.wide.ad.jp/mawi/samplepoint-F/2011/201108161400.dump.gz,39448912,39226077,35225909,2833100
http://mawi.nezu.wide.ad.jp/mawi/samplepoint-F/2011/201108171400.dump.gz,48216991,46722337,40146373,5488353
http://mawi.nezu.wide.ad.jp/mawi/samplepoint-F/2011/201108181400.dump.gz,41302467,41080542,35254360,3630992
http://mawi.nezu.wide.ad.jp/mawi/samplepoint-F/2011/201108191400.dump.gz,39342252,39178000,32966482,3991302
http://mawi.nezu.wide.ad.jp/mawi/samplepoint-F/2011/201108201400.dump.gz,39020893,38561470,32602799,3832610
http://mawi.nezu.wide.ad.jp/mawi/samplepoint-F/2011/201108211400.dump.gz,33101769,32867001,26376008,4495348
http://mawi.nezu.wide.ad.jp/mawi/samplepoint-F/2011/201108221400.dump.gz,48266857,47243398,35870770,4336269
http://mawi.nezu.wide.ad.jp/mawi/samplepoint-F/2011/201108231400.dump.gz,39835412,39615154,33883013,3669296
http://mawi.nezu.wide.ad.jp/mawi/samplepoint-F/2011/201108241400.dump.gz,42384052,41840003,35985533,3688083
http://mawi.nezu.wide.ad.jp/mawi/samplepoint-F/2011/201108251400.dump.gz,31799055,31628793,25880674,3640044
http://mawi.nezu.wide.ad.jp/mawi/samplepoint-F/2011/201108261400.dump.gz,40060823,39703833,33322077,4486448
http://mawi.nezu.wide.ad.jp/mawi/samplepoint-F/2011/201108271400.dump.gz,44067287,43720011,39405520,3373310
http://mawi.nezu.wide.ad.jp/mawi/samplepoint-F/2011/201108281400.dump.gz,29670475,29520265,24788585,3797048
http://mawi.nezu.wide.ad.jp/mawi/samplepoint-F/2011/201108291400.dump.gz,27270682,27039047,22262513,3843437
http://mawi.nezu.wide.ad.jp/mawi/samplepoint-F/2011/201108301400.dump.gz,29160908,28982986,24272625,3579335
http://mawi.nezu.wide.ad.jp/mawi/samplepoint-F/2011/201108311400.dump.gz,25468766,25261516,21161194,3433505
http://mawi.nezu.wide.ad.jp/mawi/samplepoint-F/2011/201109011400.dump.gz,31593835,30633144,26567889,3362487
http://mawi.nezu.wide.ad.jp/mawi/samplepoint-F/2011/201109021400.dump.gz,24282839,24130211,21876383,1922530
http://mawi.nezu.wide.ad.jp/mawi/samplepoint-F/2011/201109031400.dump.gz,22818533,22629548,20527393,1732792
http://mawi.nezu.wide.ad.jp/mawi/samplepoint-F/2011/201109041400.dump.gz,33825748,33642737,28973424,3560348
http://mawi.nezu.wide.ad.jp/mawi/samplepoint-F/2011/201109051400.dump.gz,30210210,29231041,23049870,4322501
http://mawi.nezu.wide.ad.jp/mawi/samplepoint-F/2011/201109061400.dump.gz,36111603,35845562,31677129,3187503
http://mawi.nezu.wide.ad.jp/mawi/samplepoint-F/2011/201109071400.dump.gz,29664016,29393198,24871400,3534844
http://mawi.nezu.wide.ad.jp/mawi/samplepoint-F/2011/201109081400.dump.gz,29200395,29028216,24097928,3722834
http://mawi.nezu.wide.ad.jp/mawi/samplepoint-F/2011/201109091400.dump.gz,27420839,27081654,21894732,3848464
http://mawi.nezu.wide.ad.jp/mawi/samplepoint-F/2011/201109101400.dump.gz,32923694,32650739,27681958,3463925
http://mawi.nezu.wide.ad.jp/mawi/samplepoint-F/2011/201109111400.dump.gz,26596353,26444398,22507386,2631249
http://mawi.nezu.wide.ad.jp/mawi/samplepoint-F/2011/201109121400.dump.gz,32577990,32374680,26392268,4632743
http://mawi.nezu.wide.ad.jp/mawi/samplepoint-F/2011/201109131400.dump.gz,39708876,39530329,32717277,4635412
http://mawi.nezu.wide.ad.jp/mawi/samplepoint-F/2011/201109141400.dump.gz,51037184,50896596,41621912,5836614
http://mawi.nezu.wide.ad.jp/mawi/samplepoint-F/2011/201109151400.dump.gz,47338706,47079152,39357116,4412078
http://mawi.nezu.wide.ad.jp/mawi/samplepoint-F/2011/201109161400.dump.gz,41371979,40691075,33880203,4159349
http://mawi.nezu.wide.ad.jp/mawi/samplepoint-F/2011/201109171400.dump.gz,44186313,43894650,36252239,4052851
http://mawi.nezu.wide.ad.jp/mawi/samplepoint-F/2011/201109181400.dump.gz,38783756,38578488,29762771,5272632
http://mawi.nezu.wide.ad.jp/mawi/samplepoint-F/2011/201109191400.dump.gz,31582936,31353798,23101707,5066751
http://mawi.nezu.wide.ad.jp/mawi/samplepoint-F/2011/201109201400.dump.gz,36108408,35892831,27391668,5335415
http://mawi.nezu.wide.ad.jp/mawi/samplepoint-F/2011/201109211400.dump.gz,27346418,27212920,20450297,3704722
http://mawi.nezu.wide.ad.jp/mawi/samplepoint-F/2011/201109221400.dump.gz,44740027,44460503,36751839,4572030
http://mawi.nezu.wide.ad.jp/mawi/samplepoint-F/2011/201109231400.dump.gz,35392916,35169210,28131404,3820218
http://mawi.nezu.wide.ad.jp/mawi/samplepoint-F/2011/201109241400.dump.gz,36757762,36302635,30184964,3188095
http://mawi.nezu.wide.ad.jp/mawi/samplepoint-F/2011/201109251400.dump.gz,45644158,45394586,38982558,3742716
http://mawi.nezu.wide.ad.jp/mawi/samplepoint-F/2011/201109261400.dump.gz,54836877,54454503,47698028,4265601
http://mawi.nezu.wide.ad.jp/mawi/samplepoint-F/2011/201109271400.dump.gz,53250030,52974868,45659255,4714976
http://mawi.nezu.wide.ad.jp/mawi/samplepoint-F/2011/201109281400.dump.gz,54593582,54316248,47248613,4170087
http://mawi.nezu.wide.ad.jp/mawi/samplepoint-F/2011/201109291400.dump.gz,41474622,40951503,35156692,3486641
http://mawi.nezu.wide.ad.jp/mawi/samplepoint-F/2011/201109301400.dump.gz,40169104,39844991,31255987,4719488
http://mawi.nezu.wide.ad.jp/mawi/samplepoint-F/2011/201110011400.dump.gz,53627785,53291439,45404824,4377368
http://mawi.nezu.wide.ad.jp/mawi/samplepoint-F/2011/201110021400.dump.gz,51717438,51204868,43064553,4281601
http://mawi.nezu.wide.ad.jp/mawi/samplepoint-F/2011/201110031400.dump.gz,60412948,60044173,46662918,9316204
http://mawi.nezu.wide.ad.jp/mawi/samplepoint-F/2011/201110041400.dump.gz,64015582,56263378,46853019,5299914
http://mawi.nezu.wide.ad.jp/mawi/samplepoint-F/2011/201110051400.dump.gz,56789225,56255342,47530353,4984742
http://mawi.nezu.wide.ad.jp/mawi/samplepoint-F/2011/201110061400.dump.gz,49825793,49419844,40792846,5053262
http://mawi.nezu.wide.ad.jp/mawi/samplepoint-F/2011/201110071400.dump.gz,47735867,47393387,38320611,5648843
http://mawi.nezu.wide.ad.jp/mawi/samplepoint-F/2011/201110081400.dump.gz,48134681,47771775,39868506,4243540
http://mawi.nezu.wide.ad.jp/mawi/samplepoint-F/2011/201110091400.dump.gz,42062661,41666663,33408713,4445943
http://mawi.nezu.wide.ad.jp/mawi/samplepoint-F/2011/201110101400.dump.gz,41935211,41823569,33435962,4948921
http://mawi.nezu.wide.ad.jp/mawi/samplepoint-F/2011/201110111400.dump.gz,50871364,50231799,41003764,5587215
http://mawi.nezu.wide.ad.jp/mawi/samplepoint-F/2011/201110121400.dump.gz,44010384,43710854,35323204,4751842
http://mawi.nezu.wide.ad.jp/mawi/samplepoint-F/2011/201110131400.dump.gz,65654275,65215360,41342993,4978220
http://mawi.nezu.wide.ad.jp/mawi/samplepoint-F/2011/201110141400.dump.gz,67036707,66529692,43957610,3680781
http://mawi.nezu.wide.ad.jp/mawi/samplepoint-F/2011/201110151400.dump.gz,50730575,50603062,27458736,4379178
http://mawi.nezu.wide.ad.jp/mawi/samplepoint-F/2011/201110161400.dump.gz,57317414,57162352,33666830,4729127
http://mawi.nezu.wide.ad.jp/mawi/samplepoint-F/2011/201110171400.dump.gz,70931276,70621040,44737001,5131967
http://mawi.nezu.wide.ad.jp/mawi/samplepoint-F/2011/201110181400.dump.gz,57713782,57165287,35374985,4620308
http://mawi.nezu.wide.ad.jp/mawi/samplepoint-F/2011/201110191400.dump.gz,59632615,59110436,34208011,7673500
http://mawi.nezu.wide.ad.jp/mawi/samplepoint-F/2011/201110201400.dump.gz,64124552,62890603,41269665,4167982
http://mawi.nezu.wide.ad.jp/mawi/samplepoint-F/2011/201110211400.dump.gz,68488653,68024890,45502135,4815239
http://mawi.nezu.wide.ad.jp/mawi/samplepoint-F/2011/201110221400.dump.gz,56233015,55658623,35206354,3241292
http://mawi.nezu.wide.ad.jp/mawi/samplepoint-F/2011/201110231400.dump.gz,50196227,49801507,29514678,3126913
http://mawi.nezu.wide.ad.jp/mawi/samplepoint-F/2011/201110241400.dump.gz,65973153,65453647,43086734,4931314
http://mawi.nezu.wide.ad.jp/mawi/samplepoint-F/2011/201110251400.dump.gz,74171457,73783646,51298179,5144675
http://mawi.nezu.wide.ad.jp/mawi/samplepoint-F/2011/201110261400.dump.gz,72187295,71665884,49721063,4768060
http://mawi.nezu.wide.ad.jp/mawi/samplepoint-F/2011/201110271400.dump.gz,49688216,49337206,43425423,4128720
http://mawi.nezu.wide.ad.jp/mawi/samplepoint-F/2011/201110281400.dump.gz,47677480,47177061,41249431,3507510
http://mawi.nezu.wide.ad.jp/mawi/samplepoint-F/2011/201110291400.dump.gz,41099387,40492266,35245778,3263506
http://mawi.nezu.wide.ad.jp/mawi/samplepoint-F/2011/201110301400.dump.gz,39200988,39014955,33588005,3484309
http://mawi.nezu.wide.ad.jp/mawi/samplepoint-F/2011/201110311400.dump.gz,34720570,34403696,29619743,3267091
http://mawi.nezu.wide.ad.jp/mawi/samplepoint-F/2011/201111011400.dump.gz,40454023,39917799,33837190,4158107
http://mawi.nezu.wide.ad.jp/mawi/samplepoint-F/2011/201111021400.dump.gz,53951378,53553675,48300264,3280808
http://mawi.nezu.wide.ad.jp/mawi/samplepoint-F/2011/201111031400.dump.gz,52844394,51996687,45432555,3546153
http://mawi.nezu.wide.ad.jp/mawi/samplepoint-F/2011/201111041400.dump.gz,42827036,42503941,35268557,4526909
http://mawi.nezu.wide.ad.jp/mawi/samplepoint-F/2011/201111051400.dump.gz,59100978,58478636,51570848,3779298
http://mawi.nezu.wide.ad.jp/mawi/samplepoint-F/2011/201111061400.dump.gz,42517409,42288147,35979466,3607312
http://mawi.nezu.wide.ad.jp/mawi/samplepoint-F/2011/201111071400.dump.gz,47503656,47326099,38621573,5654549
http://mawi.nezu.wide.ad.jp/mawi/samplepoint-F/2011/201111081400.dump.gz,45589067,45293134,38743719,3523619
http://mawi.nezu.wide.ad.jp/mawi/samplepoint-F/2011/201111091400.dump.gz,56541489,55260442,48144385,4036790
http://mawi.nezu.wide.ad.jp/mawi/samplepoint-F/2011/201111101400.dump.gz,50522880,50080824,43275045,4359363
http://mawi.nezu.wide.ad.jp/mawi/samplepoint-F/2011/201111111400.dump.gz,62375602,61943272,32514325,4166260
http://mawi.nezu.wide.ad.jp/mawi/samplepoint-F/2011/201111121400.dump.gz,35585242,35303831,28419693,3874807
http://mawi.nezu.wide.ad.jp/mawi/samplepoint-F/2011/201111131400.dump.gz,32341616,31788320,23028895,5580958
http://mawi.nezu.wide.ad.jp/mawi/samplepoint-F/2011/201111141400.dump.gz,55470807,54753452,46403856,4540959
http://mawi.nezu.wide.ad.jp/mawi/samplepoint-F/2011/201111151400.dump.gz,58879459,58667782,48950451,5032632
http://mawi.nezu.wide.ad.jp/mawi/samplepoint-F/2011/201111161400.dump.gz,68784381,68519979,59039464,4773730
http://mawi.nezu.wide.ad.jp/mawi/samplepoint-F/2011/201111171400.dump.gz,63398070,63135761,52581186,5795722
http://mawi.nezu.wide.ad.jp/mawi/samplepoint-F/2011/201111181400.dump.gz,54053747,53233227,43343172,4759129
http://mawi.nezu.wide.ad.jp/mawi/samplepoint-F/2011/201111191400.dump.gz,54029167,53814187,44783520,4715683
http://mawi.nezu.wide.ad.jp/mawi/samplepoint-F/2011/201111201400.dump.gz,40772004,40539080,31530745,4063614
http://mawi.nezu.wide.ad.jp/mawi/samplepoint-F/2011/201111211400.dump.gz,46899496,46712646,39756283,4301572
http://mawi.nezu.wide.ad.jp/mawi/samplepoint-F/2011/201111221400.dump.gz,48694271,47829132,41921475,3294402
http://mawi.nezu.wide.ad.jp/mawi/samplepoint-F/2011/201111231400.dump.gz,43755954,43479258,36594609,3777916
http://mawi.nezu.wide.ad.jp/mawi/samplepoint-F/2011/201111241400.dump.gz,50073368,49897777,42725115,4626362
http://mawi.nezu.wide.ad.jp/mawi/samplepoint-F/2011/201111251400.dump.gz,60931542,60354601,52970406,4400057
http://mawi.nezu.wide.ad.jp/mawi/samplepoint-F/2011/201111261400.dump.gz,49132240,48961188,42091474,4389482
http://mawi.nezu.wide.ad.jp/mawi/samplepoint-F/2011/201111271400.dump.gz,47208982,47097699,40515482,3770962
http://mawi.nezu.wide.ad.jp/mawi/samplepoint-F/2011/201111281400.dump.gz,46100157,44992515,36978579,5338113
http://mawi.nezu.wide.ad.jp/mawi/samplepoint-F/2011/201111291400.dump.gz,74013443,73598546,54839822,15943341
http://mawi.nezu.wide.ad.jp/mawi/samplepoint-F/2011/201111301400.dump.gz,60638467,60279895,53427097,4450475
http://mawi.nezu.wide.ad.jp/mawi/samplepoint-F/2011/201112011400.dump.gz,46103423,45866925,38663219,4594126
http://mawi.nezu.wide.ad.jp/mawi/samplepoint-F/2011/201112021400.dump.gz,42703064,42279281,35111453,3866615
http://mawi.nezu.wide.ad.jp/mawi/samplepoint-F/2011/201112031400.dump.gz,35706086,35478615,30531858,3403557
http://mawi.nezu.wide.ad.jp/mawi/samplepoint-F/2011/201112041400.dump.gz,27302399,26908685,22400464,3066281
http://mawi.nezu.wide.ad.jp/mawi/samplepoint-F/2011/201112051400.dump.gz,41053147,40753355,34104754,5043266
http://mawi.nezu.wide.ad.jp/mawi/samplepoint-F/2011/201112061400.dump.gz,59197350,58838373,35445856,5902719
http://mawi.nezu.wide.ad.jp/mawi/samplepoint-F/2011/201112071400.dump.gz,61087672,60774318,37746691,4524168
http://mawi.nezu.wide.ad.jp/mawi/samplepoint-F/2011/201112081400.dump.gz,54354122,53842195,32083328,3702794
http://mawi.nezu.wide.ad.jp/mawi/samplepoint-F/2011/201112091400.dump.gz,61490884,61295491,40034685,4531712
http://mawi.nezu.wide.ad.jp/mawi/samplepoint-F/2011/201112101400.dump.gz,50791985,50482501,29496326,3865669
http://mawi.nezu.wide.ad.jp/mawi/samplepoint-F/2011/201112111400.dump.gz,46647357,46176219,24885753,3809725
http://mawi.nezu.wide.ad.jp/mawi/samplepoint-F/2011/201112121400.dump.gz,57030201,56331980,34141538,4137464
http://mawi.nezu.wide.ad.jp/mawi/samplepoint-F/2011/201112131400.dump.gz,62046287,61647764,41012877,4251395
http://mawi.nezu.wide.ad.jp/mawi/samplepoint-F/2011/201112141400.dump.gz,55819682,55530471,36315488,3224304
http://mawi.nezu.wide.ad.jp/mawi/samplepoint-F/2011/201112151400.dump.gz,52695553,52188114,31461301,4497134
http://mawi.nezu.wide.ad.jp/mawi/samplepoint-F/2011/201112161400.dump.gz,59194936,58825301,38561777,3561899
http://mawi.nezu.wide.ad.jp/mawi/samplepoint-F/2011/201112171400.dump.gz,59085238,58721089,39687462,2725753
http://mawi.nezu.wide.ad.jp/mawi/samplepoint-F/2011/201112181400.dump.gz,50634831,50299995,30514578,3074946
http://mawi.nezu.wide.ad.jp/mawi/samplepoint-F/2011/201112191400.dump.gz,51114719,50727452,29963484,3938545
http://mawi.nezu.wide.ad.jp/mawi/samplepoint-F/2011/201112201400.dump.gz,47078016,46774621,41239049,4220101
http://mawi.nezu.wide.ad.jp/mawi/samplepoint-F/2011/201112211400.dump.gz,39274995,38860981,33598651,3736445
http://mawi.nezu.wide.ad.jp/mawi/samplepoint-F/2011/201112221400.dump.gz,33398725,33025989,27353588,4305501
http://mawi.nezu.wide.ad.jp/mawi/samplepoint-F/2011/201112231400.dump.gz,28194516,28064237,23410010,3557221
http://mawi.nezu.wide.ad.jp/mawi/samplepoint-F/2011/201112241400.dump.gz,47526587,46952574,41166172,4464080
http://mawi.nezu.wide.ad.jp/mawi/samplepoint-F/2011/201112251400.dump.gz,28773996,28438491,22501240,4724637
http://mawi.nezu.wide.ad.jp/mawi/samplepoint-F/2011/201112261400.dump.gz,37181643,36848736,31245790,3938635
http://mawi.nezu.wide.ad.jp/mawi/samplepoint-F/2011/201112271400.dump.gz,39894930,39546378,33648307,4454962
http://mawi.nezu.wide.ad.jp/mawi/samplepoint-F/2011/201112281400.dump.gz,37494891,37249243,31040512,4568881
http://mawi.nezu.wide.ad.jp/mawi/samplepoint-F/2011/201112291400.dump.gz,35715281,35374813,30845905,3245892
http://mawi.nezu.wide.ad.jp/mawi/samplepoint-F/2011/201112301400.dump.gz,31896875,31557199,26627967,3548450
