url,total,ip,tcp,udp
http://mawi.nezu.wide.ad.jp/mawi/samplepoint-B/1999/199905102000.dump.gz,3602983,3602983,2871630,654235
http://mawi.nezu.wide.ad.jp/mawi/samplepoint-B/1999/199905102100.dump.gz,3753763,3753763,2988828,682946
http://mawi.nezu.wide.ad.jp/mawi/samplepoint-B/1999/199905102200.dump.gz,3403490,3403490,2918777,417890
http://mawi.nezu.wide.ad.jp/mawi/samplepoint-B/1999/199905102300.dump.gz,3474993,3474993,3069240,338374
http://mawi.nezu.wide.ad.jp/mawi/samplepoint-B/1999/199905110000.dump.gz,3485398,3485398,3074885,366200
http://mawi.nezu.wide.ad.jp/mawi/samplepoint-B/1999/199905110100.dump.gz,3344362,3344362,2912026,393531
http://mawi.nezu.wide.ad.jp/mawi/samplepoint-B/1999/199905110200.dump.gz,2955060,2955060,2600379,315746
http://mawi.nezu.wide.ad.jp/mawi/samplepoint-B/1999/199905110300.dump.gz,3124543,3124543,2806277,276906
http://mawi.nezu.wide.ad.jp/mawi/samplepoint-B/1999/199905110400.dump.gz,3021938,3021938,2693771,293513
http://mawi.nezu.wide.ad.jp/mawi/samplepoint-B/1999/199905110500.dump.gz,2838887,2838887,2551907,252268
http://mawi.nezu.wide.ad.jp/mawi/samplepoint-B/1999/199905110600.dump.gz,2774987,2774987,2448333,257972
http://mawi.nezu.wide.ad.jp/mawi/samplepoint-B/1999/199905110700.dump.gz,2805255,2805255,2488268,270076
http://mawi.nezu.wide.ad.jp/mawi/samplepoint-B/1999/199905110800.dump.gz,3014883,3014883,2629404,337106
http://mawi.nezu.wide.ad.jp/mawi/samplepoint-B/1999/199905110900.dump.gz,3228736,3228736,2808273,376899
http://mawi.nezu.wide.ad.jp/mawi/samplepoint-B/1999/199905111000.dump.gz,3550765,3550765,3103741,396151
http://mawi.nezu.wide.ad.jp/mawi/samplepoint-B/1999/199905111100.dump.gz,3729375,3729375,3204716,446516
http://mawi.nezu.wide.ad.jp/mawi/samplepoint-B/1999/199905111200.dump.gz,3884712,3884712,3381418,398941
http://mawi.nezu.wide.ad.jp/mawi/samplepoint-B/1999/199905111300.dump.gz,3774395,3774395,3297511,404859
http://mawi.nezu.wide.ad.jp/mawi/samplepoint-B/1999/199905111400.dump.gz,3729039,3729039,3154479,505311
http://mawi.nezu.wide.ad.jp/mawi/samplepoint-B/1999/199905111500.dump.gz,3914247,3914247,3339508,506743
http://mawi.nezu.wide.ad.jp/mawi/samplepoint-B/1999/199905111600.dump.gz,3921460,3921460,3381169,472330
http://mawi.nezu.wide.ad.jp/mawi/samplepoint-B/1999/199905111700.dump.gz,3897561,3897561,3214091,617432
http://mawi.nezu.wide.ad.jp/mawi/samplepoint-B/1999/199905111800.dump.gz,3711368,3711368,3151335,492270
http://mawi.nezu.wide.ad.jp/mawi/samplepoint-B/1999/199905111900.dump.gz,3310893,3310893,2866839,372493
http://mawi.nezu.wide.ad.jp/mawi/samplepoint-B/1999/199905112000.dump.gz,3183018,3183018,2737184,384091
http://mawi.nezu.wide.ad.jp/mawi/samplepoint-B/1999/199905112100.dump.gz,3329858,3329858,2861617,383722
http://mawi.nezu.wide.ad.jp/mawi/samplepoint-B/1999/199905112200.dump.gz,3379820,3379820,2935124,374567
http://mawi.nezu.wide.ad.jp/mawi/samplepoint-B/1999/199905112300.dump.gz,3517502,3517502,3090556,374662
http://mawi.nezu.wide.ad.jp/mawi/samplepoint-B/1999/199905120000.dump.gz,3484153,3484153,3056118,370080
http://mawi.nezu.wide.ad.jp/mawi/samplepoint-B/1999/199905120100.dump.gz,3267860,3267860,2908539,306357
http://mawi.nezu.wide.ad.jp/mawi/samplepoint-B/1999/199905120200.dump.gz,3188097,3188097,2848931,280367
http://mawi.nezu.wide.ad.jp/mawi/samplepoint-B/1999/199905120300.dump.gz,3073995,3073995,2783385,245685
http://mawi.nezu.wide.ad.jp/mawi/samplepoint-B/1999/199905120400.dump.gz,2931269,2931269,2648486,240307
http://mawi.nezu.wide.ad.jp/mawi/samplepoint-B/1999/199905120500.dump.gz,2754592,2754592,2504748,206404
http://mawi.nezu.wide.ad.jp/mawi/samplepoint-B/1999/199905120600.dump.gz,2661708,2661708,2412319,205918
http://mawi.nezu.wide.ad.jp/mawi/samplepoint-B/1999/199905120659.dump.gz,2546757,2546757,2283529,214870
http://mawi.nezu.wide.ad.jp/mawi/samplepoint-B/1999/199905120800.dump.gz,2636362,2636362,2283825,299463
http://mawi.nezu.wide.ad.jp/mawi/samplepoint-B/1999/199905120900.dump.gz,3210405,3210405,2784807,347068
http://mawi.nezu.wide.ad.jp/mawi/samplepoint-B/1999/199905121000.dump.gz,3521983,3521983,3055559,399009
http://mawi.nezu.wide.ad.jp/mawi/samplepoint-B/1999/199905121100.dump.gz,3691470,3691470,3144777,454704
http://mawi.nezu.wide.ad.jp/mawi/samplepoint-B/1999/199905121200.dump.gz,3739101,3739101,3163487,490340
http://mawi.nezu.wide.ad.jp/mawi/samplepoint-B/1999/199905121300.dump.gz,3747278,3747278,3268600,426893
http://mawi.nezu.wide.ad.jp/mawi/samplepoint-B/1999/199905121400.dump.gz,3723054,3723054,3164729,473168
http://mawi.nezu.wide.ad.jp/mawi/samplepoint-B/1999/199905121500.dump.gz,3794439,3794439,3143902,597928
http://mawi.nezu.wide.ad.jp/mawi/samplepoint-B/1999/199905121600.dump.gz,3868152,3868152,3276531,520541
http://mawi.nezu.wide.ad.jp/mawi/samplepoint-B/1999/199905121700.dump.gz,3763491,3763491,3191393,512880
http://mawi.nezu.wide.ad.jp/mawi/samplepoint-B/1999/199905121800.dump.gz,3481852,3481852,3017284,417992
http://mawi.nezu.wide.ad.jp/mawi/samplepoint-B/1999/199905121900.dump.gz,3289997,3289997,2771057,471733
http://mawi.nezu.wide.ad.jp/mawi/samplepoint-B/1999/199905122000.dump.gz,3255524,3255524,2809520,397380
http://mawi.nezu.wide.ad.jp/mawi/samplepoint-B/1999/199905122100.dump.gz,3228071,3228071,2760033,416601
http://mawi.nezu.wide.ad.jp/mawi/samplepoint-B/1999/199905122200.dump.gz,3217505,3217505,2700129,469799
http://mawi.nezu.wide.ad.jp/mawi/samplepoint-B/1999/199905122300.dump.gz,3496545,3496545,2962282,484008
http://mawi.nezu.wide.ad.jp/mawi/samplepoint-B/1999/199905130000.dump.gz,3428112,3428112,2915169,457752
http://mawi.nezu.wide.ad.jp/mawi/samplepoint-B/1999/199905130100.dump.gz,3509309,3509309,3058035,382155
http://mawi.nezu.wide.ad.jp/mawi/samplepoint-B/1999/199905130200.dump.gz,3142986,3142986,2774817,310340
http://mawi.nezu.wide.ad.jp/mawi/samplepoint-B/1999/199905130300.dump.gz,3019747,3019747,2676362,276091
http://mawi.nezu.wide.ad.jp/mawi/samplepoint-B/1999/199905130400.dump.gz,2967050,2967050,2669511,248385
http://mawi.nezu.wide.ad.jp/mawi/samplepoint-B/1999/199905130500.dump.gz,2861186,2861186,2564680,244825
http://mawi.nezu.wide.ad.jp/mawi/samplepoint-B/1999/199905130600.dump.gz,2638512,2638512,2330599,250342
http://mawi.nezu.wide.ad.jp/mawi/samplepoint-B/1999/199905130700.dump.gz,2670113,2670113,2367236,254416
http://mawi.nezu.wide.ad.jp/mawi/samplepoint-B/1999/199905130800.dump.gz,2916011,2916011,2566009,302542
http://mawi.nezu.wide.ad.jp/mawi/samplepoint-B/1999/199905130900.dump.gz,3318221,3318221,2888717,372759
http://mawi.nezu.wide.ad.jp/mawi/samplepoint-B/1999/199905131000.dump.gz,3527246,3527246,3043869,400976
http://mawi.nezu.wide.ad.jp/mawi/samplepoint-B/1999/199905131100.dump.gz,3724275,3724275,3222113,431332
http://mawi.nezu.wide.ad.jp/mawi/samplepoint-B/1999/199905131200.dump.gz,3794797,3794797,3259228,472595
http://mawi.nezu.wide.ad.jp/mawi/samplepoint-B/1999/199905131300.dump.gz,3807837,3807837,3275894,452216
http://mawi.nezu.wide.ad.jp/mawi/samplepoint-B/1999/199905131400.dump.gz,3878643,3878643,3314699,469706
http://mawi.nezu.wide.ad.jp/mawi/samplepoint-B/1999/199905131500.dump.gz,4678922,4678922,4114796,464445
http://mawi.nezu.wide.ad.jp/mawi/samplepoint-B/1999/199905131600.dump.gz,5958816,5958816,5310712,532601
http://mawi.nezu.wide.ad.jp/mawi/samplepoint-B/1999/199905131700.dump.gz,6123807,6123807,5528266,478655
http://mawi.nezu.wide.ad.jp/mawi/samplepoint-B/1999/199905131800.dump.gz,6185185,6185185,5554266,490866
http://mawi.nezu.wide.ad.jp/mawi/samplepoint-B/1999/199905131900.dump.gz,5911073,5911073,5339412,447414
http://mawi.nezu.wide.ad.jp/mawi/samplepoint-B/1999/199905132000.dump.gz,5811079,5811079,5235634,466037
http://mawi.nezu.wide.ad.jp/mawi/samplepoint-B/1999/199905132100.dump.gz,5767039,5767039,5186914,470299
http://mawi.nezu.wide.ad.jp/mawi/samplepoint-B/1999/199905132200.dump.gz,5886295,5886295,5372971,405077
http://mawi.nezu.wide.ad.jp/mawi/samplepoint-B/1999/199905132300.dump.gz,5796689,5796689,5288244,420799
http://mawi.nezu.wide.ad.jp/mawi/samplepoint-B/1999/199905140000.dump.gz,5999304,5999304,5467248,464971
http://mawi.nezu.wide.ad.jp/mawi/samplepoint-B/1999/199905140100.dump.gz,6153747,6153747,5600330,488302
http://mawi.nezu.wide.ad.jp/mawi/samplepoint-B/1999/199905140200.dump.gz,6049613,6049613,5546650,440387
http://mawi.nezu.wide.ad.jp/mawi/samplepoint-B/1999/199905140300.dump.gz,5302356,5302356,4884044,371300
http://mawi.nezu.wide.ad.jp/mawi/samplepoint-B/1999/199905140400.dump.gz,5252403,5252403,4941180,269769
http://mawi.nezu.wide.ad.jp/mawi/samplepoint-B/1999/199905140500.dump.gz,4853915,4853915,4559713,256607
http://mawi.nezu.wide.ad.jp/mawi/samplepoint-B/1999/199905140600.dump.gz,3687562,3687562,3374677,259973
http://mawi.nezu.wide.ad.jp/mawi/samplepoint-B/1999/199905140700.dump.gz,4061816,4061816,3723691,289346
http://mawi.nezu.wide.ad.jp/mawi/samplepoint-B/1999/199905140800.dump.gz,4549149,4549149,4165812,341309
http://mawi.nezu.wide.ad.jp/mawi/samplepoint-B/1999/199905140900.dump.gz,5849085,5849085,5384004,418699
http://mawi.nezu.wide.ad.jp/mawi/samplepoint-B/1999/199905141000.dump.gz,5875887,5875887,5354518,468836
http://mawi.nezu.wide.ad.jp/mawi/samplepoint-B/1999/199905141100.dump.gz,6016846,6016846,5503447,451121
http://mawi.nezu.wide.ad.jp/mawi/samplepoint-B/1999/199905141200.dump.gz,6048909,6048909,5498979,487269
http://mawi.nezu.wide.ad.jp/mawi/samplepoint-B/1999/199905141300.dump.gz,6343208,6343208,5720337,502938
http://mawi.nezu.wide.ad.jp/mawi/samplepoint-B/1999/199905141400.dump.gz,6374362,6374362,5753437,563227
http://mawi.nezu.wide.ad.jp/mawi/samplepoint-B/1999/199905141500.dump.gz,6436210,6436210,5860913,498287
http://mawi.nezu.wide.ad.jp/mawi/samplepoint-B/1999/199905141600.dump.gz,6493079,6493079,5936719,486613
http://mawi.nezu.wide.ad.jp/mawi/samplepoint-B/1999/199905141700.dump.gz,6415786,6415786,5826892,517806
http://mawi.nezu.wide.ad.jp/mawi/samplepoint-B/1999/199905141800.dump.gz,6168846,6168846,5582957,520304
http://mawi.nezu.wide.ad.jp/mawi/samplepoint-B/1999/199905141900.dump.gz,5970347,5970347,5442104,465912
http://mawi.nezu.wide.ad.jp/mawi/samplepoint-B/1999/199905142000.dump.gz,5882533,5882533,5280803,541848
http://mawi.nezu.wide.ad.jp/mawi/samplepoint-B/1999/199905142100.dump.gz,5765137,5765137,5328886,376720
http://mawi.nezu.wide.ad.jp/mawi/samplepoint-B/1999/199905142200.dump.gz,5650340,5650340,5126751,466881
http://mawi.nezu.wide.ad.jp/mawi/samplepoint-B/1999/199905142300.dump.gz,5083853,5083853,4559867,479194
http://mawi.nezu.wide.ad.jp/mawi/samplepoint-B/1999/199905150000.dump.gz,4950586,4950586,4442864,447427
http://mawi.nezu.wide.ad.jp/mawi/samplepoint-B/1999/199905150100.dump.gz,4646923,4646923,4166049,417507
http://mawi.nezu.wide.ad.jp/mawi/samplepoint-B/1999/199905150200.dump.gz,4840764,4840764,4432609,362927
http://mawi.nezu.wide.ad.jp/mawi/samplepoint-B/1999/199905150300.dump.gz,4493640,4493640,4092203,356206
http://mawi.nezu.wide.ad.jp/mawi/samplepoint-B/1999/199905150400.dump.gz,4662213,4662213,4317758,296405
http://mawi.nezu.wide.ad.jp/mawi/samplepoint-B/1999/199905150500.dump.gz,4320556,4320556,3994698,245926
http://mawi.nezu.wide.ad.jp/mawi/samplepoint-B/1999/199905150600.dump.gz,1811725,1811725,1673024,112280
