url,total,ip,tcp,udp
http://mawi.nezu.wide.ad.jp/mawi/samplepoint-B/20060303/200603030000.dump.gz,8008989,7826320,6148840,1380735
http://mawi.nezu.wide.ad.jp/mawi/samplepoint-B/20060303/200603030015.dump.gz,8415045,8245222,6523576,1380082
http://mawi.nezu.wide.ad.jp/mawi/samplepoint-B/20060303/200603030030.dump.gz,7341274,7202445,5531741,1338073
http://mawi.nezu.wide.ad.jp/mawi/samplepoint-B/20060303/200603030045.dump.gz,6930560,6795721,5325093,1165451
http://mawi.nezu.wide.ad.jp/mawi/samplepoint-B/20060303/200603030100.dump.gz,6906333,6768639,5349809,1124574
http://mawi.nezu.wide.ad.jp/mawi/samplepoint-B/20060303/200603030115.dump.gz,6916091,6782616,5458350,1052919
http://mawi.nezu.wide.ad.jp/mawi/samplepoint-B/20060303/200603030130.dump.gz,6916397,6777724,5455724,1052201
http://mawi.nezu.wide.ad.jp/mawi/samplepoint-B/20060303/200603030145.dump.gz,7358628,7214241,5673811,1172651
http://mawi.nezu.wide.ad.jp/mawi/samplepoint-B/20060303/200603030200.dump.gz,6963986,6821827,5223531,1264829
http://mawi.nezu.wide.ad.jp/mawi/samplepoint-B/20060303/200603030215.dump.gz,6845273,6701172,5172919,1237784
http://mawi.nezu.wide.ad.jp/mawi/samplepoint-B/20060303/200603030230.dump.gz,6902694,6756974,5250275,1242017
http://mawi.nezu.wide.ad.jp/mawi/samplepoint-B/20060303/200603030245.dump.gz,6761650,6618198,5143133,1201898
http://mawi.nezu.wide.ad.jp/mawi/samplepoint-B/20060303/200603030300.dump.gz,6743497,6602072,5111950,1166995
http://mawi.nezu.wide.ad.jp/mawi/samplepoint-B/20060303/200603030315.dump.gz,6582335,6443257,5024417,1108781
http://mawi.nezu.wide.ad.jp/mawi/samplepoint-B/20060303/200603030330.dump.gz,6589651,6454939,5100099,1061580
http://mawi.nezu.wide.ad.jp/mawi/samplepoint-B/20060303/200603030345.dump.gz,6747159,6596779,5241004,1070822
http://mawi.nezu.wide.ad.jp/mawi/samplepoint-B/20060303/200603030400.dump.gz,7209098,7032660,5660676,1075638
http://mawi.nezu.wide.ad.jp/mawi/samplepoint-B/20060303/200603030415.dump.gz,7159455,6984230,5606170,1068269
http://mawi.nezu.wide.ad.jp/mawi/samplepoint-B/20060303/200603030430.dump.gz,6977043,6811957,5396987,1103355
http://mawi.nezu.wide.ad.jp/mawi/samplepoint-B/20060303/200603030445.dump.gz,6856051,6697714,5384936,1015620
http://mawi.nezu.wide.ad.jp/mawi/samplepoint-B/20060303/200603030500.dump.gz,6823860,6678101,5298591,1069918
http://mawi.nezu.wide.ad.jp/mawi/samplepoint-B/20060303/200603030515.dump.gz,7084090,6926855,5602129,1020265
http://mawi.nezu.wide.ad.jp/mawi/samplepoint-B/20060303/200603030530.dump.gz,6662864,6527575,5169583,1040462
http://mawi.nezu.wide.ad.jp/mawi/samplepoint-B/20060303/200603030545.dump.gz,6718114,6584141,5235051,1045535
http://mawi.nezu.wide.ad.jp/mawi/samplepoint-B/20060303/200603030600.dump.gz,7072539,6935034,5607311,1024904
http://mawi.nezu.wide.ad.jp/mawi/samplepoint-B/20060303/200603030615.dump.gz,6860236,6721611,5404763,1028478
http://mawi.nezu.wide.ad.jp/mawi/samplepoint-B/20060303/200603030630.dump.gz,6156710,6044220,4719210,1034866
http://mawi.nezu.wide.ad.jp/mawi/samplepoint-B/20060303/200603030645.dump.gz,6252767,6140160,4811054,1009333
http://mawi.nezu.wide.ad.jp/mawi/samplepoint-B/20060303/200603030700.dump.gz,5887968,5773191,4470328,1021205
http://mawi.nezu.wide.ad.jp/mawi/samplepoint-B/20060303/200603030715.dump.gz,5771405,5660060,4374360,1001782
http://mawi.nezu.wide.ad.jp/mawi/samplepoint-B/20060303/200603030730.dump.gz,5772386,5664174,4400381,992020
http://mawi.nezu.wide.ad.jp/mawi/samplepoint-B/20060303/200603030745.dump.gz,5803947,5701812,4468408,974537
http://mawi.nezu.wide.ad.jp/mawi/samplepoint-B/20060303/200603030800.dump.gz,5678589,5583561,4283209,1024082
http://mawi.nezu.wide.ad.jp/mawi/samplepoint-B/20060303/200603030815.dump.gz,5985516,5875691,4620681,989459
http://mawi.nezu.wide.ad.jp/mawi/samplepoint-B/20060303/200603030830.dump.gz,6029730,5911928,4640544,1017531
http://mawi.nezu.wide.ad.jp/mawi/samplepoint-B/20060303/200603030845.dump.gz,6102251,5972190,4657550,1053784
http://mawi.nezu.wide.ad.jp/mawi/samplepoint-B/20060303/200603030900.dump.gz,6129194,6002231,4630156,1113440
http://mawi.nezu.wide.ad.jp/mawi/samplepoint-B/20060303/200603030915.dump.gz,5946864,5836170,4472039,1102873
http://mawi.nezu.wide.ad.jp/mawi/samplepoint-B/20060303/200603030930.dump.gz,5921238,5811972,4551648,1004562
http://mawi.nezu.wide.ad.jp/mawi/samplepoint-B/20060303/200603030945.dump.gz,6834261,6693532,5315799,1070544
http://mawi.nezu.wide.ad.jp/mawi/samplepoint-B/20060303/200603031000.dump.gz,7504405,7342669,5904623,1135187
http://mawi.nezu.wide.ad.jp/mawi/samplepoint-B/20060303/200603031015.dump.gz,7695605,7518406,6025059,1177280
http://mawi.nezu.wide.ad.jp/mawi/samplepoint-B/20060303/200603031030.dump.gz,7997543,7818988,6239907,1135719
http://mawi.nezu.wide.ad.jp/mawi/samplepoint-B/20060303/200603031045.dump.gz,7737679,7570755,6111410,1148600
http://mawi.nezu.wide.ad.jp/mawi/samplepoint-B/20060303/200603031100.dump.gz,8607081,8408501,6776361,1210748
http://mawi.nezu.wide.ad.jp/mawi/samplepoint-B/20060303/200603031115.dump.gz,8810347,8598428,7043285,1200557
http://mawi.nezu.wide.ad.jp/mawi/samplepoint-B/20060303/200603031130.dump.gz,8652250,8446079,6931244,1200636
http://mawi.nezu.wide.ad.jp/mawi/samplepoint-B/20060303/200603031145.dump.gz,8827179,8620112,7078983,1196782
http://mawi.nezu.wide.ad.jp/mawi/samplepoint-B/20060303/200603031200.dump.gz,9181454,8966382,7392998,1205772
http://mawi.nezu.wide.ad.jp/mawi/samplepoint-B/20060303/200603031215.dump.gz,9191086,8981340,7431207,1124057
http://mawi.nezu.wide.ad.jp/mawi/samplepoint-B/20060303/200603031230.dump.gz,8708249,8502805,7012030,1071642
http://mawi.nezu.wide.ad.jp/mawi/samplepoint-B/20060303/200603031245.dump.gz,8624810,8417075,6843519,1208079
http://mawi.nezu.wide.ad.jp/mawi/samplepoint-B/20060303/200603031300.dump.gz,8543883,8325324,6656953,1303234
http://mawi.nezu.wide.ad.jp/mawi/samplepoint-B/20060303/200603031315.dump.gz,8793207,8570238,6857672,1333453
http://mawi.nezu.wide.ad.jp/mawi/samplepoint-B/20060303/200603031330.dump.gz,8726538,8507530,6839612,1318261
http://mawi.nezu.wide.ad.jp/mawi/samplepoint-B/20060303/200603031345.dump.gz,8820846,8590404,6915228,1324102
http://mawi.nezu.wide.ad.jp/mawi/samplepoint-B/20060303/200603031400.dump.gz,8824722,8599245,7010708,1232981
http://mawi.nezu.wide.ad.jp/mawi/samplepoint-B/20060303/200603031415.dump.gz,8892434,8683643,7157336,1147571
http://mawi.nezu.wide.ad.jp/mawi/samplepoint-B/20060303/200603031430.dump.gz,8402265,8198133,6638308,1240522
http://mawi.nezu.wide.ad.jp/mawi/samplepoint-B/20060303/200603031445.dump.gz,8495694,8286292,6700831,1278216
http://mawi.nezu.wide.ad.jp/mawi/samplepoint-B/20060303/200603031500.dump.gz,8626493,8403267,6712487,1353490
http://mawi.nezu.wide.ad.jp/mawi/samplepoint-B/20060303/200603031515.dump.gz,8527429,8317471,6710637,1281996
http://mawi.nezu.wide.ad.jp/mawi/samplepoint-B/20060303/200603031530.dump.gz,8184621,7978908,6448981,1230210
http://mawi.nezu.wide.ad.jp/mawi/samplepoint-B/20060303/200603031545.dump.gz,7911577,7715418,6300850,1162233
http://mawi.nezu.wide.ad.jp/mawi/samplepoint-B/20060303/200603031600.dump.gz,8451257,8233036,6555277,1247322
http://mawi.nezu.wide.ad.jp/mawi/samplepoint-B/20060303/200603031615.dump.gz,8432628,8221834,6684079,1210234
http://mawi.nezu.wide.ad.jp/mawi/samplepoint-B/20060303/200603031630.dump.gz,8870947,8647755,7082339,1213110
http://mawi.nezu.wide.ad.jp/mawi/samplepoint-B/20060303/200603031645.dump.gz,8668053,8449521,6956209,1174149
http://mawi.nezu.wide.ad.jp/mawi/samplepoint-B/20060303/200603031700.dump.gz,8485242,8270105,6671599,1254220
http://mawi.nezu.wide.ad.jp/mawi/samplepoint-B/20060303/200603031715.dump.gz,8279262,8076060,6572065,1245927
http://mawi.nezu.wide.ad.jp/mawi/samplepoint-B/20060303/200603031730.dump.gz,8130398,7930199,6431903,1258373
http://mawi.nezu.wide.ad.jp/mawi/samplepoint-B/20060303/200603031745.dump.gz,7977704,7780582,6292752,1229941
http://mawi.nezu.wide.ad.jp/mawi/samplepoint-B/20060303/200603031800.dump.gz,8498483,8275275,6818924,1168257
http://mawi.nezu.wide.ad.jp/mawi/samplepoint-B/20060303/200603031815.dump.gz,8791842,8582030,7003439,1183755
http://mawi.nezu.wide.ad.jp/mawi/samplepoint-B/20060303/200603031830.dump.gz,8833586,8616999,6898650,1230538
http://mawi.nezu.wide.ad.jp/mawi/samplepoint-B/20060303/200603031845.dump.gz,9163022,8943036,7185777,1296682
http://mawi.nezu.wide.ad.jp/mawi/samplepoint-B/20060303/200603031900.dump.gz,8797805,8584916,6602348,1458781
http://mawi.nezu.wide.ad.jp/mawi/samplepoint-B/20060303/200603031915.dump.gz,8768512,8558064,6601606,1559419
http://mawi.nezu.wide.ad.jp/mawi/samplepoint-B/20060303/200603031930.dump.gz,8782015,8575944,6667395,1518991
http://mawi.nezu.wide.ad.jp/mawi/samplepoint-B/20060303/200603031945.dump.gz,8443456,8246199,6535857,1342531
http://mawi.nezu.wide.ad.jp/mawi/samplepoint-B/20060303/200603032000.dump.gz,13737976,13322013,6095369,6906358
http://mawi.nezu.wide.ad.jp/mawi/samplepoint-B/20060303/200603032015.dump.gz,11557275,11233694,6095695,4833724
http://mawi.nezu.wide.ad.jp/mawi/samplepoint-B/20060303/200603032030.dump.gz,8400847,8210803,6482702,1397729
http://mawi.nezu.wide.ad.jp/mawi/samplepoint-B/20060303/200603032045.dump.gz,7860915,7675271,5963088,1377657
http://mawi.nezu.wide.ad.jp/mawi/samplepoint-B/20060303/200603032100.dump.gz,7956179,7766142,5843554,1556092
http://mawi.nezu.wide.ad.jp/mawi/samplepoint-B/20060303/200603032115.dump.gz,8146939,7967078,6265139,1357284
http://mawi.nezu.wide.ad.jp/mawi/samplepoint-B/20060303/200603032130.dump.gz,8030763,7855358,6132714,1384481
http://mawi.nezu.wide.ad.jp/mawi/samplepoint-B/20060303/200603032145.dump.gz,8304998,8121060,6351964,1421409
http://mawi.nezu.wide.ad.jp/mawi/samplepoint-B/20060303/200603032200.dump.gz,8397861,8208183,6459926,1355345
http://mawi.nezu.wide.ad.jp/mawi/samplepoint-B/20060303/200603032215.dump.gz,11004417,10818087,9137401,1337240
http://mawi.nezu.wide.ad.jp/mawi/samplepoint-B/20060303/200603032230.dump.gz,12104462,11915244,10195396,1395619
http://mawi.nezu.wide.ad.jp/mawi/samplepoint-B/20060303/200603032245.dump.gz,7880591,7715540,6180128,1200519
http://mawi.nezu.wide.ad.jp/mawi/samplepoint-B/20060303/200603032300.dump.gz,7941806,7774409,6264507,1168271
http://mawi.nezu.wide.ad.jp/mawi/samplepoint-B/20060303/200603032315.dump.gz,8106121,7929652,6328187,1298751
http://mawi.nezu.wide.ad.jp/mawi/samplepoint-B/20060303/200603032330.dump.gz,8159572,7980953,6181216,1482143
http://mawi.nezu.wide.ad.jp/mawi/samplepoint-B/20060303/200603032345.dump.gz,7637816,7474592,5654134,1403769
