url,total,ip,tcp,udp
http://mawi.nezu.wide.ad.jp/mawi/samplepoint-A/Y2K/199912302359.dump.gz,2095312,2095280,1587747,355369
http://mawi.nezu.wide.ad.jp/mawi/samplepoint-A/Y2K/199912310159.dump.gz,2095753,2095723,1178579,225996
http://mawi.nezu.wide.ad.jp/mawi/samplepoint-A/Y2K/199912310359.dump.gz,2095727,2095707,807668,161708
http://mawi.nezu.wide.ad.jp/mawi/samplepoint-A/Y2K/199912310559.dump.gz,2095576,2095552,640447,213157
http://mawi.nezu.wide.ad.jp/mawi/samplepoint-A/Y2K/199912310759.dump.gz,2095458,2095440,570631,145601
http://mawi.nezu.wide.ad.jp/mawi/samplepoint-A/Y2K/199912310959.dump.gz,2095352,2095326,378201,140418
http://mawi.nezu.wide.ad.jp/mawi/samplepoint-A/Y2K/199912311159.dump.gz,2095093,2095067,1352131,311448
http://mawi.nezu.wide.ad.jp/mawi/samplepoint-A/1999/199912311359.dump.gz,2096168,2096148,308162,194579
http://mawi.nezu.wide.ad.jp/mawi/samplepoint-A/Y2K/199912311559.dump.gz,2095245,2095223,1398011,209863
http://mawi.nezu.wide.ad.jp/mawi/samplepoint-A/Y2K/199912311759.dump.gz,2095054,2095024,1275004,603881
http://mawi.nezu.wide.ad.jp/mawi/samplepoint-A/Y2K/199912311959.dump.gz,2094969,2094939,858036,202030
http://mawi.nezu.wide.ad.jp/mawi/samplepoint-A/Y2K/199912312159.dump.gz,2095735,2095711,599516,137459
http://mawi.nezu.wide.ad.jp/mawi/samplepoint-A/Y2K/199912312259.dump.gz,4191693,4191657,1594601,345383
http://mawi.nezu.wide.ad.jp/mawi/samplepoint-A/Y2K/200001010159.dump.gz,2095646,2095622,779480,224191
http://mawi.nezu.wide.ad.jp/mawi/samplepoint-A/Y2K/200001010359.dump.gz,2095189,2095161,769601,174477
http://mawi.nezu.wide.ad.jp/mawi/samplepoint-A/Y2K/200001010559.dump.gz,2094810,2094776,813647,207731
http://mawi.nezu.wide.ad.jp/mawi/samplepoint-A/Y2K/200001010759.dump.gz,2095515,2095491,489229,121227
http://mawi.nezu.wide.ad.jp/mawi/samplepoint-A/Y2K/200001010959.dump.gz,2095977,2095959,565232,97763
http://mawi.nezu.wide.ad.jp/mawi/samplepoint-A/Y2K/200001011159.dump.gz,2095431,2095409,710590,384689
http://mawi.nezu.wide.ad.jp/mawi/samplepoint-A/2000/200001011359.dump.gz,2095192,2095156,911497,239449
http://mawi.nezu.wide.ad.jp/mawi/samplepoint-A/Y2K/200001011559.dump.gz,2095323,2095291,1106660,158054
http://mawi.nezu.wide.ad.jp/mawi/samplepoint-A/Y2K/200001011759.dump.gz,2095367,2095335,841328,181050
http://mawi.nezu.wide.ad.jp/mawi/samplepoint-A/Y2K/200001011959.dump.gz,2094907,2094869,1088282,216549
http://mawi.nezu.wide.ad.jp/mawi/samplepoint-A/Y2K/200001012159.dump.gz,2095448,2095414,884757,162527
http://mawi.nezu.wide.ad.jp/mawi/samplepoint-A/Y2K/200001012359.dump.gz,2095805,2095785,1078760,184345
http://mawi.nezu.wide.ad.jp/mawi/samplepoint-A/Y2K/200001020159.dump.gz,2095700,2095672,1195052,192372
http://mawi.nezu.wide.ad.jp/mawi/samplepoint-A/Y2K/200001020359.dump.gz,2095608,2095584,1143935,247751
http://mawi.nezu.wide.ad.jp/mawi/samplepoint-A/Y2K/200001020559.dump.gz,2095583,2095551,873485,144891
http://mawi.nezu.wide.ad.jp/mawi/samplepoint-A/Y2K/200001020759.dump.gz,2094964,2094922,527076,208913
http://mawi.nezu.wide.ad.jp/mawi/samplepoint-A/Y2K/200001020959.dump.gz,2096303,2096285,218531,108533
http://mawi.nezu.wide.ad.jp/mawi/samplepoint-A/Y2K/200001021159.dump.gz,2095159,2095121,815757,252333
http://mawi.nezu.wide.ad.jp/mawi/samplepoint-A/2000/200001021359.dump.gz,2095224,2095188,989638,288591
http://mawi.nezu.wide.ad.jp/mawi/samplepoint-A/Y2K/200001021559.dump.gz,2095864,2095838,598974,138757
http://mawi.nezu.wide.ad.jp/mawi/samplepoint-A/Y2K/200001021759.dump.gz,2095073,2095035,994852,262989
http://mawi.nezu.wide.ad.jp/mawi/samplepoint-A/Y2K/200001021959.dump.gz,2096345,2096333,453497,74675
http://mawi.nezu.wide.ad.jp/mawi/samplepoint-A/Y2K/200001022159.dump.gz,2095513,2095487,855267,260586
http://mawi.nezu.wide.ad.jp/mawi/samplepoint-A/Y2K/200001022359.dump.gz,2095778,2095758,1233269,208220
