url,total,ip,tcp,udp
http://mawi.nezu.wide.ad.jp/mawi/samplepoint-B/20030227/200302270000.dump.gz,3514656,3501327,2562477,740909
http://mawi.nezu.wide.ad.jp/mawi/samplepoint-B/20030227/200302270015.dump.gz,3323896,3312277,2464612,661875
http://mawi.nezu.wide.ad.jp/mawi/samplepoint-B/20030227/200302270030.dump.gz,3500194,3486948,2682393,642527
http://mawi.nezu.wide.ad.jp/mawi/samplepoint-B/20030227/200302270045.dump.gz,3257172,3245803,2419834,658817
http://mawi.nezu.wide.ad.jp/mawi/samplepoint-B/20030227/200302270100.dump.gz,3165331,3154520,2335790,638803
http://mawi.nezu.wide.ad.jp/mawi/samplepoint-B/20030227/200302270115.dump.gz,3348758,3336662,2519959,632666
http://mawi.nezu.wide.ad.jp/mawi/samplepoint-B/20030227/200302270130.dump.gz,3147923,3137464,2328560,616609
http://mawi.nezu.wide.ad.jp/mawi/samplepoint-B/20030227/200302270145.dump.gz,3338107,3326719,2527415,620809
http://mawi.nezu.wide.ad.jp/mawi/samplepoint-B/20030227/200302270200.dump.gz,2987523,2978770,2218098,614064
http://mawi.nezu.wide.ad.jp/mawi/samplepoint-B/20030227/200302270215.dump.gz,3291672,3281079,2450489,613114
http://mawi.nezu.wide.ad.jp/mawi/samplepoint-B/20030227/200302270230.dump.gz,3185711,3175635,2399985,592332
http://mawi.nezu.wide.ad.jp/mawi/samplepoint-B/20030227/200302270245.dump.gz,3001038,2992099,2212320,617642
http://mawi.nezu.wide.ad.jp/mawi/samplepoint-B/20030227/200302270300.dump.gz,2771356,2764053,1941381,658358
http://mawi.nezu.wide.ad.jp/mawi/samplepoint-B/20030227/200302270315.dump.gz,2977825,2968857,2174185,630958
http://mawi.nezu.wide.ad.jp/mawi/samplepoint-B/20030227/200302270330.dump.gz,3230147,3219684,2107009,925799
http://mawi.nezu.wide.ad.jp/mawi/samplepoint-B/20030227/200302270345.dump.gz,3119379,3109356,2329172,611159
http://mawi.nezu.wide.ad.jp/mawi/samplepoint-B/20030227/200302270400.dump.gz,3053436,3043952,2248081,615077
http://mawi.nezu.wide.ad.jp/mawi/samplepoint-B/20030227/200302270415.dump.gz,2600076,2593254,1836626,571974
http://mawi.nezu.wide.ad.jp/mawi/samplepoint-B/20030227/200302270430.dump.gz,2396399,2390933,1725227,507320
http://mawi.nezu.wide.ad.jp/mawi/samplepoint-B/20030227/200302270445.dump.gz,2476411,2470508,1816420,515487
http://mawi.nezu.wide.ad.jp/mawi/samplepoint-B/20030227/200302270500.dump.gz,2476569,2470963,1810500,518592
http://mawi.nezu.wide.ad.jp/mawi/samplepoint-B/20030227/200302270515.dump.gz,2288676,2283662,1614457,517426
http://mawi.nezu.wide.ad.jp/mawi/samplepoint-B/20030227/200302270530.dump.gz,2373625,2368657,1680800,518142
http://mawi.nezu.wide.ad.jp/mawi/samplepoint-B/20030227/200302270545.dump.gz,2248257,2243468,1589820,524087
http://mawi.nezu.wide.ad.jp/mawi/samplepoint-B/20030227/200302270600.dump.gz,2662846,2655535,1880302,617413
http://mawi.nezu.wide.ad.jp/mawi/samplepoint-B/20030227/200302270615.dump.gz,2344376,2339110,1564592,596012
http://mawi.nezu.wide.ad.jp/mawi/samplepoint-B/20030227/200302270630.dump.gz,2307081,2302093,1554900,587079
http://mawi.nezu.wide.ad.jp/mawi/samplepoint-B/20030227/200302270645.dump.gz,2305700,2300930,1618053,543364
http://mawi.nezu.wide.ad.jp/mawi/samplepoint-B/20030227/200302270700.dump.gz,2229740,2225151,1573187,529513
http://mawi.nezu.wide.ad.jp/mawi/samplepoint-B/20030227/200302270715.dump.gz,2369274,2363754,1725151,508653
http://mawi.nezu.wide.ad.jp/mawi/samplepoint-B/20030227/200302270730.dump.gz,2597708,2590955,1961717,498434
http://mawi.nezu.wide.ad.jp/mawi/samplepoint-B/20030227/200302270745.dump.gz,2620148,2613121,1966434,502081
http://mawi.nezu.wide.ad.jp/mawi/samplepoint-B/20030227/200302270800.dump.gz,2419038,2413642,1733282,543903
http://mawi.nezu.wide.ad.jp/mawi/samplepoint-B/20030227/200302270815.dump.gz,2467283,2461732,1673603,518350
http://mawi.nezu.wide.ad.jp/mawi/samplepoint-B/20030227/200302270830.dump.gz,2394602,2389523,1613456,556411
http://mawi.nezu.wide.ad.jp/mawi/samplepoint-B/20030227/200302270845.dump.gz,2570902,2564841,1849607,551740
http://mawi.nezu.wide.ad.jp/mawi/samplepoint-B/20030227/200302270900.dump.gz,2865686,2857784,2129362,591522
http://mawi.nezu.wide.ad.jp/mawi/samplepoint-B/20030227/200302270915.dump.gz,3058978,3050041,2296778,618381
http://mawi.nezu.wide.ad.jp/mawi/samplepoint-B/20030227/200302270930.dump.gz,3514138,3502190,2611125,668130
http://mawi.nezu.wide.ad.jp/mawi/samplepoint-B/20030227/200302270945.dump.gz,3496815,3484525,2663536,684001
http://mawi.nezu.wide.ad.jp/mawi/samplepoint-B/20030227/200302271000.dump.gz,3929159,3912787,3046199,700217
http://mawi.nezu.wide.ad.jp/mawi/samplepoint-B/20030227/200302271015.dump.gz,4128444,4109779,3262745,665511
http://mawi.nezu.wide.ad.jp/mawi/samplepoint-B/20030227/200302271030.dump.gz,4212093,4192187,3333147,656830
http://mawi.nezu.wide.ad.jp/mawi/samplepoint-B/20030227/200302271045.dump.gz,4138716,4119680,3165008,710613
http://mawi.nezu.wide.ad.jp/mawi/samplepoint-B/20030227/200302271100.dump.gz,4162923,4143842,3188472,749695
http://mawi.nezu.wide.ad.jp/mawi/samplepoint-B/20030227/200302271115.dump.gz,4686156,4662399,3725551,689207
http://mawi.nezu.wide.ad.jp/mawi/samplepoint-B/20030227/200302271130.dump.gz,4648097,4623877,3647080,734561
http://mawi.nezu.wide.ad.jp/mawi/samplepoint-B/20030227/200302271145.dump.gz,4902855,4874957,3947959,691958
http://mawi.nezu.wide.ad.jp/mawi/samplepoint-B/20030227/200302271200.dump.gz,4785510,4759083,3935042,598713
http://mawi.nezu.wide.ad.jp/mawi/samplepoint-B/20030227/200302271215.dump.gz,4599732,4575853,3741879,621900
http://mawi.nezu.wide.ad.jp/mawi/samplepoint-B/20030227/200302271230.dump.gz,4639150,4615029,3767608,637007
http://mawi.nezu.wide.ad.jp/mawi/samplepoint-B/20030227/200302271245.dump.gz,4594630,4570606,3672808,649567
http://mawi.nezu.wide.ad.jp/mawi/samplepoint-B/20030227/200302271300.dump.gz,4794773,4769698,3670251,841770
http://mawi.nezu.wide.ad.jp/mawi/samplepoint-B/20030227/200302271315.dump.gz,4587249,4565175,3376878,1008880
http://mawi.nezu.wide.ad.jp/mawi/samplepoint-B/20030227/200302271330.dump.gz,4648983,4627234,3545958,899950
http://mawi.nezu.wide.ad.jp/mawi/samplepoint-B/20030227/200302271345.dump.gz,4736807,4712698,3854985,681967
http://mawi.nezu.wide.ad.jp/mawi/samplepoint-B/20030227/200302271400.dump.gz,4576915,4556341,3683955,688184
http://mawi.nezu.wide.ad.jp/mawi/samplepoint-B/20030227/200302271415.dump.gz,4631618,4609168,3698489,723098
http://mawi.nezu.wide.ad.jp/mawi/samplepoint-B/20030227/200302271430.dump.gz,4885610,4859121,3947574,704855
http://mawi.nezu.wide.ad.jp/mawi/samplepoint-B/20030227/200302271445.dump.gz,4958063,4930518,4036172,709013
http://mawi.nezu.wide.ad.jp/mawi/samplepoint-B/20030227/200302271500.dump.gz,5057776,5028414,4071801,741443
http://mawi.nezu.wide.ad.jp/mawi/samplepoint-B/20030227/200302271515.dump.gz,5165950,5133992,4175593,711492
http://mawi.nezu.wide.ad.jp/mawi/samplepoint-B/20030227/200302271530.dump.gz,5244898,5210853,4249804,715800
http://mawi.nezu.wide.ad.jp/mawi/samplepoint-B/20030227/200302271545.dump.gz,5048493,5017425,4116669,684000
http://mawi.nezu.wide.ad.jp/mawi/samplepoint-B/20030227/200302271600.dump.gz,5113635,5081567,4134340,721734
http://mawi.nezu.wide.ad.jp/mawi/samplepoint-B/20030227/200302271615.dump.gz,5258428,5224948,4311941,730191
http://mawi.nezu.wide.ad.jp/mawi/samplepoint-B/20030227/200302271630.dump.gz,5062058,5031444,4136146,719333
http://mawi.nezu.wide.ad.jp/mawi/samplepoint-B/20030227/200302271645.dump.gz,4918541,4890052,3937269,763670
http://mawi.nezu.wide.ad.jp/mawi/samplepoint-B/20030227/200302271700.dump.gz,4674599,4649323,3658913,718903
http://mawi.nezu.wide.ad.jp/mawi/samplepoint-B/20030227/200302271715.dump.gz,4835908,4808999,3827734,768272
http://mawi.nezu.wide.ad.jp/mawi/samplepoint-B/20030227/200302271730.dump.gz,4820864,4793500,3827375,766621
http://mawi.nezu.wide.ad.jp/mawi/samplepoint-B/20030227/200302271745.dump.gz,4658020,4632159,3752426,696175
http://mawi.nezu.wide.ad.jp/mawi/samplepoint-B/20030227/200302271800.dump.gz,4688353,4663478,3776911,690440
http://mawi.nezu.wide.ad.jp/mawi/samplepoint-B/20030227/200302271815.dump.gz,4639080,4614816,3790049,645338
http://mawi.nezu.wide.ad.jp/mawi/samplepoint-B/20030227/200302271830.dump.gz,4544018,4522141,3661467,675798
http://mawi.nezu.wide.ad.jp/mawi/samplepoint-B/20030227/200302271845.dump.gz,4463125,4442221,3568954,667064
http://mawi.nezu.wide.ad.jp/mawi/samplepoint-B/20030227/200302271900.dump.gz,4261629,4242061,3404314,674029
http://mawi.nezu.wide.ad.jp/mawi/samplepoint-B/20030227/200302271915.dump.gz,4320594,4299494,3499225,638971
http://mawi.nezu.wide.ad.jp/mawi/samplepoint-B/20030227/200302271930.dump.gz,4607407,4581972,3807632,614124
http://mawi.nezu.wide.ad.jp/mawi/samplepoint-B/20030227/200302271945.dump.gz,4540719,4516742,3727154,622073
http://mawi.nezu.wide.ad.jp/mawi/samplepoint-B/20030227/200302272000.dump.gz,4344756,4323450,3523481,640959
http://mawi.nezu.wide.ad.jp/mawi/samplepoint-B/20030227/200302272015.dump.gz,4244270,4223644,3414657,643586
http://mawi.nezu.wide.ad.jp/mawi/samplepoint-B/20030227/200302272030.dump.gz,3911560,3894099,3086884,656421
http://mawi.nezu.wide.ad.jp/mawi/samplepoint-B/20030227/200302272045.dump.gz,4197931,4177474,3381260,639927
http://mawi.nezu.wide.ad.jp/mawi/samplepoint-B/20030227/200302272100.dump.gz,4052664,4033564,3191222,678378
http://mawi.nezu.wide.ad.jp/mawi/samplepoint-B/20030227/200302272115.dump.gz,4057877,4038731,3133240,698068
http://mawi.nezu.wide.ad.jp/mawi/samplepoint-B/20030227/200302272130.dump.gz,3964775,3946430,3057827,704803
http://mawi.nezu.wide.ad.jp/mawi/samplepoint-B/20030227/200302272145.dump.gz,4210706,4189951,3278912,717579
http://mawi.nezu.wide.ad.jp/mawi/samplepoint-B/20030227/200302272200.dump.gz,4205113,4184376,3276843,725329
http://mawi.nezu.wide.ad.jp/mawi/samplepoint-B/20030227/200302272215.dump.gz,3958774,3940677,3077874,696824
http://mawi.nezu.wide.ad.jp/mawi/samplepoint-B/20030227/200302272230.dump.gz,3920015,3902681,3017695,700695
http://mawi.nezu.wide.ad.jp/mawi/samplepoint-B/20030227/200302272245.dump.gz,3984338,3966710,3078526,705925
http://mawi.nezu.wide.ad.jp/mawi/samplepoint-B/20030227/200302272300.dump.gz,3963308,3945378,3084567,700639
http://mawi.nezu.wide.ad.jp/mawi/samplepoint-B/20030227/200302272315.dump.gz,3681844,3667663,2866463,634584
http://mawi.nezu.wide.ad.jp/mawi/samplepoint-B/20030227/200302272330.dump.gz,3695841,3681515,2817574,679376
http://mawi.nezu.wide.ad.jp/mawi/samplepoint-B/20030227/200302272345.dump.gz,3619916,3606074,2763145,645417
