url,total,ip,tcp,udp
http://mawi.nezu.wide.ad.jp/mawi/samplepoint-F/2008/200712311400.dump.gz,10017600,9997583,6478536,2726802
http://mawi.nezu.wide.ad.jp/mawi/samplepoint-F/2008/200801011400.dump.gz,11961250,11940619,8944404,2240419
http://mawi.nezu.wide.ad.jp/mawi/samplepoint-F/2008/200801021400.dump.gz,12570812,12546366,8353457,3178422
http://mawi.nezu.wide.ad.jp/mawi/samplepoint-F/2008/200801031400.dump.gz,11535155,11511501,7328044,3293950
http://mawi.nezu.wide.ad.jp/mawi/samplepoint-F/2008/200801041400.dump.gz,16034742,16012891,11966669,3185042
http://mawi.nezu.wide.ad.jp/mawi/samplepoint-F/2008/200801051400.dump.gz,15323947,15296536,10516291,3501643
http://mawi.nezu.wide.ad.jp/mawi/samplepoint-F/2008/200801061400.dump.gz,14544628,14525729,10193695,2762343
http://mawi.nezu.wide.ad.jp/mawi/samplepoint-F/2008/200801071400.dump.gz,22413087,22386942,17518629,3888304
http://mawi.nezu.wide.ad.jp/mawi/samplepoint-F/2008/200801081400.dump.gz,21604863,21563838,17889953,2728688
http://mawi.nezu.wide.ad.jp/mawi/samplepoint-F/2008/200801091400.dump.gz,23540567,23514901,18498422,3779335
http://mawi.nezu.wide.ad.jp/mawi/samplepoint-F/2008/200801101400.dump.gz,19874064,19784673,14044393,4473166
http://mawi.nezu.wide.ad.jp/mawi/samplepoint-F/2008/200801111400.dump.gz,24607573,24585110,19418875,3604979
http://mawi.nezu.wide.ad.jp/mawi/samplepoint-F/2008/200801121400.dump.gz,21748022,21715443,16480557,3505299
http://mawi.nezu.wide.ad.jp/mawi/samplepoint-F/2008/200801131400.dump.gz,18655289,18636753,11778730,5178490
http://mawi.nezu.wide.ad.jp/mawi/samplepoint-F/2008/200801141400.dump.gz,18374657,18352035,13430674,3406859
http://mawi.nezu.wide.ad.jp/mawi/samplepoint-F/2008/200801151400.dump.gz,28019827,27995618,21775083,4514680
http://mawi.nezu.wide.ad.jp/mawi/samplepoint-F/2008/200801161400.dump.gz,24925682,24894390,19039767,4480087
http://mawi.nezu.wide.ad.jp/mawi/samplepoint-F/2008/200801171400.dump.gz,28433190,28406511,22290589,4467641
http://mawi.nezu.wide.ad.jp/mawi/samplepoint-F/2008/200801181400.dump.gz,24600616,24578860,18958200,3728614
http://mawi.nezu.wide.ad.jp/mawi/samplepoint-F/2008/200801191400.dump.gz,21021810,20983983,16486089,2924991
http://mawi.nezu.wide.ad.jp/mawi/samplepoint-F/2008/200801201400.dump.gz,23695198,23674639,19427706,2353838
http://mawi.nezu.wide.ad.jp/mawi/samplepoint-F/2008/200801211400.dump.gz,28243542,28217990,23831862,2513921
http://mawi.nezu.wide.ad.jp/mawi/samplepoint-F/2008/200801221400.dump.gz,24809779,24791379,20124550,2850801
http://mawi.nezu.wide.ad.jp/mawi/samplepoint-F/2008/200801231400.dump.gz,23721593,23704170,19382495,2408784
http://mawi.nezu.wide.ad.jp/mawi/samplepoint-F/2008/200801241400.dump.gz,28146857,28128920,21461576,4921928
http://mawi.nezu.wide.ad.jp/mawi/samplepoint-F/2008/200801251400.dump.gz,25561109,25539628,20010351,4903889
http://mawi.nezu.wide.ad.jp/mawi/samplepoint-F/2008/200801261400.dump.gz,15665963,15651777,12800506,2398872
http://mawi.nezu.wide.ad.jp/mawi/samplepoint-F/2008/200801271400.dump.gz,12823134,12808509,9493728,2894607
http://mawi.nezu.wide.ad.jp/mawi/samplepoint-F/2008/200801281400.dump.gz,23395867,23378928,19752898,3066101
http://mawi.nezu.wide.ad.jp/mawi/samplepoint-F/2008/200801291400.dump.gz,19758325,19725732,16557091,2615267
http://mawi.nezu.wide.ad.jp/mawi/samplepoint-F/2008/200801301400.dump.gz,19759682,19571797,16536355,2240752
http://mawi.nezu.wide.ad.jp/mawi/samplepoint-F/2008/200801311400.dump.gz,23170134,23151935,19415504,3079540
http://mawi.nezu.wide.ad.jp/mawi/samplepoint-F/2008/200802011400.dump.gz,19637085,19620873,16031362,2594395
http://mawi.nezu.wide.ad.jp/mawi/samplepoint-F/2008/200802021400.dump.gz,15145282,15127411,10575090,3963686
http://mawi.nezu.wide.ad.jp/mawi/samplepoint-F/2008/200802031400.dump.gz,12185625,12171268,9037389,2471365
http://mawi.nezu.wide.ad.jp/mawi/samplepoint-F/2008/200802041400.dump.gz,16079780,16059077,13206537,2339031
http://mawi.nezu.wide.ad.jp/mawi/samplepoint-F/2008/200802051400.dump.gz,18010804,17843343,11881129,5366734
http://mawi.nezu.wide.ad.jp/mawi/samplepoint-F/2008/200802061400.dump.gz,17762092,17721760,13829463,3410904
http://mawi.nezu.wide.ad.jp/mawi/samplepoint-F/2008/200802071400.dump.gz,15015476,14848482,11829973,2509338
http://mawi.nezu.wide.ad.jp/mawi/samplepoint-F/2008/200802081400.dump.gz,20299275,20154041,16053644,3582004
http://mawi.nezu.wide.ad.jp/mawi/samplepoint-F/2008/200802091400.dump.gz,13411978,13394872,9570858,3341010
http://mawi.nezu.wide.ad.jp/mawi/samplepoint-F/2008/200802101400.dump.gz,11456842,11438422,8561199,2487218
http://mawi.nezu.wide.ad.jp/mawi/samplepoint-F/2008/200802111400.dump.gz,13928553,13906787,11117815,2234280
http://mawi.nezu.wide.ad.jp/mawi/samplepoint-F/2008/200802121400.dump.gz,17872400,17739055,13679611,3543768
http://mawi.nezu.wide.ad.jp/mawi/samplepoint-F/2008/200802131400.dump.gz,18863535,18709021,15950628,2186738
http://mawi.nezu.wide.ad.jp/mawi/samplepoint-F/2008/200802141400.dump.gz,17335113,17293069,15192000,1675148
http://mawi.nezu.wide.ad.jp/mawi/samplepoint-F/2008/200802151400.dump.gz,20481861,20461290,18219505,1829191
http://mawi.nezu.wide.ad.jp/mawi/samplepoint-F/2008/200802161400.dump.gz,12396893,12382327,9781798,2199088
http://mawi.nezu.wide.ad.jp/mawi/samplepoint-F/2008/200802171400.dump.gz,10245189,10225034,8057558,1776008
http://mawi.nezu.wide.ad.jp/mawi/samplepoint-F/2008/200802181400.dump.gz,22504226,22367730,20230804,1669403
http://mawi.nezu.wide.ad.jp/mawi/samplepoint-F/2008/200802191400.dump.gz,17100672,17075627,14049626,2609190
http://mawi.nezu.wide.ad.jp/mawi/samplepoint-F/2008/200802201400.dump.gz,15462195,15435233,12985396,1724272
http://mawi.nezu.wide.ad.jp/mawi/samplepoint-F/2008/200802211400.dump.gz,15821386,15799437,13205785,2131080
http://mawi.nezu.wide.ad.jp/mawi/samplepoint-F/2008/200802221400.dump.gz,17284236,17252782,14912456,1876685
http://mawi.nezu.wide.ad.jp/mawi/samplepoint-F/2008/200802231400.dump.gz,14100053,14076810,10039549,3594638
http://mawi.nezu.wide.ad.jp/mawi/samplepoint-F/2008/200802241400.dump.gz,10998204,10978791,8025660,2653704
http://mawi.nezu.wide.ad.jp/mawi/samplepoint-F/2008/200802251400.dump.gz,17885888,17842026,15491051,1877477
http://mawi.nezu.wide.ad.jp/mawi/samplepoint-F/2008/200802261400.dump.gz,16106400,16074238,13784250,1785996
http://mawi.nezu.wide.ad.jp/mawi/samplepoint-F/2008/200802271400.dump.gz,17495024,17353490,15355972,1623152
http://mawi.nezu.wide.ad.jp/mawi/samplepoint-F/2008/200802281400.dump.gz,23755514,23723406,15613586,7571833
http://mawi.nezu.wide.ad.jp/mawi/samplepoint-F/2008/200802291400.dump.gz,16002507,15949336,11811178,2178755
http://mawi.nezu.wide.ad.jp/mawi/samplepoint-F/2008/200803011400.dump.gz,13653988,13624871,10940625,2077320
http://mawi.nezu.wide.ad.jp/mawi/samplepoint-F/2008/200803021400.dump.gz,9351034,9324836,7551794,1451782
http://mawi.nezu.wide.ad.jp/mawi/samplepoint-F/2008/200803031400.dump.gz,15192144,15161907,12802692,2019207
http://mawi.nezu.wide.ad.jp/mawi/samplepoint-F/2008/200803041400.dump.gz,16300888,16274474,13994637,1841949
http://mawi.nezu.wide.ad.jp/mawi/samplepoint-F/2008/200803051400.dump.gz,14896300,14869076,12529809,1908491
http://mawi.nezu.wide.ad.jp/mawi/samplepoint-F/2008/200803061400.dump.gz,13011776,12975047,10417302,2077230
http://mawi.nezu.wide.ad.jp/mawi/samplepoint-F/2008/200803071400.dump.gz,11700856,11673612,9936007,1390529
http://mawi.nezu.wide.ad.jp/mawi/samplepoint-F/2008/200803081400.dump.gz,9715297,9691003,7855381,1511317
http://mawi.nezu.wide.ad.jp/mawi/samplepoint-F/2008/200803091400.dump.gz,8504567,8476670,6667414,1406080
http://mawi.nezu.wide.ad.jp/mawi/samplepoint-F/2008/200803101400.dump.gz,16126255,16099089,13585505,1937853
http://mawi.nezu.wide.ad.jp/mawi/samplepoint-F/2008/200803111400.dump.gz,13946560,13894303,11682305,1727681
http://mawi.nezu.wide.ad.jp/mawi/samplepoint-F/2008/200803121400.dump.gz,15717773,15665480,13244427,1661858
http://mawi.nezu.wide.ad.jp/mawi/samplepoint-F/2008/200803131400.dump.gz,14916033,14895062,11886326,1977203
http://mawi.nezu.wide.ad.jp/mawi/samplepoint-F/2008/200803141400.dump.gz,15071190,15042941,12154202,2406301
http://mawi.nezu.wide.ad.jp/mawi/samplepoint-F/2008/200803151400.dump.gz,13471608,13444634,11180925,1893501
http://mawi.nezu.wide.ad.jp/mawi/samplepoint-F/2008/200803161400.dump.gz,8859293,8832089,6949605,1434298
http://mawi.nezu.wide.ad.jp/mawi/samplepoint-F/2008/200803171400.dump.gz,17818069,17795384,15250598,1613811
http://mawi.nezu.wide.ad.jp/mawi/samplepoint-F/2008/200803181400.dump.gz,15969275,15935232,13433960,1848769
http://mawi.nezu.wide.ad.jp/mawi/samplepoint-F/2008/200803191400.dump.gz,12446748,12400920,10084972,1863314
http://mawi.nezu.wide.ad.jp/mawi/samplepoint-F/2008/200803201400.dump.gz,12045841,12018833,9764244,1874804
http://mawi.nezu.wide.ad.jp/mawi/samplepoint-F/2008/200803211400.dump.gz,13193034,13137879,11317180,1425081
http://mawi.nezu.wide.ad.jp/mawi/samplepoint-F/2008/200803221400.dump.gz,13688588,13670168,10738112,2409893
http://mawi.nezu.wide.ad.jp/mawi/samplepoint-F/2008/200803231400.dump.gz,11660135,11639712,9620158,1563381
http://mawi.nezu.wide.ad.jp/mawi/samplepoint-F/2008/200803241400.dump.gz,12351082,12326092,10326352,1501409
http://mawi.nezu.wide.ad.jp/mawi/samplepoint-F/2008/200803251400.dump.gz,13009641,12984249,10621261,1665267
http://mawi.nezu.wide.ad.jp/mawi/samplepoint-F/2008/200803261400.dump.gz,19530123,19499396,16384638,2155520
http://mawi.nezu.wide.ad.jp/mawi/samplepoint-F/2008/200803271400.dump.gz,19674676,19648245,15373990,2069936
http://mawi.nezu.wide.ad.jp/mawi/samplepoint-F/2008/200803281400.dump.gz,17952041,17931346,14683486,2626519
http://mawi.nezu.wide.ad.jp/mawi/samplepoint-F/2008/200803291400.dump.gz,16655747,16635121,13925462,2034754
http://mawi.nezu.wide.ad.jp/mawi/samplepoint-F/2008/200803301400.dump.gz,13809890,13729063,11747049,1420675
http://mawi.nezu.wide.ad.jp/mawi/samplepoint-F/2008/200803311400.dump.gz,18549012,18518893,14562009,3113461
http://mawi.nezu.wide.ad.jp/mawi/samplepoint-F/2008/200804011400.dump.gz,20356483,20330600,16487128,3081805
http://mawi.nezu.wide.ad.jp/mawi/samplepoint-F/2008/200804021400.dump.gz,19853801,19828360,16147404,3026574
http://mawi.nezu.wide.ad.jp/mawi/samplepoint-F/2008/200804031400.dump.gz,21747034,21684835,17894938,3141374
http://mawi.nezu.wide.ad.jp/mawi/samplepoint-F/2008/200804041400.dump.gz,20030332,20004914,15110953,3421482
http://mawi.nezu.wide.ad.jp/mawi/samplepoint-F/2008/200804051400.dump.gz,15806540,15768128,12956813,2339621
http://mawi.nezu.wide.ad.jp/mawi/samplepoint-F/2008/200804061400.dump.gz,12021228,11977945,9207553,2328620
http://mawi.nezu.wide.ad.jp/mawi/samplepoint-F/2008/200804071400.dump.gz,32498979,32475525,27504918,4341846
http://mawi.nezu.wide.ad.jp/mawi/samplepoint-F/2008/200804081400.dump.gz,22205956,22179984,18684341,2801467
http://mawi.nezu.wide.ad.jp/mawi/samplepoint-F/2008/200804091400.dump.gz,25752490,25724015,21071167,3886569
http://mawi.nezu.wide.ad.jp/mawi/samplepoint-F/2008/200804101400.dump.gz,21245578,21223942,18399441,2224007
http://mawi.nezu.wide.ad.jp/mawi/samplepoint-F/2008/200804111400.dump.gz,24283668,24260934,20807863,2835731
http://mawi.nezu.wide.ad.jp/mawi/samplepoint-F/2008/200804121400.dump.gz,17085909,17066852,13440852,3113136
http://mawi.nezu.wide.ad.jp/mawi/samplepoint-F/2008/200804131400.dump.gz,11999580,11983069,9562486,1993457
http://mawi.nezu.wide.ad.jp/mawi/samplepoint-F/2008/200804141400.dump.gz,22864792,22833111,19382944,2844842
http://mawi.nezu.wide.ad.jp/mawi/samplepoint-F/2008/200804151400.dump.gz,24357254,24200665,20399546,2952499
http://mawi.nezu.wide.ad.jp/mawi/samplepoint-F/2008/200804161400.dump.gz,24553965,24530167,21346350,2430627
http://mawi.nezu.wide.ad.jp/mawi/samplepoint-F/2008/200804171400.dump.gz,26115910,26089809,22708220,2845876
http://mawi.nezu.wide.ad.jp/mawi/samplepoint-F/2008/200804181400.dump.gz,25960111,25931448,23207680,2122919
http://mawi.nezu.wide.ad.jp/mawi/samplepoint-F/2008/200804191400.dump.gz,21332022,21309999,18000397,2638275
http://mawi.nezu.wide.ad.jp/mawi/samplepoint-F/2008/200804201400.dump.gz,13822531,13800149,11849791,1535090
http://mawi.nezu.wide.ad.jp/mawi/samplepoint-F/2008/200804211400.dump.gz,27014023,26982786,24381256,1977585
http://mawi.nezu.wide.ad.jp/mawi/samplepoint-F/2008/200804221400.dump.gz,30887607,30832999,27682703,2474638
http://mawi.nezu.wide.ad.jp/mawi/samplepoint-F/2008/200804231400.dump.gz,25044687,25015444,21088479,3398439
http://mawi.nezu.wide.ad.jp/mawi/samplepoint-F/2008/200804241400.dump.gz,28457704,28427119,23339724,4194992
http://mawi.nezu.wide.ad.jp/mawi/samplepoint-F/2008/200804251400.dump.gz,26308972,26284220,23117421,2514455
http://mawi.nezu.wide.ad.jp/mawi/samplepoint-F/2008/200804261400.dump.gz,18570610,18550221,15059666,2655895
http://mawi.nezu.wide.ad.jp/mawi/samplepoint-F/2008/200804271400.dump.gz,16818123,16800017,13164295,2509412
http://mawi.nezu.wide.ad.jp/mawi/samplepoint-F/2008/200804281400.dump.gz,30621275,30597643,26632872,2598823
http://mawi.nezu.wide.ad.jp/mawi/samplepoint-F/2008/200804291400.dump.gz,26414511,26395397,22078542,2786986
http://mawi.nezu.wide.ad.jp/mawi/samplepoint-F/2008/200804301400.dump.gz,24454422,24431829,20962936,2778819
http://mawi.nezu.wide.ad.jp/mawi/samplepoint-F/2008/200805011400.dump.gz,25668726,25647752,21932729,2501012
http://mawi.nezu.wide.ad.jp/mawi/samplepoint-F/2008/200805021400.dump.gz,21719129,21577003,18404562,2143794
http://mawi.nezu.wide.ad.jp/mawi/samplepoint-F/2008/200805031400.dump.gz,16863574,16844343,13718912,1998549
http://mawi.nezu.wide.ad.jp/mawi/samplepoint-F/2008/200805041400.dump.gz,13557140,13536384,10207666,2235714
http://mawi.nezu.wide.ad.jp/mawi/samplepoint-F/2008/200805051400.dump.gz,17431217,17413461,14214532,1782070
http://mawi.nezu.wide.ad.jp/mawi/samplepoint-F/2008/200805061400.dump.gz,16168136,16150587,12436602,2809967
http://mawi.nezu.wide.ad.jp/mawi/samplepoint-F/2008/200805071400.dump.gz,33561276,33537647,24709130,3170051
http://mawi.nezu.wide.ad.jp/mawi/samplepoint-F/2008/200805081400.dump.gz,27390428,27366028,23686090,2803478
http://mawi.nezu.wide.ad.jp/mawi/samplepoint-F/2008/200805091400.dump.gz,30626269,30606191,25813889,2922238
http://mawi.nezu.wide.ad.jp/mawi/samplepoint-F/2008/200805101400.dump.gz,18828152,18809333,15046100,3114084
http://mawi.nezu.wide.ad.jp/mawi/samplepoint-F/2008/200805111400.dump.gz,12992198,12974714,10425738,1915227
http://mawi.nezu.wide.ad.jp/mawi/samplepoint-F/2008/200805121400.dump.gz,27009096,26987016,23934229,2459628
http://mawi.nezu.wide.ad.jp/mawi/samplepoint-F/2008/200805131400.dump.gz,28096588,28072452,24545666,2847148
http://mawi.nezu.wide.ad.jp/mawi/samplepoint-F/2008/200805141400.dump.gz,26927685,26898721,23349975,2816939
http://mawi.nezu.wide.ad.jp/mawi/samplepoint-F/2008/200805151400.dump.gz,29619693,29385603,23722995,5018998
http://mawi.nezu.wide.ad.jp/mawi/samplepoint-F/2008/200805161400.dump.gz,24552802,24525564,20983505,2631020
http://mawi.nezu.wide.ad.jp/mawi/samplepoint-F/2008/200805171400.dump.gz,25659524,25637861,21746889,3145151
http://mawi.nezu.wide.ad.jp/mawi/samplepoint-F/2008/200805181400.dump.gz,19894919,19871534,15297870,4034133
http://mawi.nezu.wide.ad.jp/mawi/samplepoint-F/2008/200805191400.dump.gz,34815519,34669567,27427382,3883642
http://mawi.nezu.wide.ad.jp/mawi/samplepoint-F/2008/200805201400.dump.gz,27267636,27241028,23772727,2912500
http://mawi.nezu.wide.ad.jp/mawi/samplepoint-F/2008/200805211400.dump.gz,25382101,25352009,21912349,2626202
http://mawi.nezu.wide.ad.jp/mawi/samplepoint-F/2008/200805221400.dump.gz,27503494,27470806,23910821,2965286
http://mawi.nezu.wide.ad.jp/mawi/samplepoint-F/2008/200805231400.dump.gz,25368361,25339518,21236062,3003462
http://mawi.nezu.wide.ad.jp/mawi/samplepoint-F/2008/200805241400.dump.gz,20545474,20521380,16992471,2655422
http://mawi.nezu.wide.ad.jp/mawi/samplepoint-F/2008/200805251400.dump.gz,12809750,12790611,10647266,1662223
http://mawi.nezu.wide.ad.jp/mawi/samplepoint-F/2008/200805261400.dump.gz,19938646,19913598,17296178,1887187
http://mawi.nezu.wide.ad.jp/mawi/samplepoint-F/2008/200805271400.dump.gz,22867050,22842645,20412784,1817251
http://mawi.nezu.wide.ad.jp/mawi/samplepoint-F/2008/200805281400.dump.gz,23148975,23121965,19708572,2703255
http://mawi.nezu.wide.ad.jp/mawi/samplepoint-F/2008/200805291400.dump.gz,22130842,22099171,18825732,2578424
http://mawi.nezu.wide.ad.jp/mawi/samplepoint-F/2008/200805301400.dump.gz,18998369,18974352,16037666,2278935
http://mawi.nezu.wide.ad.jp/mawi/samplepoint-F/2008/200805311400.dump.gz,17310879,17288717,14506273,1693743
http://mawi.nezu.wide.ad.jp/mawi/samplepoint-F/2008/200806011400.dump.gz,10866885,10847143,8301385,1866022
http://mawi.nezu.wide.ad.jp/mawi/samplepoint-F/2008/200806021400.dump.gz,19690155,19668002,16682797,2146652
http://mawi.nezu.wide.ad.jp/mawi/samplepoint-F/2008/200806031400.dump.gz,24296408,24165258,21004079,2386892
http://mawi.nezu.wide.ad.jp/mawi/samplepoint-F/2008/200806041400.dump.gz,20790151,20760664,17796470,2002855
http://mawi.nezu.wide.ad.jp/mawi/samplepoint-F/2008/200806051400.dump.gz,21459549,21371115,18377952,2200700
http://mawi.nezu.wide.ad.jp/mawi/samplepoint-F/2008/200806061400.dump.gz,20596497,20572447,17523199,2287833
http://mawi.nezu.wide.ad.jp/mawi/samplepoint-F/2008/200806071400.dump.gz,15049482,15027827,12307116,2180474
http://mawi.nezu.wide.ad.jp/mawi/samplepoint-F/2008/200806081400.dump.gz,12695482,12673921,9070696,3111961
http://mawi.nezu.wide.ad.jp/mawi/samplepoint-F/2008/200806091400.dump.gz,21608264,21579996,19196098,1841764
http://mawi.nezu.wide.ad.jp/mawi/samplepoint-F/2008/200806101400.dump.gz,22096533,22069668,19050815,2180262
http://mawi.nezu.wide.ad.jp/mawi/samplepoint-F/2008/200806111400.dump.gz,22920330,22893025,19735288,2439873
http://mawi.nezu.wide.ad.jp/mawi/samplepoint-F/2008/200806121400.dump.gz,22795357,22766649,20427995,1777275
http://mawi.nezu.wide.ad.jp/mawi/samplepoint-F/2008/200806131400.dump.gz,22783952,22755650,19002294,3109102
http://mawi.nezu.wide.ad.jp/mawi/samplepoint-F/2008/200806141400.dump.gz,17274877,17251498,14638034,1937235
http://mawi.nezu.wide.ad.jp/mawi/samplepoint-F/2008/200806151400.dump.gz,11242091,11220334,9382084,1368472
http://mawi.nezu.wide.ad.jp/mawi/samplepoint-F/2008/200806161400.dump.gz,23467512,23416547,21060633,1736469
http://mawi.nezu.wide.ad.jp/mawi/samplepoint-F/2008/200806171400.dump.gz,24200833,24176196,19149219,2212707
http://mawi.nezu.wide.ad.jp/mawi/samplepoint-F/2008/200806181400.dump.gz,26730210,26668102,23778164,2145173
http://mawi.nezu.wide.ad.jp/mawi/samplepoint-F/2008/200806191400.dump.gz,24394261,24303943,20757437,1942397
http://mawi.nezu.wide.ad.jp/mawi/samplepoint-F/2008/200806201400.dump.gz,25073048,25051442,19961624,4428398
http://mawi.nezu.wide.ad.jp/mawi/samplepoint-F/2008/200806211400.dump.gz,15195437,15174056,12408904,1197168
http://mawi.nezu.wide.ad.jp/mawi/samplepoint-F/2008/200806221400.dump.gz,12908971,12885396,11514923,990198
http://mawi.nezu.wide.ad.jp/mawi/samplepoint-F/2008/200806231400.dump.gz,22614761,22579691,19493004,2487687
http://mawi.nezu.wide.ad.jp/mawi/samplepoint-F/2008/200806241400.dump.gz,21919188,21892304,18725932,1882141
http://mawi.nezu.wide.ad.jp/mawi/samplepoint-F/2008/200806251400.dump.gz,24461865,24281284,19244205,4663882
http://mawi.nezu.wide.ad.jp/mawi/samplepoint-F/2008/200806261400.dump.gz,21734271,21693745,19490080,1736721
http://mawi.nezu.wide.ad.jp/mawi/samplepoint-F/2008/200806271400.dump.gz,25252770,25186794,21330784,3296335
http://mawi.nezu.wide.ad.jp/mawi/samplepoint-F/2008/200806281400.dump.gz,15675971,15640965,13002989,1721691
http://mawi.nezu.wide.ad.jp/mawi/samplepoint-F/2008/200806291400.dump.gz,12760986,12732363,10232440,1971435
http://mawi.nezu.wide.ad.jp/mawi/samplepoint-F/2008/200806301400.dump.gz,23254984,23195599,20123369,1724933
http://mawi.nezu.wide.ad.jp/mawi/samplepoint-F/2008/200807011400.dump.gz,20385754,20351599,17330642,2247126
http://mawi.nezu.wide.ad.jp/mawi/samplepoint-F/2008/200807021400.dump.gz,22991390,22956076,20240064,2228507
http://mawi.nezu.wide.ad.jp/mawi/samplepoint-F/2008/200807031400.dump.gz,22843294,22790189,20069631,2211677
http://mawi.nezu.wide.ad.jp/mawi/samplepoint-F/2008/200807041400.dump.gz,24862059,24822150,21716758,2404994
http://mawi.nezu.wide.ad.jp/mawi/samplepoint-F/2008/200807081400.dump.gz,26401579,26357343,23263253,2027752
http://mawi.nezu.wide.ad.jp/mawi/samplepoint-F/2008/200807091400.dump.gz,28020313,27980414,22344449,4120373
http://mawi.nezu.wide.ad.jp/mawi/samplepoint-F/2008/200807101400.dump.gz,24763452,24734336,19335754,3791344
http://mawi.nezu.wide.ad.jp/mawi/samplepoint-F/2008/200807111400.dump.gz,27065498,27038381,23142058,3342385
http://mawi.nezu.wide.ad.jp/mawi/samplepoint-F/2008/200807121400.dump.gz,18678191,18655289,14195358,3551656
http://mawi.nezu.wide.ad.jp/mawi/samplepoint-F/2008/200807131400.dump.gz,17300375,17281900,13338444,1345559
http://mawi.nezu.wide.ad.jp/mawi/samplepoint-F/2008/200807141400.dump.gz,27033608,26996466,24020085,2383576
http://mawi.nezu.wide.ad.jp/mawi/samplepoint-F/2008/200807151400.dump.gz,24464600,24437586,22008111,1929034
http://mawi.nezu.wide.ad.jp/mawi/samplepoint-F/2008/200807161400.dump.gz,28075608,28049090,24056197,2900458
http://mawi.nezu.wide.ad.jp/mawi/samplepoint-F/2008/200807171400.dump.gz,25915319,25879399,23430529,1829308
http://mawi.nezu.wide.ad.jp/mawi/samplepoint-F/2008/200807181400.dump.gz,25119203,25091799,21985263,2367919
http://mawi.nezu.wide.ad.jp/mawi/samplepoint-F/2008/200807191400.dump.gz,19991224,19971019,17584924,1720307
http://mawi.nezu.wide.ad.jp/mawi/samplepoint-F/2008/200807201400.dump.gz,13801358,13781348,11679791,1372355
http://mawi.nezu.wide.ad.jp/mawi/samplepoint-F/2008/200807211400.dump.gz,18534940,18513029,14453214,3411711
http://mawi.nezu.wide.ad.jp/mawi/samplepoint-F/2008/200807221400.dump.gz,20353044,20314148,17537873,2045470
http://mawi.nezu.wide.ad.jp/mawi/samplepoint-F/2008/200807231400.dump.gz,22443149,22411589,18925804,2568147
http://mawi.nezu.wide.ad.jp/mawi/samplepoint-F/2008/200807241400.dump.gz,20918133,20876199,18606154,1721162
http://mawi.nezu.wide.ad.jp/mawi/samplepoint-F/2008/200807251400.dump.gz,20182845,20144971,17727071,1808694
http://mawi.nezu.wide.ad.jp/mawi/samplepoint-F/2008/200807261400.dump.gz,15098896,15073183,12923774,1404417
http://mawi.nezu.wide.ad.jp/mawi/samplepoint-F/2008/200807271400.dump.gz,16775366,16754053,14829935,1297123
http://mawi.nezu.wide.ad.jp/mawi/samplepoint-F/2008/200807281400.dump.gz,22002724,21970893,19178632,1858506
http://mawi.nezu.wide.ad.jp/mawi/samplepoint-F/2008/200807291400.dump.gz,23687103,23651400,20289223,2749244
http://mawi.nezu.wide.ad.jp/mawi/samplepoint-F/2008/200807301400.dump.gz,18197139,18161887,15593536,2059646
http://mawi.nezu.wide.ad.jp/mawi/samplepoint-F/2008/200807311400.dump.gz,20715447,20681784,18004218,2138158
http://mawi.nezu.wide.ad.jp/mawi/samplepoint-F/2008/200808011400.dump.gz,16087572,16015679,13768445,1786230
http://mawi.nezu.wide.ad.jp/mawi/samplepoint-F/2008/200808021400.dump.gz,16535844,16476399,14028886,1981445
http://mawi.nezu.wide.ad.jp/mawi/samplepoint-F/2008/200808031400.dump.gz,13019949,12972141,9658070,2867972
http://mawi.nezu.wide.ad.jp/mawi/samplepoint-F/2008/200808041400.dump.gz,19438654,19386793,16144757,1956389
http://mawi.nezu.wide.ad.jp/mawi/samplepoint-F/2008/200808051400.dump.gz,19937209,19863823,16728460,2228144
http://mawi.nezu.wide.ad.jp/mawi/samplepoint-F/2008/200808061400.dump.gz,26751160,26642986,20477820,3477395
http://mawi.nezu.wide.ad.jp/mawi/samplepoint-F/2008/200808071400.dump.gz,23623100,23578628,19980754,2660614
http://mawi.nezu.wide.ad.jp/mawi/samplepoint-F/2008/200808081400.dump.gz,19285577,19084847,15874819,1970757
http://mawi.nezu.wide.ad.jp/mawi/samplepoint-F/2008/200808091400.dump.gz,13346361,13264784,10917098,1389733
http://mawi.nezu.wide.ad.jp/mawi/samplepoint-F/2008/200808101400.dump.gz,12677960,12635244,9736702,1606520
http://mawi.nezu.wide.ad.jp/mawi/samplepoint-F/2008/200808111400.dump.gz,20585275,20520994,15036882,3963801
http://mawi.nezu.wide.ad.jp/mawi/samplepoint-F/2008/200808121400.dump.gz,20489576,20438584,17106797,2248895
http://mawi.nezu.wide.ad.jp/mawi/samplepoint-F/2008/200808131400.dump.gz,18664704,18487237,14424803,2779637
http://mawi.nezu.wide.ad.jp/mawi/samplepoint-F/2008/200808141400.dump.gz,19242507,19165424,15421301,2627200
http://mawi.nezu.wide.ad.jp/mawi/samplepoint-F/2008/200808151400.dump.gz,19105531,19012556,14474324,3401617
http://mawi.nezu.wide.ad.jp/mawi/samplepoint-F/2008/200808161400.dump.gz,17068951,17038361,13898169,1935179
http://mawi.nezu.wide.ad.jp/mawi/samplepoint-F/2008/200808171400.dump.gz,15176424,15117124,11982868,2266931
http://mawi.nezu.wide.ad.jp/mawi/samplepoint-F/2008/200808181400.dump.gz,25686448,25644815,21628162,2696692
http://mawi.nezu.wide.ad.jp/mawi/samplepoint-F/2008/200808191400.dump.gz,21170650,21019166,17439795,2494117
http://mawi.nezu.wide.ad.jp/mawi/samplepoint-F/2008/200808201400.dump.gz,23303882,23223322,19688549,2416647
http://mawi.nezu.wide.ad.jp/mawi/samplepoint-F/2008/200808211400.dump.gz,25079379,25048203,21548602,2577802
http://mawi.nezu.wide.ad.jp/mawi/samplepoint-F/2008/200808221400.dump.gz,23083428,23033056,18964720,3202463
http://mawi.nezu.wide.ad.jp/mawi/samplepoint-F/2008/200808231400.dump.gz,16728812,16701962,14096257,1714947
http://mawi.nezu.wide.ad.jp/mawi/samplepoint-F/2008/200808241400.dump.gz,13615102,13555103,10800485,1525618
http://mawi.nezu.wide.ad.jp/mawi/samplepoint-F/2008/200808251400.dump.gz,23128007,23096318,20100257,1961347
http://mawi.nezu.wide.ad.jp/mawi/samplepoint-F/2008/200808261400.dump.gz,23788070,23757623,20719435,2254396
http://mawi.nezu.wide.ad.jp/mawi/samplepoint-F/2008/200808271400.dump.gz,20339963,20304484,16470692,2733435
http://mawi.nezu.wide.ad.jp/mawi/samplepoint-F/2008/200808281400.dump.gz,21555424,21518464,18445661,1688734
http://mawi.nezu.wide.ad.jp/mawi/samplepoint-F/2008/200808291400.dump.gz,20405951,20363262,17815771,1742460
http://mawi.nezu.wide.ad.jp/mawi/samplepoint-F/2008/200808301400.dump.gz,17592799,17565749,14407865,2184304
http://mawi.nezu.wide.ad.jp/mawi/samplepoint-F/2008/200808311400.dump.gz,15237213,15201835,10931199,3400051
http://mawi.nezu.wide.ad.jp/mawi/samplepoint-F/2008/200809011400.dump.gz,18222843,18188307,15555950,1774234
http://mawi.nezu.wide.ad.jp/mawi/samplepoint-F/2008/200809021400.dump.gz,21229792,21190264,17799182,2067030
http://mawi.nezu.wide.ad.jp/mawi/samplepoint-F/2008/200809031400.dump.gz,22238453,22207589,18978123,2212047
http://mawi.nezu.wide.ad.jp/mawi/samplepoint-F/2008/200809041400.dump.gz,22729829,22658789,19544278,1852661
http://mawi.nezu.wide.ad.jp/mawi/samplepoint-F/2008/200809051400.dump.gz,16931975,16914824,14514401,1700986
http://mawi.nezu.wide.ad.jp/mawi/samplepoint-F/2008/200809111400.dump.gz,22451845,22416584,19707742,2270422
http://mawi.nezu.wide.ad.jp/mawi/samplepoint-F/2008/200809121400.dump.gz,17363326,17334742,14403787,2453218
http://mawi.nezu.wide.ad.jp/mawi/samplepoint-F/2008/200809131400.dump.gz,14116827,14097673,12146720,1683135
http://mawi.nezu.wide.ad.jp/mawi/samplepoint-F/2008/200809141400.dump.gz,12098715,12079399,10252003,1575175
http://mawi.nezu.wide.ad.jp/mawi/samplepoint-F/2008/200809151400.dump.gz,16973427,16950859,14477102,2027598
http://mawi.nezu.wide.ad.jp/mawi/samplepoint-F/2008/200809161400.dump.gz,23956113,23928469,20998658,2278151
http://mawi.nezu.wide.ad.jp/mawi/samplepoint-F/2008/200809171400.dump.gz,21222830,21064368,18034839,2602885
http://mawi.nezu.wide.ad.jp/mawi/samplepoint-F/2008/200809181400.dump.gz,18785457,18734688,15731900,2586656
http://mawi.nezu.wide.ad.jp/mawi/samplepoint-F/2008/200809191400.dump.gz,19434433,19392471,14798534,4130882
http://mawi.nezu.wide.ad.jp/mawi/samplepoint-F/2008/200809201400.dump.gz,17966994,17930303,15539882,2012076
http://mawi.nezu.wide.ad.jp/mawi/samplepoint-F/2008/200809211400.dump.gz,17572228,17538397,12732564,4402540
http://mawi.nezu.wide.ad.jp/mawi/samplepoint-F/2008/200809221400.dump.gz,24849310,24800895,20355582,3761748
http://mawi.nezu.wide.ad.jp/mawi/samplepoint-F/2008/200809231400.dump.gz,16481991,16439099,13268063,2448810
http://mawi.nezu.wide.ad.jp/mawi/samplepoint-F/2008/200809241400.dump.gz,24827402,24667563,20907053,3070462
http://mawi.nezu.wide.ad.jp/mawi/samplepoint-F/2008/200809251400.dump.gz,22956755,22814752,19841054,2401895
http://mawi.nezu.wide.ad.jp/mawi/samplepoint-F/2008/200809261400.dump.gz,23901382,23861434,20708767,2661871
http://mawi.nezu.wide.ad.jp/mawi/samplepoint-F/2008/200809271400.dump.gz,14318454,14274861,12117711,1758608
http://mawi.nezu.wide.ad.jp/mawi/samplepoint-F/2008/200809281400.dump.gz,16889853,16855207,14366608,1873677
http://mawi.nezu.wide.ad.jp/mawi/samplepoint-F/2008/200809291400.dump.gz,23923600,23879563,20768755,2717398
http://mawi.nezu.wide.ad.jp/mawi/samplepoint-F/2008/200809301400.dump.gz,24448757,24411957,21259643,2398419
http://mawi.nezu.wide.ad.jp/mawi/samplepoint-F/2008/200810011400.dump.gz,23272800,23236721,19461754,3479507
http://mawi.nezu.wide.ad.jp/mawi/samplepoint-F/2008/200810021400.dump.gz,24695539,24653673,20409142,3139785
http://mawi.nezu.wide.ad.jp/mawi/samplepoint-F/2008/200810031400.dump.gz,21213897,21166183,17719295,2860909
http://mawi.nezu.wide.ad.jp/mawi/samplepoint-F/2008/200810041400.dump.gz,16119015,16067174,13578324,2018356
http://mawi.nezu.wide.ad.jp/mawi/samplepoint-F/2008/200810051400.dump.gz,13785807,13740770,11775398,1595094
http://mawi.nezu.wide.ad.jp/mawi/samplepoint-F/2008/200810061400.dump.gz,27626283,27517559,24281381,2201520
http://mawi.nezu.wide.ad.jp/mawi/samplepoint-F/2008/200810071400.dump.gz,26568352,25973704,22310309,3180982
http://mawi.nezu.wide.ad.jp/mawi/samplepoint-F/2008/200810081400.dump.gz,21032981,20983103,18352532,2219647
http://mawi.nezu.wide.ad.jp/mawi/samplepoint-F/2008/200810091400.dump.gz,24303227,24237982,21467416,2434418
http://mawi.nezu.wide.ad.jp/mawi/samplepoint-F/2008/200810101400.dump.gz,23081689,22898013,18391077,4095657
http://mawi.nezu.wide.ad.jp/mawi/samplepoint-F/2008/200810111400.dump.gz,20715653,20654921,16985754,3129918
http://mawi.nezu.wide.ad.jp/mawi/samplepoint-F/2008/200810121400.dump.gz,16818878,16765605,14820373,1697384
http://mawi.nezu.wide.ad.jp/mawi/samplepoint-F/2008/200810131400.dump.gz,15895844,15847650,12506431,2971758
http://mawi.nezu.wide.ad.jp/mawi/samplepoint-F/2008/200810141400.dump.gz,25870513,25829036,22137124,3096245
http://mawi.nezu.wide.ad.jp/mawi/samplepoint-F/2008/200810151400.dump.gz,25474534,25431666,22927286,2161595
http://mawi.nezu.wide.ad.jp/mawi/samplepoint-F/2008/200810161400.dump.gz,29445808,29405295,25527117,2837198
http://mawi.nezu.wide.ad.jp/mawi/samplepoint-F/2008/200810171400.dump.gz,26936641,26894493,21748976,4370155
http://mawi.nezu.wide.ad.jp/mawi/samplepoint-F/2008/200810181400.dump.gz,20216133,20180414,15609838,4175842
http://mawi.nezu.wide.ad.jp/mawi/samplepoint-F/2008/200810191400.dump.gz,14320699,14280894,11253968,2425168
http://mawi.nezu.wide.ad.jp/mawi/samplepoint-F/2008/200810201400.dump.gz,26321241,26251156,23047201,2552624
http://mawi.nezu.wide.ad.jp/mawi/samplepoint-F/2008/200810211400.dump.gz,27109107,26940064,22887051,3549986
http://mawi.nezu.wide.ad.jp/mawi/samplepoint-F/2008/200810221400.dump.gz,26101053,26057834,21988051,3413354
http://mawi.nezu.wide.ad.jp/mawi/samplepoint-F/2008/200810231400.dump.gz,41652775,41602419,26946702,7757479
http://mawi.nezu.wide.ad.jp/mawi/samplepoint-F/2008/200810241400.dump.gz,28249209,28166010,23941620,3792605
http://mawi.nezu.wide.ad.jp/mawi/samplepoint-F/2008/200810251400.dump.gz,17055245,16971026,13842066,2682035
http://mawi.nezu.wide.ad.jp/mawi/samplepoint-F/2008/200810261400.dump.gz,13099024,13063004,11217948,1108994
http://mawi.nezu.wide.ad.jp/mawi/samplepoint-F/2008/200810271400.dump.gz,24519507,24262115,20700943,3014661
http://mawi.nezu.wide.ad.jp/mawi/samplepoint-F/2008/200810281400.dump.gz,27759872,27694650,25009940,1834391
http://mawi.nezu.wide.ad.jp/mawi/samplepoint-F/2008/200810291400.dump.gz,27037361,26852458,22853502,3443182
http://mawi.nezu.wide.ad.jp/mawi/samplepoint-F/2008/200810301400.dump.gz,24709387,24653152,21334383,2964250
http://mawi.nezu.wide.ad.jp/mawi/samplepoint-F/2008/200810311400.dump.gz,36086893,36042672,32347913,3068112
http://mawi.nezu.wide.ad.jp/mawi/samplepoint-F/2008/200811011400.dump.gz,22176308,22122318,19151186,2478437
http://mawi.nezu.wide.ad.jp/mawi/samplepoint-F/2008/200811021400.dump.gz,17634397,17576642,15359652,1572509
http://mawi.nezu.wide.ad.jp/mawi/samplepoint-F/2008/200811031400.dump.gz,18655188,18614864,15814803,2348271
http://mawi.nezu.wide.ad.jp/mawi/samplepoint-F/2008/200811041400.dump.gz,26056574,25991727,22574157,2757231
http://mawi.nezu.wide.ad.jp/mawi/samplepoint-F/2008/200811051400.dump.gz,20803373,20742303,17400256,2729864
http://mawi.nezu.wide.ad.jp/mawi/samplepoint-F/2008/200811061400.dump.gz,20124229,20050235,16219627,3351724
http://mawi.nezu.wide.ad.jp/mawi/samplepoint-F/2008/200811071400.dump.gz,19607668,19562958,16640191,2625203
http://mawi.nezu.wide.ad.jp/mawi/samplepoint-F/2008/200811081400.dump.gz,25807123,25762058,21922716,3473764
http://mawi.nezu.wide.ad.jp/mawi/samplepoint-F/2008/200811091400.dump.gz,13577442,13500646,10672455,2256080
http://mawi.nezu.wide.ad.jp/mawi/samplepoint-F/2008/200811101400.dump.gz,26920816,26870232,23331615,2646934
http://mawi.nezu.wide.ad.jp/mawi/samplepoint-F/2008/200811111400.dump.gz,20717964,20674116,17637627,2214338
http://mawi.nezu.wide.ad.jp/mawi/samplepoint-F/2008/200811121400.dump.gz,20896230,20690956,18209743,1987195
http://mawi.nezu.wide.ad.jp/mawi/samplepoint-F/2008/200811131400.dump.gz,24464774,24417997,21189102,2321168
http://mawi.nezu.wide.ad.jp/mawi/samplepoint-F/2008/200811141400.dump.gz,26105237,26051623,22927142,2241700
http://mawi.nezu.wide.ad.jp/mawi/samplepoint-F/2008/200811151400.dump.gz,18902787,18865738,15813836,2224503
http://mawi.nezu.wide.ad.jp/mawi/samplepoint-F/2008/200811161400.dump.gz,15250199,15211210,12926483,1874913
http://mawi.nezu.wide.ad.jp/mawi/samplepoint-F/2008/200811171400.dump.gz,21347776,21289262,18294378,2080143
http://mawi.nezu.wide.ad.jp/mawi/samplepoint-F/2008/200811181400.dump.gz,25569119,25526872,21700518,2858119
http://mawi.nezu.wide.ad.jp/mawi/samplepoint-F/2008/200811191400.dump.gz,19672329,19456430,16382896,2466479
http://mawi.nezu.wide.ad.jp/mawi/samplepoint-F/2008/200811201400.dump.gz,22281006,22237850,18621683,2617819
http://mawi.nezu.wide.ad.jp/mawi/samplepoint-F/2008/200811211400.dump.gz,23136906,23095654,19386022,2414132
http://mawi.nezu.wide.ad.jp/mawi/samplepoint-F/2008/200811221400.dump.gz,18086610,18047768,15204622,1963335
http://mawi.nezu.wide.ad.jp/mawi/samplepoint-F/2008/200811231400.dump.gz,17430245,17392150,13857547,2327484
http://mawi.nezu.wide.ad.jp/mawi/samplepoint-F/2008/200811241400.dump.gz,17480958,17442105,14741613,1482973
http://mawi.nezu.wide.ad.jp/mawi/samplepoint-F/2008/200811251400.dump.gz,24284444,24240660,19968552,2872161
http://mawi.nezu.wide.ad.jp/mawi/samplepoint-F/2008/200811261400.dump.gz,21976399,21794560,19271017,1959031
http://mawi.nezu.wide.ad.jp/mawi/samplepoint-F/2008/200811271400.dump.gz,33353364,33313037,29108380,2676630
http://mawi.nezu.wide.ad.jp/mawi/samplepoint-F/2008/200811281400.dump.gz,28754274,28701671,26081660,1792970
http://mawi.nezu.wide.ad.jp/mawi/samplepoint-F/2008/200811291400.dump.gz,21667404,21522186,18891418,1783655
http://mawi.nezu.wide.ad.jp/mawi/samplepoint-F/2008/200811301400.dump.gz,20701876,20568124,17479749,2477371
http://mawi.nezu.wide.ad.jp/mawi/samplepoint-F/2008/200812011400.dump.gz,24650267,24592164,21469077,2052413
http://mawi.nezu.wide.ad.jp/mawi/samplepoint-F/2008/200812021400.dump.gz,26680602,26627454,23505110,2369772
http://mawi.nezu.wide.ad.jp/mawi/samplepoint-F/2008/200812031400.dump.gz,23936512,23767162,19586942,2650459
http://mawi.nezu.wide.ad.jp/mawi/samplepoint-F/2008/200812041400.dump.gz,23217218,23173086,19747231,2677888
http://mawi.nezu.wide.ad.jp/mawi/samplepoint-F/2008/200812051400.dump.gz,25140268,25100931,21220739,2770036
http://mawi.nezu.wide.ad.jp/mawi/samplepoint-F/2008/200812061400.dump.gz,15818554,15782293,13182264,1879866
http://mawi.nezu.wide.ad.jp/mawi/samplepoint-F/2008/200812071400.dump.gz,10495846,10460917,8523858,1615084
http://mawi.nezu.wide.ad.jp/mawi/samplepoint-F/2008/200812081400.dump.gz,17393395,17340578,14473781,2316928
http://mawi.nezu.wide.ad.jp/mawi/samplepoint-F/2008/200812091400.dump.gz,27211844,27116720,22023451,4549515
http://mawi.nezu.wide.ad.jp/mawi/samplepoint-F/2008/200812101400.dump.gz,20681027,20552911,17797318,2032853
http://mawi.nezu.wide.ad.jp/mawi/samplepoint-F/2008/200812111400.dump.gz,19456357,19336035,16321641,2119055
http://mawi.nezu.wide.ad.jp/mawi/samplepoint-F/2008/200812121400.dump.gz,20375931,20334272,17622926,2157484
http://mawi.nezu.wide.ad.jp/mawi/samplepoint-F/2008/200812131400.dump.gz,12625623,12572159,10301790,1912151
http://mawi.nezu.wide.ad.jp/mawi/samplepoint-F/2008/200812141400.dump.gz,11338785,10792440,8506570,1947789
http://mawi.nezu.wide.ad.jp/mawi/samplepoint-F/2008/200812151400.dump.gz,18293349,18250030,15107940,2253614
http://mawi.nezu.wide.ad.jp/mawi/samplepoint-F/2008/200812161400.dump.gz,23666438,23602516,17438683,4611122
http://mawi.nezu.wide.ad.jp/mawi/samplepoint-F/2008/200812171400.dump.gz,26380872,26277193,20948418,4827435
http://mawi.nezu.wide.ad.jp/mawi/samplepoint-F/2008/200812181400.dump.gz,24440219,24384767,21184328,2679533
http://mawi.nezu.wide.ad.jp/mawi/samplepoint-F/2008/200812191400.dump.gz,20052666,20006280,18001131,1532478
http://mawi.nezu.wide.ad.jp/mawi/samplepoint-F/2008/200812201400.dump.gz,16787607,16749377,14405160,1893356
http://mawi.nezu.wide.ad.jp/mawi/samplepoint-F/2008/200812211400.dump.gz,16561332,16465679,13549104,2489768
http://mawi.nezu.wide.ad.jp/mawi/samplepoint-F/2008/200812221400.dump.gz,19609704,19560715,17265105,1872944
http://mawi.nezu.wide.ad.jp/mawi/samplepoint-F/2008/200812231400.dump.gz,13555093,13511137,11103004,2033617
http://mawi.nezu.wide.ad.jp/mawi/samplepoint-F/2008/200812241400.dump.gz,17486709,17437759,14198612,2809315
http://mawi.nezu.wide.ad.jp/mawi/samplepoint-F/2008/200812251400.dump.gz,16131778,16089672,13351984,2363201
http://mawi.nezu.wide.ad.jp/mawi/samplepoint-F/2008/200812261400.dump.gz,16521321,16093525,13511940,1977349
http://mawi.nezu.wide.ad.jp/mawi/samplepoint-F/2008/200812271400.dump.gz,16343818,15447928,12717782,2367744
http://mawi.nezu.wide.ad.jp/mawi/samplepoint-F/2008/200812281400.dump.gz,18789443,17817093,14196941,2761549
http://mawi.nezu.wide.ad.jp/mawi/samplepoint-F/2008/200812291400.dump.gz,15014930,14138872,10481337,3105946
http://mawi.nezu.wide.ad.jp/mawi/samplepoint-F/2008/200812301400.dump.gz,14562961,14065288,11299480,2359270
