url,total,ip,tcp,udp
http://mawi.nezu.wide.ad.jp/mawi/samplepoint-B/20050922/200509220000.dump.gz,6840692,6670832,5546922,916513
http://mawi.nezu.wide.ad.jp/mawi/samplepoint-B/20050922/200509220015.dump.gz,6842036,6674121,5603705,884922
http://mawi.nezu.wide.ad.jp/mawi/samplepoint-B/20050922/200509220030.dump.gz,6801449,6644375,5550494,896031
http://mawi.nezu.wide.ad.jp/mawi/samplepoint-B/20050922/200509220045.dump.gz,6419263,6276451,5247384,848630
http://mawi.nezu.wide.ad.jp/mawi/samplepoint-B/20050922/200509220100.dump.gz,6153701,6011270,4936762,897525
http://mawi.nezu.wide.ad.jp/mawi/samplepoint-B/20050922/200509220115.dump.gz,5964475,5830666,4654078,982679
http://mawi.nezu.wide.ad.jp/mawi/samplepoint-B/20050922/200509220130.dump.gz,6182219,6045163,4262562,1559910
http://mawi.nezu.wide.ad.jp/mawi/samplepoint-B/20050922/200509220145.dump.gz,5761204,5634380,4302473,1064100
http://mawi.nezu.wide.ad.jp/mawi/samplepoint-B/20050922/200509220200.dump.gz,5737137,5610764,4515101,871990
http://mawi.nezu.wide.ad.jp/mawi/samplepoint-B/20050922/200509220215.dump.gz,5487568,5371466,4353354,826304
http://mawi.nezu.wide.ad.jp/mawi/samplepoint-B/20050922/200509220230.dump.gz,5357093,5244836,4308876,747630
http://mawi.nezu.wide.ad.jp/mawi/samplepoint-B/20050922/200509220245.dump.gz,5174839,5069421,4172084,707763
http://mawi.nezu.wide.ad.jp/mawi/samplepoint-B/20050922/200509220300.dump.gz,5319103,5210126,4228644,767992
http://mawi.nezu.wide.ad.jp/mawi/samplepoint-B/20050922/200509220315.dump.gz,5268449,5162597,4281093,689921
http://mawi.nezu.wide.ad.jp/mawi/samplepoint-B/20050922/200509220330.dump.gz,5141467,5045890,4187837,658534
http://mawi.nezu.wide.ad.jp/mawi/samplepoint-B/20050922/200509220345.dump.gz,5070301,4978047,4126568,635200
http://mawi.nezu.wide.ad.jp/mawi/samplepoint-B/20050922/200509220400.dump.gz,5085855,4996455,4080778,709245
http://mawi.nezu.wide.ad.jp/mawi/samplepoint-B/20050922/200509220415.dump.gz,5155496,5058756,4180868,670404
http://mawi.nezu.wide.ad.jp/mawi/samplepoint-B/20050922/200509220430.dump.gz,5403383,5306688,4421614,671772
http://mawi.nezu.wide.ad.jp/mawi/samplepoint-B/20050922/200509220445.dump.gz,5584728,5480696,4445703,734739
http://mawi.nezu.wide.ad.jp/mawi/samplepoint-B/20050922/200509220500.dump.gz,5062135,4973344,4078713,671427
http://mawi.nezu.wide.ad.jp/mawi/samplepoint-B/20050922/200509220515.dump.gz,5187886,5095847,4228988,634931
http://mawi.nezu.wide.ad.jp/mawi/samplepoint-B/20050922/200509220530.dump.gz,5212638,5120412,4186822,593483
http://mawi.nezu.wide.ad.jp/mawi/samplepoint-B/20050922/200509220545.dump.gz,5252058,5156959,4140049,621647
http://mawi.nezu.wide.ad.jp/mawi/samplepoint-B/20050922/200509220600.dump.gz,4945559,4859980,3841221,700272
http://mawi.nezu.wide.ad.jp/mawi/samplepoint-B/20050922/200509220615.dump.gz,4917989,4834184,3949595,671639
http://mawi.nezu.wide.ad.jp/mawi/samplepoint-B/20050922/200509220630.dump.gz,4784685,4707427,3805935,694406
http://mawi.nezu.wide.ad.jp/mawi/samplepoint-B/20050922/200509220645.dump.gz,4735535,4660446,3761056,684533
http://mawi.nezu.wide.ad.jp/mawi/samplepoint-B/20050922/200509220700.dump.gz,4899981,4812972,3884528,712848
http://mawi.nezu.wide.ad.jp/mawi/samplepoint-B/20050922/200509220715.dump.gz,4547407,4470667,3599438,660759
http://mawi.nezu.wide.ad.jp/mawi/samplepoint-B/20050922/200509220730.dump.gz,4812658,4727104,3749744,669103
http://mawi.nezu.wide.ad.jp/mawi/samplepoint-B/20050922/200509220745.dump.gz,4939955,4853826,3937560,661633
http://mawi.nezu.wide.ad.jp/mawi/samplepoint-B/20050922/200509220800.dump.gz,5112188,5016204,4075841,683756
http://mawi.nezu.wide.ad.jp/mawi/samplepoint-B/20050922/200509220815.dump.gz,5471165,5367681,4387554,708885
http://mawi.nezu.wide.ad.jp/mawi/samplepoint-B/20050922/200509220830.dump.gz,5757532,5645921,4552304,742673
http://mawi.nezu.wide.ad.jp/mawi/samplepoint-B/20050922/200509220845.dump.gz,5043884,4950575,3987889,718109
http://mawi.nezu.wide.ad.jp/mawi/samplepoint-B/20050922/200509220900.dump.gz,5332801,5230433,4185259,787562
http://mawi.nezu.wide.ad.jp/mawi/samplepoint-B/20050922/200509220915.dump.gz,5689598,5570525,4559418,728387
http://mawi.nezu.wide.ad.jp/mawi/samplepoint-B/20050922/200509220930.dump.gz,5924405,5798585,4670928,803503
http://mawi.nezu.wide.ad.jp/mawi/samplepoint-B/20050922/200509220945.dump.gz,6081211,5955717,4812819,820636
http://mawi.nezu.wide.ad.jp/mawi/samplepoint-B/20050922/200509221000.dump.gz,6220364,6082204,4870681,893594
http://mawi.nezu.wide.ad.jp/mawi/samplepoint-B/20050922/200509221015.dump.gz,6265756,6132396,5016664,805330
http://mawi.nezu.wide.ad.jp/mawi/samplepoint-B/20050922/200509221030.dump.gz,6452174,6312749,5206138,783325
http://mawi.nezu.wide.ad.jp/mawi/samplepoint-B/20050922/200509221045.dump.gz,6864305,6713027,5538345,813210
http://mawi.nezu.wide.ad.jp/mawi/samplepoint-B/20050922/200509221100.dump.gz,7243963,7090397,5837617,874113
http://mawi.nezu.wide.ad.jp/mawi/samplepoint-B/20050922/200509221115.dump.gz,7197497,7041196,5867804,791562
http://mawi.nezu.wide.ad.jp/mawi/samplepoint-B/20050922/200509221130.dump.gz,6453267,6319229,5186514,792681
http://mawi.nezu.wide.ad.jp/mawi/samplepoint-B/20050922/200509221145.dump.gz,6793594,6643385,5499162,760585
http://mawi.nezu.wide.ad.jp/mawi/samplepoint-B/20050922/200509221200.dump.gz,7182076,7028359,5784004,832191
http://mawi.nezu.wide.ad.jp/mawi/samplepoint-B/20050922/200509221215.dump.gz,8598987,8390333,7185267,820170
http://mawi.nezu.wide.ad.jp/mawi/samplepoint-B/20050922/200509221230.dump.gz,8575322,8360835,7182946,788296
http://mawi.nezu.wide.ad.jp/mawi/samplepoint-B/20050922/200509221245.dump.gz,8764416,8546381,7390252,840783
http://mawi.nezu.wide.ad.jp/mawi/samplepoint-B/20050922/200509221300.dump.gz,8725514,8501832,7253203,897777
http://mawi.nezu.wide.ad.jp/mawi/samplepoint-B/20050922/200509221315.dump.gz,8617268,8390922,7193854,829620
http://mawi.nezu.wide.ad.jp/mawi/samplepoint-B/20050922/200509221330.dump.gz,8925088,8685483,7500789,746445
http://mawi.nezu.wide.ad.jp/mawi/samplepoint-B/20050922/200509221345.dump.gz,8935848,8703076,7481850,826811
http://mawi.nezu.wide.ad.jp/mawi/samplepoint-B/20050922/200509221400.dump.gz,8987464,8742737,7460023,882460
http://mawi.nezu.wide.ad.jp/mawi/samplepoint-B/20050922/200509221415.dump.gz,8718771,8490546,7347316,815668
http://mawi.nezu.wide.ad.jp/mawi/samplepoint-B/20050922/200509221430.dump.gz,8152872,7941276,6700400,872669
http://mawi.nezu.wide.ad.jp/mawi/samplepoint-B/20050922/200509221445.dump.gz,7224487,7046571,5844105,842019
http://mawi.nezu.wide.ad.jp/mawi/samplepoint-B/20050922/200509221500.dump.gz,7150358,6970285,5774246,847824
http://mawi.nezu.wide.ad.jp/mawi/samplepoint-B/20050922/200509221515.dump.gz,7274329,7100459,5873534,869080
http://mawi.nezu.wide.ad.jp/mawi/samplepoint-B/20050922/200509221530.dump.gz,7736657,7545127,6063993,943740
http://mawi.nezu.wide.ad.jp/mawi/samplepoint-B/20050922/200509221545.dump.gz,7787858,7590955,6217983,857813
http://mawi.nezu.wide.ad.jp/mawi/samplepoint-B/20050922/200509221600.dump.gz,7496776,7310310,5901224,985283
http://mawi.nezu.wide.ad.jp/mawi/samplepoint-B/20050922/200509221615.dump.gz,6999727,6851287,5502613,929232
http://mawi.nezu.wide.ad.jp/mawi/samplepoint-B/20050922/200509221630.dump.gz,7288379,7122557,5699769,1007144
http://mawi.nezu.wide.ad.jp/mawi/samplepoint-B/20050922/200509221645.dump.gz,7289525,7146815,5917677,933531
http://mawi.nezu.wide.ad.jp/mawi/samplepoint-B/20050922/200509221700.dump.gz,6847181,6706974,5464181,1001366
http://mawi.nezu.wide.ad.jp/mawi/samplepoint-B/20050922/200509221715.dump.gz,6802073,6648563,5443549,936895
http://mawi.nezu.wide.ad.jp/mawi/samplepoint-B/20050922/200509221730.dump.gz,6934598,6782957,5557748,847562
http://mawi.nezu.wide.ad.jp/mawi/samplepoint-B/20050922/200509221745.dump.gz,6947738,6797623,5671493,830155
http://mawi.nezu.wide.ad.jp/mawi/samplepoint-B/20050922/200509221800.dump.gz,6918262,6770905,5550830,865608
http://mawi.nezu.wide.ad.jp/mawi/samplepoint-B/20050922/200509221815.dump.gz,6862735,6723263,5435551,853604
http://mawi.nezu.wide.ad.jp/mawi/samplepoint-B/20050922/200509221830.dump.gz,7079087,6913508,5674278,847188
http://mawi.nezu.wide.ad.jp/mawi/samplepoint-B/20050922/200509221845.dump.gz,7191132,7010132,5833337,861115
http://mawi.nezu.wide.ad.jp/mawi/samplepoint-B/20050922/200509221900.dump.gz,7050070,6874047,5647302,871820
http://mawi.nezu.wide.ad.jp/mawi/samplepoint-B/20050922/200509221915.dump.gz,7265978,7082414,5875772,845454
http://mawi.nezu.wide.ad.jp/mawi/samplepoint-B/20050922/200509221930.dump.gz,7475479,7287535,6020489,856322
http://mawi.nezu.wide.ad.jp/mawi/samplepoint-B/20050922/200509221945.dump.gz,7358696,7181483,5962466,849392
http://mawi.nezu.wide.ad.jp/mawi/samplepoint-B/20050922/200509222000.dump.gz,7194886,7027749,5839847,816849
http://mawi.nezu.wide.ad.jp/mawi/samplepoint-B/20050922/200509222015.dump.gz,7840791,7649307,6518898,781392
http://mawi.nezu.wide.ad.jp/mawi/samplepoint-B/20050922/200509222030.dump.gz,7331164,7166539,5992846,838471
http://mawi.nezu.wide.ad.jp/mawi/samplepoint-B/20050922/200509222045.dump.gz,7513972,7337295,6110166,884609
http://mawi.nezu.wide.ad.jp/mawi/samplepoint-B/20050922/200509222100.dump.gz,7704301,7507445,6243771,952053
http://mawi.nezu.wide.ad.jp/mawi/samplepoint-B/20050922/200509222115.dump.gz,7728767,7532543,6269580,967951
http://mawi.nezu.wide.ad.jp/mawi/samplepoint-B/20050922/200509222130.dump.gz,7431128,7257355,6036107,939509
http://mawi.nezu.wide.ad.jp/mawi/samplepoint-B/20050922/200509222145.dump.gz,7349010,7185208,5930175,957970
http://mawi.nezu.wide.ad.jp/mawi/samplepoint-B/20050922/200509222200.dump.gz,7520337,7339621,5935593,1104324
http://mawi.nezu.wide.ad.jp/mawi/samplepoint-B/20050922/200509222215.dump.gz,7537694,7351417,6021850,1033017
http://mawi.nezu.wide.ad.jp/mawi/samplepoint-B/20050922/200509222230.dump.gz,7618521,7434508,6090265,1030930
http://mawi.nezu.wide.ad.jp/mawi/samplepoint-B/20050922/200509222245.dump.gz,7317903,7134080,5906090,933435
http://mawi.nezu.wide.ad.jp/mawi/samplepoint-B/20050922/200509222300.dump.gz,7472890,7288639,6060630,940462
http://mawi.nezu.wide.ad.jp/mawi/samplepoint-B/20050922/200509222315.dump.gz,7441769,7259787,5984019,971380
http://mawi.nezu.wide.ad.jp/mawi/samplepoint-B/20050922/200509222330.dump.gz,7418056,7236223,5695779,1236381
http://mawi.nezu.wide.ad.jp/mawi/samplepoint-B/20050922/200509222345.dump.gz,6584079,6432000,5150073,988109
