url,total,ip,tcp,udp
http://mawi.nezu.wide.ad.jp/mawi/samplepoint-F/2010/200912311400.dump.gz,12049730,11957561,9063954,2017180
http://mawi.nezu.wide.ad.jp/mawi/samplepoint-F/2010/201001011400.dump.gz,11452979,11331916,8968209,1735135
http://mawi.nezu.wide.ad.jp/mawi/samplepoint-F/2010/201001021400.dump.gz,14648937,14614479,11528343,2655417
http://mawi.nezu.wide.ad.jp/mawi/samplepoint-F/2010/201001031400.dump.gz,15167723,15146257,12007919,2734313
http://mawi.nezu.wide.ad.jp/mawi/samplepoint-F/2010/201001041400.dump.gz,16087550,16041500,13789038,1801102
http://mawi.nezu.wide.ad.jp/mawi/samplepoint-F/2010/201001051400.dump.gz,18125026,18096256,15353000,2244511
http://mawi.nezu.wide.ad.jp/mawi/samplepoint-F/2010/201001061400.dump.gz,24469345,24434177,20418166,2028234
http://mawi.nezu.wide.ad.jp/mawi/samplepoint-F/2010/201001071400.dump.gz,24853066,24757701,21053285,2916957
http://mawi.nezu.wide.ad.jp/mawi/samplepoint-F/2010/201001081400.dump.gz,24846017,24818340,21381589,2827999
http://mawi.nezu.wide.ad.jp/mawi/samplepoint-F/2010/201001091400.dump.gz,21513995,21474985,17756604,3123505
http://mawi.nezu.wide.ad.jp/mawi/samplepoint-F/2010/201001101400.dump.gz,15924502,15901824,12211336,3118799
http://mawi.nezu.wide.ad.jp/mawi/samplepoint-F/2010/201001111400.dump.gz,17486529,17460040,14061877,2765832
http://mawi.nezu.wide.ad.jp/mawi/samplepoint-F/2010/201001121400.dump.gz,30052963,30006767,25114787,4252488
http://mawi.nezu.wide.ad.jp/mawi/samplepoint-F/2010/201001131400.dump.gz,25847263,25811707,21224737,3926353
http://mawi.nezu.wide.ad.jp/mawi/samplepoint-F/2010/201001141400.dump.gz,30411677,30378907,25835616,3802718
http://mawi.nezu.wide.ad.jp/mawi/samplepoint-F/2010/201001151400.dump.gz,29680027,29648212,21356501,6384262
http://mawi.nezu.wide.ad.jp/mawi/samplepoint-F/2010/201001161400.dump.gz,19057987,19018407,14980344,2926555
http://mawi.nezu.wide.ad.jp/mawi/samplepoint-F/2010/201001171400.dump.gz,18357549,18334802,14244583,3186301
http://mawi.nezu.wide.ad.jp/mawi/samplepoint-F/2010/201001181400.dump.gz,25739478,25709218,20982554,3484930
http://mawi.nezu.wide.ad.jp/mawi/samplepoint-F/2010/201001191400.dump.gz,25681014,25640290,21525155,3218616
http://mawi.nezu.wide.ad.jp/mawi/samplepoint-F/2010/201001201400.dump.gz,27564138,27475154,18396331,7590704
http://mawi.nezu.wide.ad.jp/mawi/samplepoint-F/2010/201001211400.dump.gz,31986506,31943718,21053443,8651879
http://mawi.nezu.wide.ad.jp/mawi/samplepoint-F/2010/201001221400.dump.gz,37568877,37511391,24149395,11441034
http://mawi.nezu.wide.ad.jp/mawi/samplepoint-F/2010/201001231400.dump.gz,31509448,31488705,20139962,9385045
http://mawi.nezu.wide.ad.jp/mawi/samplepoint-F/2010/201001241400.dump.gz,26568882,26545371,15031009,9627392
http://mawi.nezu.wide.ad.jp/mawi/samplepoint-F/2010/201001251400.dump.gz,35242727,35189372,25581553,7757339
http://mawi.nezu.wide.ad.jp/mawi/samplepoint-F/2010/201001261400.dump.gz,32500127,32386784,22609258,8263059
http://mawi.nezu.wide.ad.jp/mawi/samplepoint-F/2010/201001271400.dump.gz,36315684,36273849,23894624,10420383
http://mawi.nezu.wide.ad.jp/mawi/samplepoint-F/2010/201001281400.dump.gz,28394640,28291389,18775553,7882342
http://mawi.nezu.wide.ad.jp/mawi/samplepoint-F/2010/201001291400.dump.gz,32129955,32045467,20017880,10282104
http://mawi.nezu.wide.ad.jp/mawi/samplepoint-F/2010/201001301400.dump.gz,29368528,29300235,20650548,7183653
http://mawi.nezu.wide.ad.jp/mawi/samplepoint-F/2010/201001311400.dump.gz,21828271,21799523,13138695,7166752
http://mawi.nezu.wide.ad.jp/mawi/samplepoint-F/2010/201002011400.dump.gz,32602705,32560035,21364323,9257451
http://mawi.nezu.wide.ad.jp/mawi/samplepoint-F/2010/201002021400.dump.gz,21908607,21868906,17492335,3671488
http://mawi.nezu.wide.ad.jp/mawi/samplepoint-F/2010/201002031400.dump.gz,21045653,20962138,17470561,2711331
http://mawi.nezu.wide.ad.jp/mawi/samplepoint-F/2010/201002041400.dump.gz,21553091,21492590,17555585,3242472
http://mawi.nezu.wide.ad.jp/mawi/samplepoint-F/2010/201002051400.dump.gz,22924026,22876852,19869281,2272209
http://mawi.nezu.wide.ad.jp/mawi/samplepoint-F/2010/201002061400.dump.gz,20466908,20292805,17627572,2059841
http://mawi.nezu.wide.ad.jp/mawi/samplepoint-F/2010/201002071400.dump.gz,16499559,16438566,13636730,2239835
http://mawi.nezu.wide.ad.jp/mawi/samplepoint-F/2010/201002081400.dump.gz,28117341,28056933,17073302,8674982
http://mawi.nezu.wide.ad.jp/mawi/samplepoint-F/2010/201002091400.dump.gz,33048209,32995699,19022789,11384067
http://mawi.nezu.wide.ad.jp/mawi/samplepoint-F/2010/201002101400.dump.gz,29590760,29492748,18116875,8921791
http://mawi.nezu.wide.ad.jp/mawi/samplepoint-F/2010/201002111400.dump.gz,27139262,27090612,12683208,11203447
http://mawi.nezu.wide.ad.jp/mawi/samplepoint-F/2010/201002121400.dump.gz,29809083,29772138,16960323,10065076
http://mawi.nezu.wide.ad.jp/mawi/samplepoint-F/2010/201002131400.dump.gz,38559914,38529553,26001232,10215074
http://mawi.nezu.wide.ad.jp/mawi/samplepoint-F/2010/201002141400.dump.gz,34807876,34561127,10640938,21154445
http://mawi.nezu.wide.ad.jp/mawi/samplepoint-F/2010/201002151400.dump.gz,34166798,34034981,17594588,13244188
http://mawi.nezu.wide.ad.jp/mawi/samplepoint-F/2010/201002161400.dump.gz,34201743,34152278,18428057,12534365
http://mawi.nezu.wide.ad.jp/mawi/samplepoint-F/2010/201002171400.dump.gz,40125798,40086756,16732032,20836802
http://mawi.nezu.wide.ad.jp/mawi/samplepoint-F/2010/201002181400.dump.gz,29018072,28979837,16470773,9876760
http://mawi.nezu.wide.ad.jp/mawi/samplepoint-F/2010/201002191400.dump.gz,30177639,30099724,16654084,10679008
http://mawi.nezu.wide.ad.jp/mawi/samplepoint-F/2010/201002201400.dump.gz,28027088,27894602,14098166,11391506
http://mawi.nezu.wide.ad.jp/mawi/samplepoint-F/2010/201002211400.dump.gz,31771348,31743218,18332369,10980240
http://mawi.nezu.wide.ad.jp/mawi/samplepoint-F/2010/201002221400.dump.gz,29297587,29265916,16069877,10509888
http://mawi.nezu.wide.ad.jp/mawi/samplepoint-F/2010/201002231400.dump.gz,34961484,34909653,20160918,11845452
http://mawi.nezu.wide.ad.jp/mawi/samplepoint-F/2010/201002241400.dump.gz,31215482,31144221,16459529,11231511
http://mawi.nezu.wide.ad.jp/mawi/samplepoint-F/2010/201002251400.dump.gz,33798022,33728045,19714142,11373413
http://mawi.nezu.wide.ad.jp/mawi/samplepoint-F/2010/201002261400.dump.gz,31177940,31070819,16065761,12526839
http://mawi.nezu.wide.ad.jp/mawi/samplepoint-F/2010/201002271400.dump.gz,29860516,29778184,15682708,11525786
http://mawi.nezu.wide.ad.jp/mawi/samplepoint-F/2010/201002281400.dump.gz,27718038,27680248,12905652,12309419
http://mawi.nezu.wide.ad.jp/mawi/samplepoint-F/2010/201003011400.dump.gz,29900688,29834786,14842429,11071625
http://mawi.nezu.wide.ad.jp/mawi/samplepoint-F/2010/201003021400.dump.gz,30646720,30602703,15972104,10951879
http://mawi.nezu.wide.ad.jp/mawi/samplepoint-F/2010/201003031400.dump.gz,31300811,31201974,14981900,12387716
http://mawi.nezu.wide.ad.jp/mawi/samplepoint-F/2010/201003041400.dump.gz,34781085,34720338,18195268,13172938
http://mawi.nezu.wide.ad.jp/mawi/samplepoint-F/2010/201003051400.dump.gz,30778696,30727108,16113896,11782714
http://mawi.nezu.wide.ad.jp/mawi/samplepoint-F/2010/201003061400.dump.gz,28166260,28040826,14713488,10519206
http://mawi.nezu.wide.ad.jp/mawi/samplepoint-F/2010/201003071400.dump.gz,26300810,26242109,13372835,10137506
http://mawi.nezu.wide.ad.jp/mawi/samplepoint-F/2010/201003081400.dump.gz,29282886,29221178,14552324,11556613
http://mawi.nezu.wide.ad.jp/mawi/samplepoint-F/2010/201003091400.dump.gz,34453852,34375895,18815061,11319249
http://mawi.nezu.wide.ad.jp/mawi/samplepoint-F/2010/201003101400.dump.gz,32343467,32285930,17527401,11283428
http://mawi.nezu.wide.ad.jp/mawi/samplepoint-F/2010/201003111400.dump.gz,29520404,29472131,14484920,11757460
http://mawi.nezu.wide.ad.jp/mawi/samplepoint-F/2010/201003121400.dump.gz,31460550,31416100,18114311,9808124
http://mawi.nezu.wide.ad.jp/mawi/samplepoint-F/2010/201003131400.dump.gz,26777079,26736585,15148880,9341616
http://mawi.nezu.wide.ad.jp/mawi/samplepoint-F/2010/201003141400.dump.gz,25342677,25302403,12137101,10604181
http://mawi.nezu.wide.ad.jp/mawi/samplepoint-F/2010/201003151400.dump.gz,32487408,32436366,16399342,12538535
http://mawi.nezu.wide.ad.jp/mawi/samplepoint-F/2010/201003161400.dump.gz,31376878,31331786,15915709,12360606
http://mawi.nezu.wide.ad.jp/mawi/samplepoint-F/2010/201003171400.dump.gz,32430403,32385861,18219889,11472427
http://mawi.nezu.wide.ad.jp/mawi/samplepoint-F/2010/201003181400.dump.gz,34401866,34352306,18119397,13118262
http://mawi.nezu.wide.ad.jp/mawi/samplepoint-F/2010/201003191400.dump.gz,34666280,34450445,18434222,12980160
http://mawi.nezu.wide.ad.jp/mawi/samplepoint-F/2010/201003201400.dump.gz,28641692,28601917,14995909,11004640
http://mawi.nezu.wide.ad.jp/mawi/samplepoint-F/2010/201003211400.dump.gz,23302029,23248394,9460597,10301313
http://mawi.nezu.wide.ad.jp/mawi/samplepoint-F/2010/201003221400.dump.gz,28167912,28123321,14237256,10734150
http://mawi.nezu.wide.ad.jp/mawi/samplepoint-F/2010/201003231400.dump.gz,31827012,31757786,16931186,11582779
http://mawi.nezu.wide.ad.jp/mawi/samplepoint-F/2010/201003241400.dump.gz,31042399,30991023,15277690,12307312
http://mawi.nezu.wide.ad.jp/mawi/samplepoint-F/2010/201003251400.dump.gz,34193938,34141943,19637418,11390861
http://mawi.nezu.wide.ad.jp/mawi/samplepoint-F/2010/201003261400.dump.gz,32060056,32015135,16950525,11786897
http://mawi.nezu.wide.ad.jp/mawi/samplepoint-F/2010/201003271400.dump.gz,33057747,33022883,17850376,12034964
http://mawi.nezu.wide.ad.jp/mawi/samplepoint-F/2010/201003281400.dump.gz,27987760,27952363,13565343,11457996
http://mawi.nezu.wide.ad.jp/mawi/samplepoint-F/2010/201003291400.dump.gz,31752749,31716200,16077349,12587977
http://mawi.nezu.wide.ad.jp/mawi/samplepoint-F/2010/201003301400.dump.gz,29272012,29231993,15218245,11071697
http://mawi.nezu.wide.ad.jp/mawi/samplepoint-F/2010/201003311400.dump.gz,38617680,38568575,23143756,12686247
http://mawi.nezu.wide.ad.jp/mawi/samplepoint-F/2010/201004011400.dump.gz,35059831,35014349,20823286,11378340
http://mawi.nezu.wide.ad.jp/mawi/samplepoint-F/2010/201004021400.dump.gz,26884788,26828381,19352972,6747589
http://mawi.nezu.wide.ad.jp/mawi/samplepoint-F/2010/201004031400.dump.gz,23570009,23531829,15830265,6685291
http://mawi.nezu.wide.ad.jp/mawi/samplepoint-F/2010/201004041400.dump.gz,29535029,29499299,14842456,11728005
http://mawi.nezu.wide.ad.jp/mawi/samplepoint-F/2010/201004051400.dump.gz,32710981,32664883,17431355,11962000
http://mawi.nezu.wide.ad.jp/mawi/samplepoint-F/2010/201004061400.dump.gz,38725552,38682351,21294490,14553030
http://mawi.nezu.wide.ad.jp/mawi/samplepoint-F/2010/201004071400.dump.gz,38497857,38450846,21499658,13373641
http://mawi.nezu.wide.ad.jp/mawi/samplepoint-F/2010/201004081400.dump.gz,36063193,35839570,19314821,12694967
http://mawi.nezu.wide.ad.jp/mawi/samplepoint-F/2010/201004091400.dump.gz,32029942,31970496,15562337,12852412
http://mawi.nezu.wide.ad.jp/mawi/samplepoint-F/2010/201004101400.dump.gz,32197985,32144598,14551066,14202919
http://mawi.nezu.wide.ad.jp/mawi/samplepoint-F/2010/201004111400.dump.gz,33598169,33547949,16316593,13025724
http://mawi.nezu.wide.ad.jp/mawi/samplepoint-F/2010/201004121400.dump.gz,33633770,33581160,19825324,9301870
http://mawi.nezu.wide.ad.jp/mawi/samplepoint-F/2010/201004131400.dump.gz,33035431,32986627,19022776,10813109
http://mawi.nezu.wide.ad.jp/mawi/samplepoint-F/2010/201004141400.dump.gz,44599795,44524616,30472094,9946928
http://mawi.nezu.wide.ad.jp/mawi/samplepoint-F/2010/201004151400.dump.gz,34670971,34613076,22111248,8840439
http://mawi.nezu.wide.ad.jp/mawi/samplepoint-F/2010/201004161400.dump.gz,32899087,32843092,19502932,8945059
http://mawi.nezu.wide.ad.jp/mawi/samplepoint-F/2010/201004171400.dump.gz,28588791,28537043,15522172,9159093
http://mawi.nezu.wide.ad.jp/mawi/samplepoint-F/2010/201004181400.dump.gz,27265340,27217482,14537019,8658890
http://mawi.nezu.wide.ad.jp/mawi/samplepoint-F/2010/201004191400.dump.gz,36636846,36580811,22426925,9202476
http://mawi.nezu.wide.ad.jp/mawi/samplepoint-F/2010/201004201400.dump.gz,36644208,36588544,22707726,9865945
http://mawi.nezu.wide.ad.jp/mawi/samplepoint-F/2010/201004211400.dump.gz,34418519,34363978,20271538,10406022
http://mawi.nezu.wide.ad.jp/mawi/samplepoint-F/2010/201004221400.dump.gz,36691405,36651271,22595033,10177385
http://mawi.nezu.wide.ad.jp/mawi/samplepoint-F/2010/201004231400.dump.gz,33881144,33840261,20336477,9947133
http://mawi.nezu.wide.ad.jp/mawi/samplepoint-F/2010/201004241400.dump.gz,33196758,33150658,21257652,8371564
http://mawi.nezu.wide.ad.jp/mawi/samplepoint-F/2010/201004251400.dump.gz,25302939,25241213,14188049,7207846
http://mawi.nezu.wide.ad.jp/mawi/samplepoint-F/2010/201004261400.dump.gz,36507646,36455450,22754517,9953051
http://mawi.nezu.wide.ad.jp/mawi/samplepoint-F/2010/201004271400.dump.gz,39574685,39517489,22806850,12548442
http://mawi.nezu.wide.ad.jp/mawi/samplepoint-F/2010/201004281400.dump.gz,37878789,37819443,23154284,10855829
http://mawi.nezu.wide.ad.jp/mawi/samplepoint-F/2010/201004291400.dump.gz,27894830,27847920,15216531,8250565
http://mawi.nezu.wide.ad.jp/mawi/samplepoint-F/2010/201004301400.dump.gz,38807359,38765802,25192815,9978172
http://mawi.nezu.wide.ad.jp/mawi/samplepoint-F/2010/201005011400.dump.gz,28085096,28041868,15474698,8337675
http://mawi.nezu.wide.ad.jp/mawi/samplepoint-F/2010/201005021400.dump.gz,25384267,25346821,12487687,8558833
http://mawi.nezu.wide.ad.jp/mawi/samplepoint-F/2010/201005031400.dump.gz,29038511,28997927,15601975,9148943
http://mawi.nezu.wide.ad.jp/mawi/samplepoint-F/2010/201005041400.dump.gz,35149018,35104830,22931094,8464578
http://mawi.nezu.wide.ad.jp/mawi/samplepoint-F/2010/201005051400.dump.gz,28602432,28559266,14857867,9456364
http://mawi.nezu.wide.ad.jp/mawi/samplepoint-F/2010/201005061400.dump.gz,42267233,42192292,25803379,12148285
http://mawi.nezu.wide.ad.jp/mawi/samplepoint-F/2010/201005071400.dump.gz,35644486,35594586,28605025,5965150
http://mawi.nezu.wide.ad.jp/mawi/samplepoint-F/2010/201005081400.dump.gz,39752555,39717725,26041586,9769147
http://mawi.nezu.wide.ad.jp/mawi/samplepoint-F/2010/201005091400.dump.gz,28088147,28056339,15450752,8136728
http://mawi.nezu.wide.ad.jp/mawi/samplepoint-F/2010/201005101400.dump.gz,38448804,38407171,24152517,9071475
http://mawi.nezu.wide.ad.jp/mawi/samplepoint-F/2010/201005111400.dump.gz,41356011,41313876,25936720,10354360
http://mawi.nezu.wide.ad.jp/mawi/samplepoint-F/2010/201005121400.dump.gz,36408357,36363675,20749316,11244936
http://mawi.nezu.wide.ad.jp/mawi/samplepoint-F/2010/201005131400.dump.gz,36891915,36845152,23187253,8915217
http://mawi.nezu.wide.ad.jp/mawi/samplepoint-F/2010/201005141400.dump.gz,37225357,37184979,22594941,9572471
http://mawi.nezu.wide.ad.jp/mawi/samplepoint-F/2010/201005151400.dump.gz,33328904,33291590,17507315,11180569
http://mawi.nezu.wide.ad.jp/mawi/samplepoint-F/2010/201005161400.dump.gz,29476349,29439829,15216202,9724946
http://mawi.nezu.wide.ad.jp/mawi/samplepoint-F/2010/201005171400.dump.gz,37276355,37225045,23612390,8936666
http://mawi.nezu.wide.ad.jp/mawi/samplepoint-F/2010/201005181400.dump.gz,38536081,38484580,24063368,10183027
http://mawi.nezu.wide.ad.jp/mawi/samplepoint-F/2010/201005191400.dump.gz,40046825,39991380,25927875,9818823
http://mawi.nezu.wide.ad.jp/mawi/samplepoint-F/2010/201005201400.dump.gz,38406841,38346002,24021499,10630240
http://mawi.nezu.wide.ad.jp/mawi/samplepoint-F/2010/201005211400.dump.gz,43147978,43114836,28976408,9571539
http://mawi.nezu.wide.ad.jp/mawi/samplepoint-F/2010/201005221400.dump.gz,24522736,24497329,13579020,7221810
http://mawi.nezu.wide.ad.jp/mawi/samplepoint-F/2010/201005231400.dump.gz,22983951,22957472,13191553,6545943
http://mawi.nezu.wide.ad.jp/mawi/samplepoint-F/2010/201005241400.dump.gz,32115337,32083767,19144965,8943255
http://mawi.nezu.wide.ad.jp/mawi/samplepoint-F/2010/201005251400.dump.gz,34554620,34528181,20376188,9597329
http://mawi.nezu.wide.ad.jp/mawi/samplepoint-F/2010/201005261400.dump.gz,33867004,33836024,21347279,8493827
http://mawi.nezu.wide.ad.jp/mawi/samplepoint-F/2010/201005271400.dump.gz,38330352,38303631,26257976,7651410
http://mawi.nezu.wide.ad.jp/mawi/samplepoint-F/2010/201005281400.dump.gz,33021410,32982186,19410368,8908407
http://mawi.nezu.wide.ad.jp/mawi/samplepoint-F/2010/201005291400.dump.gz,27519535,27488214,16168001,7273175
http://mawi.nezu.wide.ad.jp/mawi/samplepoint-F/2010/201005301400.dump.gz,30471693,30421083,17210020,9287268
http://mawi.nezu.wide.ad.jp/mawi/samplepoint-F/2010/201005311400.dump.gz,32666630,32606402,20910145,6991560
http://mawi.nezu.wide.ad.jp/mawi/samplepoint-F/2010/201006011400.dump.gz,33876543,33841454,21032507,8504373
http://mawi.nezu.wide.ad.jp/mawi/samplepoint-F/2010/201006021400.dump.gz,31019536,30979197,19217412,7651909
http://mawi.nezu.wide.ad.jp/mawi/samplepoint-F/2010/201006031400.dump.gz,34981482,34941537,23306615,7124873
http://mawi.nezu.wide.ad.jp/mawi/samplepoint-F/2010/201006041400.dump.gz,35595518,35551091,22621221,8925512
http://mawi.nezu.wide.ad.jp/mawi/samplepoint-F/2010/201006051400.dump.gz,27643072,27611142,15721384,7874777
http://mawi.nezu.wide.ad.jp/mawi/samplepoint-F/2010/201006061400.dump.gz,24817476,24789773,14189080,6335047
http://mawi.nezu.wide.ad.jp/mawi/samplepoint-F/2010/201006071400.dump.gz,37443944,37399444,25524526,7288676
http://mawi.nezu.wide.ad.jp/mawi/samplepoint-F/2010/201006081400.dump.gz,31399645,31362995,19416892,7500515
http://mawi.nezu.wide.ad.jp/mawi/samplepoint-F/2010/201006091400.dump.gz,36881850,36825776,24130023,8407734
http://mawi.nezu.wide.ad.jp/mawi/samplepoint-F/2010/201006101400.dump.gz,34477085,34435918,22676156,7266116
http://mawi.nezu.wide.ad.jp/mawi/samplepoint-F/2010/201006111400.dump.gz,33286011,33253506,20841824,8349715
http://mawi.nezu.wide.ad.jp/mawi/samplepoint-F/2010/201006121400.dump.gz,24157398,24122767,13214319,6806911
http://mawi.nezu.wide.ad.jp/mawi/samplepoint-F/2010/201006131400.dump.gz,25453279,25420491,13999374,6996207
http://mawi.nezu.wide.ad.jp/mawi/samplepoint-F/2010/201006141400.dump.gz,33795909,33759237,20929315,8807177
http://mawi.nezu.wide.ad.jp/mawi/samplepoint-F/2010/201006151400.dump.gz,30546339,30514221,18364749,7910528
http://mawi.nezu.wide.ad.jp/mawi/samplepoint-F/2010/201006161400.dump.gz,33996346,33966567,20419661,9146475
http://mawi.nezu.wide.ad.jp/mawi/samplepoint-F/2010/201006171400.dump.gz,37965773,37889084,26121212,7360626
http://mawi.nezu.wide.ad.jp/mawi/samplepoint-F/2010/201006181400.dump.gz,42397118,42363778,25084343,13061039
http://mawi.nezu.wide.ad.jp/mawi/samplepoint-F/2010/201006191400.dump.gz,30755147,30728938,16842751,9706167
http://mawi.nezu.wide.ad.jp/mawi/samplepoint-F/2010/201006201400.dump.gz,27303593,27231515,15832037,7570004
http://mawi.nezu.wide.ad.jp/mawi/samplepoint-F/2010/201006211400.dump.gz,45176084,45150518,29233026,11271714
http://mawi.nezu.wide.ad.jp/mawi/samplepoint-F/2010/201006221400.dump.gz,47422815,47389596,30272845,11956341
http://mawi.nezu.wide.ad.jp/mawi/samplepoint-F/2010/201006231400.dump.gz,44590676,44417207,27241761,11802090
http://mawi.nezu.wide.ad.jp/mawi/samplepoint-F/2010/201006241400.dump.gz,40556389,40188408,24562825,10792791
http://mawi.nezu.wide.ad.jp/mawi/samplepoint-F/2010/201006251400.dump.gz,40599043,40467312,26755557,9488068
http://mawi.nezu.wide.ad.jp/mawi/samplepoint-F/2010/201006261400.dump.gz,35147447,35121784,20682952,10504300
http://mawi.nezu.wide.ad.jp/mawi/samplepoint-F/2010/201006271400.dump.gz,31272445,31250435,19468601,7930663
http://mawi.nezu.wide.ad.jp/mawi/samplepoint-F/2010/201006281400.dump.gz,42933395,42901655,27826397,10854234
http://mawi.nezu.wide.ad.jp/mawi/samplepoint-F/2010/201006291400.dump.gz,37028034,36994315,23907437,9376065
http://mawi.nezu.wide.ad.jp/mawi/samplepoint-F/2010/201006301400.dump.gz,38989831,38961088,23495750,11474163
http://mawi.nezu.wide.ad.jp/mawi/samplepoint-F/2010/201007011400.dump.gz,38855763,38825355,24322021,10878715
http://mawi.nezu.wide.ad.jp/mawi/samplepoint-F/2010/201007021400.dump.gz,43243355,43215806,29937206,9017903
http://mawi.nezu.wide.ad.jp/mawi/samplepoint-F/2010/201007031400.dump.gz,34869392,34842762,22107493,8925767
http://mawi.nezu.wide.ad.jp/mawi/samplepoint-F/2010/201007041400.dump.gz,28457913,28435067,16405561,8231748
http://mawi.nezu.wide.ad.jp/mawi/samplepoint-F/2010/201007051400.dump.gz,41996601,41964826,27323758,10774300
http://mawi.nezu.wide.ad.jp/mawi/samplepoint-F/2010/201007061400.dump.gz,44110463,44051379,29712078,10139449
http://mawi.nezu.wide.ad.jp/mawi/samplepoint-F/2010/201007071400.dump.gz,44575656,44545709,31128137,9469149
http://mawi.nezu.wide.ad.jp/mawi/samplepoint-F/2010/201007081400.dump.gz,39206899,39175367,24723536,9772021
http://mawi.nezu.wide.ad.jp/mawi/samplepoint-F/2010/201007091400.dump.gz,39208046,39180802,23575794,10749152
http://mawi.nezu.wide.ad.jp/mawi/samplepoint-F/2010/201007101400.dump.gz,34311793,34283400,20588893,9006542
http://mawi.nezu.wide.ad.jp/mawi/samplepoint-F/2010/201007111400.dump.gz,28415068,28390258,16269346,8363902
http://mawi.nezu.wide.ad.jp/mawi/samplepoint-F/2010/201007121400.dump.gz,38134929,38099195,22960025,10752941
http://mawi.nezu.wide.ad.jp/mawi/samplepoint-F/2010/201007131400.dump.gz,44219443,44184926,29350909,10371837
http://mawi.nezu.wide.ad.jp/mawi/samplepoint-F/2010/201007141400.dump.gz,45442729,45402085,31167667,9772142
http://mawi.nezu.wide.ad.jp/mawi/samplepoint-F/2010/201007151400.dump.gz,38676394,38551800,23447374,11069536
http://mawi.nezu.wide.ad.jp/mawi/samplepoint-F/2010/201007161400.dump.gz,37132204,37067932,22647091,9567064
http://mawi.nezu.wide.ad.jp/mawi/samplepoint-F/2010/201007171400.dump.gz,31188981,31024038,17680828,9572235
http://mawi.nezu.wide.ad.jp/mawi/samplepoint-F/2010/201007181400.dump.gz,29012607,28873213,17597439,7586504
http://mawi.nezu.wide.ad.jp/mawi/samplepoint-F/2010/201007191400.dump.gz,32276108,32140293,19953327,7530636
http://mawi.nezu.wide.ad.jp/mawi/samplepoint-F/2010/201007201400.dump.gz,35171621,35081285,22341428,8705860
http://mawi.nezu.wide.ad.jp/mawi/samplepoint-F/2010/201007211400.dump.gz,41067071,40828628,25167571,12111949
http://mawi.nezu.wide.ad.jp/mawi/samplepoint-F/2010/201007221400.dump.gz,38436252,38239727,24392725,9417081
http://mawi.nezu.wide.ad.jp/mawi/samplepoint-F/2010/201007231400.dump.gz,38767612,38670630,22759428,10538875
http://mawi.nezu.wide.ad.jp/mawi/samplepoint-F/2010/201007241400.dump.gz,34885126,34794053,22321910,8199933
http://mawi.nezu.wide.ad.jp/mawi/samplepoint-F/2010/201007251400.dump.gz,35402582,35302192,16753954,13858042
http://mawi.nezu.wide.ad.jp/mawi/samplepoint-F/2010/201007261400.dump.gz,42911542,42778100,23537557,14717041
http://mawi.nezu.wide.ad.jp/mawi/samplepoint-F/2010/201007271400.dump.gz,35935828,35820084,22732449,8454100
http://mawi.nezu.wide.ad.jp/mawi/samplepoint-F/2010/201007281400.dump.gz,36412299,36328883,23513631,8518576
http://mawi.nezu.wide.ad.jp/mawi/samplepoint-F/2010/201007291400.dump.gz,34805261,34716951,24707659,8978318
http://mawi.nezu.wide.ad.jp/mawi/samplepoint-F/2010/201007301400.dump.gz,33900444,33700909,21801399,8157038
http://mawi.nezu.wide.ad.jp/mawi/samplepoint-F/2010/201007311400.dump.gz,31473196,31200009,19732269,7782862
http://mawi.nezu.wide.ad.jp/mawi/samplepoint-F/2010/201008011400.dump.gz,27220366,27130815,16152044,7210612
http://mawi.nezu.wide.ad.jp/mawi/samplepoint-F/2010/201008021400.dump.gz,37381261,37127782,24837133,8425084
http://mawi.nezu.wide.ad.jp/mawi/samplepoint-F/2010/201008031400.dump.gz,31876894,31747987,20383652,8041054
http://mawi.nezu.wide.ad.jp/mawi/samplepoint-F/2010/201008041400.dump.gz,34401865,34280676,22503109,7917207
http://mawi.nezu.wide.ad.jp/mawi/samplepoint-F/2010/201008051400.dump.gz,33073610,32935253,21042565,8144303
http://mawi.nezu.wide.ad.jp/mawi/samplepoint-F/2010/201008061400.dump.gz,38237386,38148656,23936943,9759055
http://mawi.nezu.wide.ad.jp/mawi/samplepoint-F/2010/201008071400.dump.gz,28680565,28587108,15801261,8645064
http://mawi.nezu.wide.ad.jp/mawi/samplepoint-F/2010/201008081400.dump.gz,29647203,29572637,17685699,8270216
http://mawi.nezu.wide.ad.jp/mawi/samplepoint-F/2010/201008091400.dump.gz,28769361,28688189,17662849,7000323
http://mawi.nezu.wide.ad.jp/mawi/samplepoint-F/2010/201008101400.dump.gz,32083499,31964202,20611767,7246018
http://mawi.nezu.wide.ad.jp/mawi/samplepoint-F/2010/201008111400.dump.gz,32186723,32122688,21080873,7890940
http://mawi.nezu.wide.ad.jp/mawi/samplepoint-F/2010/201008121400.dump.gz,32399923,32319737,21322925,7404068
http://mawi.nezu.wide.ad.jp/mawi/samplepoint-F/2010/201008131400.dump.gz,32656214,32611906,22400605,6354491
http://mawi.nezu.wide.ad.jp/mawi/samplepoint-F/2010/201008141400.dump.gz,26793631,26647692,15785957,7513577
http://mawi.nezu.wide.ad.jp/mawi/samplepoint-F/2010/201008151400.dump.gz,25619501,25537245,15540810,7106681
http://mawi.nezu.wide.ad.jp/mawi/samplepoint-F/2010/201008161400.dump.gz,33878901,33790518,22416390,8253514
http://mawi.nezu.wide.ad.jp/mawi/samplepoint-F/2010/201008171400.dump.gz,31418850,31241904,20673884,7407880
http://mawi.nezu.wide.ad.jp/mawi/samplepoint-F/2010/201008181400.dump.gz,37971691,37913692,22414610,11827790
http://mawi.nezu.wide.ad.jp/mawi/samplepoint-F/2010/201008191400.dump.gz,36627628,36550825,26000010,7629313
http://mawi.nezu.wide.ad.jp/mawi/samplepoint-F/2010/201008201400.dump.gz,32974427,32798782,24580693,5966921
http://mawi.nezu.wide.ad.jp/mawi/samplepoint-F/2010/201008211400.dump.gz,32575764,32516856,22972701,6308586
http://mawi.nezu.wide.ad.jp/mawi/samplepoint-F/2010/201008221400.dump.gz,31142031,31067307,15597746,12434926
http://mawi.nezu.wide.ad.jp/mawi/samplepoint-F/2010/201008231400.dump.gz,35233023,35153350,20343177,11687631
http://mawi.nezu.wide.ad.jp/mawi/samplepoint-F/2010/201008241400.dump.gz,28715363,28665696,19760269,6395290
http://mawi.nezu.wide.ad.jp/mawi/samplepoint-F/2010/201008251400.dump.gz,29888810,29804473,20155775,6973932
http://mawi.nezu.wide.ad.jp/mawi/samplepoint-F/2010/201008261400.dump.gz,39755962,39589235,30079437,6680616
http://mawi.nezu.wide.ad.jp/mawi/samplepoint-F/2010/201008271400.dump.gz,37264765,37142453,25975397,7599089
http://mawi.nezu.wide.ad.jp/mawi/samplepoint-F/2010/201008281400.dump.gz,28502643,28377838,18307625,6882849
http://mawi.nezu.wide.ad.jp/mawi/samplepoint-F/2010/201008291400.dump.gz,32196545,32045885,21875781,6885319
http://mawi.nezu.wide.ad.jp/mawi/samplepoint-F/2010/201008301400.dump.gz,29790632,29672861,20267714,6663592
http://mawi.nezu.wide.ad.jp/mawi/samplepoint-F/2010/201008311400.dump.gz,33285395,33143655,22509644,7914872
http://mawi.nezu.wide.ad.jp/mawi/samplepoint-F/2010/201009011400.dump.gz,35832718,35730468,25149938,7192399
http://mawi.nezu.wide.ad.jp/mawi/samplepoint-F/2010/201009021400.dump.gz,31765011,31643324,20000374,8438959
http://mawi.nezu.wide.ad.jp/mawi/samplepoint-F/2010/201009031400.dump.gz,33771949,33705551,22439860,7795202
http://mawi.nezu.wide.ad.jp/mawi/samplepoint-F/2010/201009041400.dump.gz,31958588,31874345,19257669,9700931
http://mawi.nezu.wide.ad.jp/mawi/samplepoint-F/2010/201009051400.dump.gz,28664658,28569945,18282737,7303580
http://mawi.nezu.wide.ad.jp/mawi/samplepoint-F/2010/201009061400.dump.gz,30907603,30788668,20902146,6801747
http://mawi.nezu.wide.ad.jp/mawi/samplepoint-F/2010/201009071400.dump.gz,33407639,33300265,21975108,7813875
http://mawi.nezu.wide.ad.jp/mawi/samplepoint-F/2010/201009081400.dump.gz,35430746,35268127,25572632,6721588
http://mawi.nezu.wide.ad.jp/mawi/samplepoint-F/2010/201009091400.dump.gz,39374306,39227086,27236137,8798815
http://mawi.nezu.wide.ad.jp/mawi/samplepoint-F/2010/201009101400.dump.gz,37531772,37201709,26451264,7420527
http://mawi.nezu.wide.ad.jp/mawi/samplepoint-F/2010/201009111400.dump.gz,30608574,30489504,20223839,7152784
http://mawi.nezu.wide.ad.jp/mawi/samplepoint-F/2010/201009121400.dump.gz,30528605,30411284,20186641,7149756
http://mawi.nezu.wide.ad.jp/mawi/samplepoint-F/2010/201009131400.dump.gz,33473152,33171439,22270323,7627382
http://mawi.nezu.wide.ad.jp/mawi/samplepoint-F/2010/201009141400.dump.gz,35635324,35549222,24609802,7600803
http://mawi.nezu.wide.ad.jp/mawi/samplepoint-F/2010/201009151400.dump.gz,34748314,34672648,22469445,8641540
http://mawi.nezu.wide.ad.jp/mawi/samplepoint-F/2010/201009161400.dump.gz,33655008,33572572,20905166,9295576
http://mawi.nezu.wide.ad.jp/mawi/samplepoint-F/2010/201009171400.dump.gz,34697685,34598285,22883054,8047186
http://mawi.nezu.wide.ad.jp/mawi/samplepoint-F/2010/201009181400.dump.gz,29148123,29074789,18335151,7901149
http://mawi.nezu.wide.ad.jp/mawi/samplepoint-F/2010/201009191400.dump.gz,27314696,27209843,16614879,7636626
http://mawi.nezu.wide.ad.jp/mawi/samplepoint-F/2010/201009201400.dump.gz,30790580,30637631,21213362,6930047
http://mawi.nezu.wide.ad.jp/mawi/samplepoint-F/2010/201009211400.dump.gz,28291105,28190416,24220271,3173566
http://mawi.nezu.wide.ad.jp/mawi/samplepoint-F/2010/201009221400.dump.gz,25146977,25063435,20949423,3181986
http://mawi.nezu.wide.ad.jp/mawi/samplepoint-F/2010/201009231400.dump.gz,28763137,28653498,24436312,3552318
http://mawi.nezu.wide.ad.jp/mawi/samplepoint-F/2010/201009241400.dump.gz,34832062,34665802,26204358,7514765
http://mawi.nezu.wide.ad.jp/mawi/samplepoint-F/2010/201009261400.dump.gz,37245436,37114973,27837843,6528785
http://mawi.nezu.wide.ad.jp/mawi/samplepoint-F/2010/201009271400.dump.gz,30493577,30365759,25839861,3788751
http://mawi.nezu.wide.ad.jp/mawi/samplepoint-F/2010/201009281400.dump.gz,44428538,44335393,32523590,7891226
http://mawi.nezu.wide.ad.jp/mawi/samplepoint-F/2010/201009291400.dump.gz,34482642,34221712,28416976,4787773
http://mawi.nezu.wide.ad.jp/mawi/samplepoint-F/2010/201009301400.dump.gz,40161287,39970738,28217441,8118036
http://mawi.nezu.wide.ad.jp/mawi/samplepoint-F/2010/201010011400.dump.gz,130661182,130545089,11168960,116228103
http://mawi.nezu.wide.ad.jp/mawi/samplepoint-F/2010/201010021400.dump.gz,136607560,135940737,8262068,125022892
http://mawi.nezu.wide.ad.jp/mawi/samplepoint-F/2010/201010031400.dump.gz,128221674,127880296,8027639,117537062
http://mawi.nezu.wide.ad.jp/mawi/samplepoint-F/2010/201010041400.dump.gz,138509145,138334946,11894580,123710826
http://mawi.nezu.wide.ad.jp/mawi/samplepoint-F/2010/201010051400.dump.gz,136363931,136225252,11068081,123258389
http://mawi.nezu.wide.ad.jp/mawi/samplepoint-F/2010/201010061400.dump.gz,44462955,43437541,29148613,8367664
http://mawi.nezu.wide.ad.jp/mawi/samplepoint-F/2010/201010071400.dump.gz,42863209,41608803,26823560,9356583
http://mawi.nezu.wide.ad.jp/mawi/samplepoint-F/2010/201010081400.dump.gz,43114888,42075711,28106471,8445839
http://mawi.nezu.wide.ad.jp/mawi/samplepoint-F/2010/201010091400.dump.gz,46209585,45992558,33866678,7474012
http://mawi.nezu.wide.ad.jp/mawi/samplepoint-F/2010/201010101400.dump.gz,31673257,31465387,18967749,7990521
http://mawi.nezu.wide.ad.jp/mawi/samplepoint-F/2010/201010111400.dump.gz,36159804,35936317,23709251,8050263
http://mawi.nezu.wide.ad.jp/mawi/samplepoint-F/2010/201010121400.dump.gz,42533095,42021508,28540575,8309543
http://mawi.nezu.wide.ad.jp/mawi/samplepoint-F/2010/201010131400.dump.gz,40041083,39868317,27035698,8219310
http://mawi.nezu.wide.ad.jp/mawi/samplepoint-F/2010/201010141400.dump.gz,46412165,46058351,32046556,9317046
http://mawi.nezu.wide.ad.jp/mawi/samplepoint-F/2010/201010151400.dump.gz,36129432,35954064,24397296,8079853
http://mawi.nezu.wide.ad.jp/mawi/samplepoint-F/2010/201010161400.dump.gz,30412330,30139075,16661073,9446472
http://mawi.nezu.wide.ad.jp/mawi/samplepoint-F/2010/201010171400.dump.gz,32269487,32123292,18183557,9400296
http://mawi.nezu.wide.ad.jp/mawi/samplepoint-F/2010/201010181400.dump.gz,56187284,56020075,27705397,23255707
http://mawi.nezu.wide.ad.jp/mawi/samplepoint-F/2010/201010191400.dump.gz,38168472,38015506,26237179,7834232
http://mawi.nezu.wide.ad.jp/mawi/samplepoint-F/2010/201010201400.dump.gz,42547221,42330792,29519218,8423272
http://mawi.nezu.wide.ad.jp/mawi/samplepoint-F/2010/201010211400.dump.gz,43436388,43197074,30295881,8505502
http://mawi.nezu.wide.ad.jp/mawi/samplepoint-F/2010/201010221400.dump.gz,45898823,45724395,34178335,7148724
http://mawi.nezu.wide.ad.jp/mawi/samplepoint-F/2010/201010231400.dump.gz,34969701,34540856,22078259,7842162
http://mawi.nezu.wide.ad.jp/mawi/samplepoint-F/2010/201010241400.dump.gz,23258787,23073308,11815785,6546373
http://mawi.nezu.wide.ad.jp/mawi/samplepoint-F/2010/201010251400.dump.gz,42419050,42238931,30389287,7825200
http://mawi.nezu.wide.ad.jp/mawi/samplepoint-F/2010/201010261400.dump.gz,36749476,36589253,24248236,7854605
http://mawi.nezu.wide.ad.jp/mawi/samplepoint-F/2010/201010271400.dump.gz,38653528,38390085,26054391,8242084
http://mawi.nezu.wide.ad.jp/mawi/samplepoint-F/2010/201010281400.dump.gz,41697836,41529559,27123058,9157179
http://mawi.nezu.wide.ad.jp/mawi/samplepoint-F/2010/201010291400.dump.gz,40166291,39955189,26061649,8760193
http://mawi.nezu.wide.ad.jp/mawi/samplepoint-F/2010/201010301400.dump.gz,33064864,32884074,18542223,8662174
http://mawi.nezu.wide.ad.jp/mawi/samplepoint-F/2010/201010311400.dump.gz,40060660,39918043,25636192,9818169
http://mawi.nezu.wide.ad.jp/mawi/samplepoint-F/2010/201011011400.dump.gz,39565521,38903562,26688650,7746403
http://mawi.nezu.wide.ad.jp/mawi/samplepoint-F/2010/201011021400.dump.gz,34112668,33726949,27462999,4370352
http://mawi.nezu.wide.ad.jp/mawi/samplepoint-F/2010/201011030345.dump.gz,31291602,30997339,23988037,4916229
http://mawi.nezu.wide.ad.jp/mawi/samplepoint-F/2010/201011111400.dump.gz,40343924,39940663,27183914,8530098
http://mawi.nezu.wide.ad.jp/mawi/samplepoint-F/2010/201011121400.dump.gz,40246172,39925923,26012530,8900308
http://mawi.nezu.wide.ad.jp/mawi/samplepoint-F/2010/201011131400.dump.gz,31158830,31035379,18522594,7843914
http://mawi.nezu.wide.ad.jp/mawi/samplepoint-F/2010/201011141400.dump.gz,32214527,31921007,19074755,7959931
http://mawi.nezu.wide.ad.jp/mawi/samplepoint-F/2010/201011151400.dump.gz,40497876,40123950,28492264,6869377
http://mawi.nezu.wide.ad.jp/mawi/samplepoint-F/2010/201011161400.dump.gz,43811738,43395349,28623456,9833994
http://mawi.nezu.wide.ad.jp/mawi/samplepoint-F/2010/201011171400.dump.gz,43116727,42652559,30108179,7768479
http://mawi.nezu.wide.ad.jp/mawi/samplepoint-F/2010/201011181400.dump.gz,42864095,42513287,28553652,8351916
http://mawi.nezu.wide.ad.jp/mawi/samplepoint-F/2010/201011191400.dump.gz,41509590,40496381,26931601,8347347
http://mawi.nezu.wide.ad.jp/mawi/samplepoint-F/2010/201011201400.dump.gz,35358651,35172004,22566186,7879475
http://mawi.nezu.wide.ad.jp/mawi/samplepoint-F/2010/201011211400.dump.gz,41382602,41154535,27636009,8462917
http://mawi.nezu.wide.ad.jp/mawi/samplepoint-F/2010/201011221400.dump.gz,53745119,53384137,39658929,9145366
http://mawi.nezu.wide.ad.jp/mawi/samplepoint-F/2010/201011231400.dump.gz,40866579,40557628,30910935,5762319
http://mawi.nezu.wide.ad.jp/mawi/samplepoint-F/2010/201011241400.dump.gz,48105307,47889845,36145485,7638407
http://mawi.nezu.wide.ad.jp/mawi/samplepoint-F/2010/201011251400.dump.gz,54638634,54407543,40704808,8823355
http://mawi.nezu.wide.ad.jp/mawi/samplepoint-F/2010/201011261400.dump.gz,43781921,43525983,28421532,9326547
http://mawi.nezu.wide.ad.jp/mawi/samplepoint-F/2010/201011271400.dump.gz,40276491,40015020,27860021,7668349
http://mawi.nezu.wide.ad.jp/mawi/samplepoint-F/2010/201011281400.dump.gz,31641326,31477415,18024194,8326438
http://mawi.nezu.wide.ad.jp/mawi/samplepoint-F/2010/201011291400.dump.gz,41275391,41005362,30724516,6954147
http://mawi.nezu.wide.ad.jp/mawi/samplepoint-F/2010/201011301400.dump.gz,47175489,46846309,32484530,8516912
http://mawi.nezu.wide.ad.jp/mawi/samplepoint-F/2010/201012011400.dump.gz,47402527,47131678,34173143,7873251
http://mawi.nezu.wide.ad.jp/mawi/samplepoint-F/2010/201012021400.dump.gz,44282848,44084874,31941733,7445338
http://mawi.nezu.wide.ad.jp/mawi/samplepoint-F/2010/201012031400.dump.gz,36314810,36034967,29503080,4662757
http://mawi.nezu.wide.ad.jp/mawi/samplepoint-F/2010/201012041400.dump.gz,38237205,37420484,23979157,9202289
http://mawi.nezu.wide.ad.jp/mawi/samplepoint-F/2010/201012051400.dump.gz,30388762,30201710,17417786,7127084
http://mawi.nezu.wide.ad.jp/mawi/samplepoint-F/2010/201012061400.dump.gz,42737521,42546338,30110428,7942606
http://mawi.nezu.wide.ad.jp/mawi/samplepoint-F/2010/201012071400.dump.gz,50790138,50625239,33454839,11195224
http://mawi.nezu.wide.ad.jp/mawi/samplepoint-F/2010/201012081400.dump.gz,43879278,43593788,29084613,7759767
http://mawi.nezu.wide.ad.jp/mawi/samplepoint-F/2010/201012091400.dump.gz,44293070,43986344,29800751,7996404
http://mawi.nezu.wide.ad.jp/mawi/samplepoint-F/2010/201012101400.dump.gz,38421298,38160265,25070846,8069029
http://mawi.nezu.wide.ad.jp/mawi/samplepoint-F/2010/201012111400.dump.gz,32647009,32360473,23238859,7077374
http://mawi.nezu.wide.ad.jp/mawi/samplepoint-F/2010/201012121400.dump.gz,24929752,24127037,17454223,4723357
http://mawi.nezu.wide.ad.jp/mawi/samplepoint-F/2010/201012131400.dump.gz,38260072,38101991,31094250,5869408
http://mawi.nezu.wide.ad.jp/mawi/samplepoint-F/2010/201012141400.dump.gz,39568884,39347427,29784234,8440563
http://mawi.nezu.wide.ad.jp/mawi/samplepoint-F/2010/201012151400.dump.gz,38884414,38303396,32375063,4638772
http://mawi.nezu.wide.ad.jp/mawi/samplepoint-F/2010/201012161400.dump.gz,37683897,37515081,30350743,6011170
http://mawi.nezu.wide.ad.jp/mawi/samplepoint-F/2010/201012171400.dump.gz,32583941,32468831,25946754,5395738
http://mawi.nezu.wide.ad.jp/mawi/samplepoint-F/2010/201012181400.dump.gz,31731570,31539724,24475548,5663799
http://mawi.nezu.wide.ad.jp/mawi/samplepoint-F/2010/201012191400.dump.gz,26396633,26311411,18999028,5767414
http://mawi.nezu.wide.ad.jp/mawi/samplepoint-F/2010/201012201400.dump.gz,40712062,40398841,32912205,6002956
http://mawi.nezu.wide.ad.jp/mawi/samplepoint-F/2010/201012211400.dump.gz,37508147,37145788,30409409,5158143
http://mawi.nezu.wide.ad.jp/mawi/samplepoint-F/2010/201012221400.dump.gz,39372324,39077579,32348008,5429910
http://mawi.nezu.wide.ad.jp/mawi/samplepoint-F/2010/201012231400.dump.gz,31691890,31365115,25633188,4611668
http://mawi.nezu.wide.ad.jp/mawi/samplepoint-F/2010/201012241400.dump.gz,30731726,30454009,24429686,4565966
http://mawi.nezu.wide.ad.jp/mawi/samplepoint-F/2010/201012251400.dump.gz,31116454,30293289,24271046,4303959
http://mawi.nezu.wide.ad.jp/mawi/samplepoint-F/2010/201012261400.dump.gz,24084585,23979877,18052230,4538896
http://mawi.nezu.wide.ad.jp/mawi/samplepoint-F/2010/201012271400.dump.gz,30954993,30616194,24606685,4509333
http://mawi.nezu.wide.ad.jp/mawi/samplepoint-F/2010/201012281400.dump.gz,35584990,35427379,29547408,4369312
http://mawi.nezu.wide.ad.jp/mawi/samplepoint-F/2010/201012291400.dump.gz,24501049,24234011,18846946,4179551
http://mawi.nezu.wide.ad.jp/mawi/samplepoint-F/2010/201012301400.dump.gz,42697870,42606477,37474887,4281100
