url,total,ip,tcp,udp
http://mawi.nezu.wide.ad.jp/mawi/samplepoint-F/2009/200812311400.dump.gz,15340486,14543473,11410888,2569739
http://mawi.nezu.wide.ad.jp/mawi/samplepoint-F/2009/200901011400.dump.gz,9614026,9363019,7258605,1700792
http://mawi.nezu.wide.ad.jp/mawi/samplepoint-F/2009/200901021400.dump.gz,13400433,12698866,10455977,1864195
http://mawi.nezu.wide.ad.jp/mawi/samplepoint-F/2009/200901031400.dump.gz,13640163,12835892,9788680,2494744
http://mawi.nezu.wide.ad.jp/mawi/samplepoint-F/2009/200901041400.dump.gz,14171611,14056601,11264351,2259895
http://mawi.nezu.wide.ad.jp/mawi/samplepoint-F/2009/200901051400.dump.gz,12751191,12703877,10202792,1920288
http://mawi.nezu.wide.ad.jp/mawi/samplepoint-F/2009/200901061400.dump.gz,19101771,18839208,15497759,2569393
http://mawi.nezu.wide.ad.jp/mawi/samplepoint-F/2009/200901071400.dump.gz,17851284,17194884,13617924,3127526
http://mawi.nezu.wide.ad.jp/mawi/samplepoint-F/2009/200901081400.dump.gz,20678159,19613133,16052353,2645261
http://mawi.nezu.wide.ad.jp/mawi/samplepoint-F/2009/200901091400.dump.gz,20518350,20129536,16437366,3009690
http://mawi.nezu.wide.ad.jp/mawi/samplepoint-F/2009/200901101400.dump.gz,20053477,19160817,14528263,4096803
http://mawi.nezu.wide.ad.jp/mawi/samplepoint-F/2009/200901111400.dump.gz,15619935,14599500,11781639,2219758
http://mawi.nezu.wide.ad.jp/mawi/samplepoint-F/2009/200901121400.dump.gz,19320079,18424956,13873573,3568214
http://mawi.nezu.wide.ad.jp/mawi/samplepoint-F/2009/200901131400.dump.gz,20679956,20065253,17141608,2364340
http://mawi.nezu.wide.ad.jp/mawi/samplepoint-F/2009/200901141400.dump.gz,18750819,17745280,14657813,2325851
http://mawi.nezu.wide.ad.jp/mawi/samplepoint-F/2009/200901151400.dump.gz,19274528,17810256,14434261,2763590
http://mawi.nezu.wide.ad.jp/mawi/samplepoint-F/2009/200901161400.dump.gz,18671299,18502927,14864390,2709212
http://mawi.nezu.wide.ad.jp/mawi/samplepoint-F/2009/200901171400.dump.gz,19714758,19226136,14633940,2562787
http://mawi.nezu.wide.ad.jp/mawi/samplepoint-F/2009/200901181400.dump.gz,13586204,13563312,10362579,2786691
http://mawi.nezu.wide.ad.jp/mawi/samplepoint-F/2009/200901191400.dump.gz,20239144,20210073,16153203,3321546
http://mawi.nezu.wide.ad.jp/mawi/samplepoint-F/2009/200901201400.dump.gz,20579304,20551612,17067875,2853744
http://mawi.nezu.wide.ad.jp/mawi/samplepoint-F/2009/200901211400.dump.gz,18463298,18426434,13919240,4055872
http://mawi.nezu.wide.ad.jp/mawi/samplepoint-F/2009/200901221400.dump.gz,20533466,20489020,16365521,3624421
http://mawi.nezu.wide.ad.jp/mawi/samplepoint-F/2009/200901231400.dump.gz,19774682,19606541,15183426,3960726
http://mawi.nezu.wide.ad.jp/mawi/samplepoint-F/2009/200901241400.dump.gz,14826079,14773439,11222593,3072300
http://mawi.nezu.wide.ad.jp/mawi/samplepoint-F/2009/200901251400.dump.gz,13387258,13355732,9352075,3347258
http://mawi.nezu.wide.ad.jp/mawi/samplepoint-F/2009/200901261400.dump.gz,19554075,19525783,14990829,3714442
http://mawi.nezu.wide.ad.jp/mawi/samplepoint-F/2009/200901271400.dump.gz,21149183,21109334,15827746,4609817
http://mawi.nezu.wide.ad.jp/mawi/samplepoint-F/2009/200901281400.dump.gz,19550810,19514502,15802445,3249596
http://mawi.nezu.wide.ad.jp/mawi/samplepoint-F/2009/200901291400.dump.gz,19845715,19817856,15524435,3427257
http://mawi.nezu.wide.ad.jp/mawi/samplepoint-F/2009/200901301400.dump.gz,16154598,16125402,12719615,2744438
http://mawi.nezu.wide.ad.jp/mawi/samplepoint-F/2009/200901311400.dump.gz,16724592,16658734,12861995,3047690
http://mawi.nezu.wide.ad.jp/mawi/samplepoint-F/2009/200902011400.dump.gz,13874096,13682149,10525078,2761824
http://mawi.nezu.wide.ad.jp/mawi/samplepoint-F/2009/200902021400.dump.gz,17904276,17833151,13821676,3158565
http://mawi.nezu.wide.ad.jp/mawi/samplepoint-F/2009/200902031400.dump.gz,18493600,18432428,14478816,3460712
http://mawi.nezu.wide.ad.jp/mawi/samplepoint-F/2009/200902041400.dump.gz,19771238,19710832,16415102,2522407
http://mawi.nezu.wide.ad.jp/mawi/samplepoint-F/2009/200902051400.dump.gz,20871213,20839642,16005926,4123241
http://mawi.nezu.wide.ad.jp/mawi/samplepoint-F/2009/200902061400.dump.gz,21429533,21394098,17413429,3265097
http://mawi.nezu.wide.ad.jp/mawi/samplepoint-F/2009/200902071400.dump.gz,19820281,19795044,15684855,3592932
http://mawi.nezu.wide.ad.jp/mawi/samplepoint-F/2009/200902081400.dump.gz,16838897,16809961,9785987,6565910
http://mawi.nezu.wide.ad.jp/mawi/samplepoint-F/2009/200902091400.dump.gz,20465121,20434958,17021249,2907487
http://mawi.nezu.wide.ad.jp/mawi/samplepoint-F/2009/200902101400.dump.gz,16416596,16326365,13383594,2430175
http://mawi.nezu.wide.ad.jp/mawi/samplepoint-F/2009/200902111400.dump.gz,17434301,17319320,13413326,2966208
http://mawi.nezu.wide.ad.jp/mawi/samplepoint-F/2009/200902121400.dump.gz,17117717,16967329,14353777,1766270
http://mawi.nezu.wide.ad.jp/mawi/samplepoint-F/2009/200902131400.dump.gz,17472522,16853544,14040666,2068425
http://mawi.nezu.wide.ad.jp/mawi/samplepoint-F/2009/200902141400.dump.gz,16821630,15806238,11970320,3194869
http://mawi.nezu.wide.ad.jp/mawi/samplepoint-F/2009/200902151400.dump.gz,13672375,13214099,10209684,2489053
http://mawi.nezu.wide.ad.jp/mawi/samplepoint-F/2009/200902161400.dump.gz,19581603,18984517,14872355,3600004
http://mawi.nezu.wide.ad.jp/mawi/samplepoint-F/2009/200902171400.dump.gz,22563966,22396470,19386648,2412535
http://mawi.nezu.wide.ad.jp/mawi/samplepoint-F/2009/200902181400.dump.gz,17557200,17274579,13788013,2791046
http://mawi.nezu.wide.ad.jp/mawi/samplepoint-F/2009/200902191400.dump.gz,18868545,18491941,15082261,2281410
http://mawi.nezu.wide.ad.jp/mawi/samplepoint-F/2009/200902201400.dump.gz,15571045,15063873,12514013,1951656
http://mawi.nezu.wide.ad.jp/mawi/samplepoint-F/2009/200902211400.dump.gz,16354527,15464392,11742521,3246909
http://mawi.nezu.wide.ad.jp/mawi/samplepoint-F/2009/200902221400.dump.gz,16670635,16507482,10794907,4323327
http://mawi.nezu.wide.ad.jp/mawi/samplepoint-F/2009/200902231400.dump.gz,15312713,15175726,12407854,2207310
http://mawi.nezu.wide.ad.jp/mawi/samplepoint-F/2009/200902241400.dump.gz,19397356,18954048,15864860,2518603
http://mawi.nezu.wide.ad.jp/mawi/samplepoint-F/2009/200902251400.dump.gz,18713631,18063199,14465270,2670749
http://mawi.nezu.wide.ad.jp/mawi/samplepoint-F/2009/200902261400.dump.gz,17549816,16521996,13365266,2463836
http://mawi.nezu.wide.ad.jp/mawi/samplepoint-F/2009/200902271400.dump.gz,16952232,15597251,12626690,2105230
http://mawi.nezu.wide.ad.jp/mawi/samplepoint-F/2009/200902281400.dump.gz,14448364,14417462,12095206,1781639
http://mawi.nezu.wide.ad.jp/mawi/samplepoint-F/2009/200903011400.dump.gz,16878198,15810886,11465972,3707015
http://mawi.nezu.wide.ad.jp/mawi/samplepoint-F/2009/200903021400.dump.gz,21130967,20965895,17911536,2136561
http://mawi.nezu.wide.ad.jp/mawi/samplepoint-F/2009/200903031400.dump.gz,20006738,19373259,16256809,2514605
http://mawi.nezu.wide.ad.jp/mawi/samplepoint-F/2009/200903041400.dump.gz,19730869,19215988,16410628,2344950
http://mawi.nezu.wide.ad.jp/mawi/samplepoint-F/2009/200903051400.dump.gz,23560922,23178137,19738640,2829435
http://mawi.nezu.wide.ad.jp/mawi/samplepoint-F/2009/200903061400.dump.gz,22319099,22036256,18077142,3232564
http://mawi.nezu.wide.ad.jp/mawi/samplepoint-F/2009/200903071400.dump.gz,21966378,21934657,18957899,2464967
http://mawi.nezu.wide.ad.jp/mawi/samplepoint-F/2009/200903081400.dump.gz,17508359,17470773,14570909,2198130
http://mawi.nezu.wide.ad.jp/mawi/samplepoint-F/2009/200903091400.dump.gz,20018111,19958830,16995458,2383239
http://mawi.nezu.wide.ad.jp/mawi/samplepoint-F/2009/200903101400.dump.gz,20442207,20400110,17250573,2459056
http://mawi.nezu.wide.ad.jp/mawi/samplepoint-F/2009/200903111400.dump.gz,18548920,18512939,15770778,2161465
http://mawi.nezu.wide.ad.jp/mawi/samplepoint-F/2009/200903121400.dump.gz,19481357,19444455,15643156,3080512
http://mawi.nezu.wide.ad.jp/mawi/samplepoint-F/2009/200903131400.dump.gz,15485413,15447866,12872291,2134225
http://mawi.nezu.wide.ad.jp/mawi/samplepoint-F/2009/200903141400.dump.gz,17868597,17834090,12790871,3484754
http://mawi.nezu.wide.ad.jp/mawi/samplepoint-F/2009/200903151400.dump.gz,13864260,13770316,11229456,1865041
http://mawi.nezu.wide.ad.jp/mawi/samplepoint-F/2009/200903161400.dump.gz,17934136,17821166,15450534,1870141
http://mawi.nezu.wide.ad.jp/mawi/samplepoint-F/2009/200903171400.dump.gz,17524964,17453906,13280419,3269742
http://mawi.nezu.wide.ad.jp/mawi/samplepoint-F/2009/200903181400.dump.gz,15502228,15425744,12475033,2358768
http://mawi.nezu.wide.ad.jp/mawi/samplepoint-F/2009/200903191400.dump.gz,15772512,15702224,11997211,2728777
http://mawi.nezu.wide.ad.jp/mawi/samplepoint-F/2009/200903201400.dump.gz,11860990,11824138,9741659,1335514
http://mawi.nezu.wide.ad.jp/mawi/samplepoint-F/2009/200903211400.dump.gz,15894324,15865981,11269501,3892215
http://mawi.nezu.wide.ad.jp/mawi/samplepoint-F/2009/200903221400.dump.gz,12390607,12364354,9651045,2085306
http://mawi.nezu.wide.ad.jp/mawi/samplepoint-F/2009/200903231400.dump.gz,15848357,15804773,12784149,2470661
http://mawi.nezu.wide.ad.jp/mawi/samplepoint-F/2009/200903241400.dump.gz,17818073,17733969,13770992,3494412
http://mawi.nezu.wide.ad.jp/mawi/samplepoint-F/2009/200903251400.dump.gz,15872659,15725684,12465866,2440876
http://mawi.nezu.wide.ad.jp/mawi/samplepoint-F/2009/200903261400.dump.gz,18125931,18091435,15170418,2153296
http://mawi.nezu.wide.ad.jp/mawi/samplepoint-F/2009/200903271400.dump.gz,16178134,16138458,13002011,2636479
http://mawi.nezu.wide.ad.jp/mawi/samplepoint-F/2009/200903281400.dump.gz,21413864,21384796,16668231,4279112
http://mawi.nezu.wide.ad.jp/mawi/samplepoint-F/2009/200903291400.dump.gz,18188144,18156369,15060188,2372285
http://mawi.nezu.wide.ad.jp/mawi/samplepoint-F/2009/200903301400.dump.gz,20557915,20522274,17792492,1917793
http://mawi.nezu.wide.ad.jp/mawi/samplepoint-F/2009/200903311400.dump.gz,16062745,16034259,12980987,2441569
http://mawi.nezu.wide.ad.jp/mawi/samplepoint-F/2009/200904011400.dump.gz,14555484,14519004,11983769,1861411
http://mawi.nezu.wide.ad.jp/mawi/samplepoint-F/2009/200904021400.dump.gz,19726255,19692590,15372705,3586361
http://mawi.nezu.wide.ad.jp/mawi/samplepoint-F/2009/200904031400.dump.gz,19767732,19739020,17260933,1991708
http://mawi.nezu.wide.ad.jp/mawi/samplepoint-F/2009/200904041400.dump.gz,15455466,15417788,11690266,3207777
http://mawi.nezu.wide.ad.jp/mawi/samplepoint-F/2009/200904051400.dump.gz,16543357,16514701,12077042,3962259
http://mawi.nezu.wide.ad.jp/mawi/samplepoint-F/2009/200904061400.dump.gz,17016886,16924930,14298997,1994665
http://mawi.nezu.wide.ad.jp/mawi/samplepoint-F/2009/200904071400.dump.gz,20188857,20122021,16000078,3668394
http://mawi.nezu.wide.ad.jp/mawi/samplepoint-F/2009/200904081400.dump.gz,19852769,19786734,15767062,3124840
http://mawi.nezu.wide.ad.jp/mawi/samplepoint-F/2009/200904091400.dump.gz,19907278,19869818,15234521,3882071
http://mawi.nezu.wide.ad.jp/mawi/samplepoint-F/2009/200904101400.dump.gz,21228837,21197268,17281320,3457416
http://mawi.nezu.wide.ad.jp/mawi/samplepoint-F/2009/200904111400.dump.gz,15183344,15151169,12689347,2046370
http://mawi.nezu.wide.ad.jp/mawi/samplepoint-F/2009/200904121400.dump.gz,14746184,14721749,11712019,2552547
http://mawi.nezu.wide.ad.jp/mawi/samplepoint-F/2009/200904131400.dump.gz,17136986,17099836,13398974,2595294
http://mawi.nezu.wide.ad.jp/mawi/samplepoint-F/2009/200904141400.dump.gz,21079296,21043570,16704717,3685756
http://mawi.nezu.wide.ad.jp/mawi/samplepoint-F/2009/200904151400.dump.gz,19545532,19387543,15137312,3692215
http://mawi.nezu.wide.ad.jp/mawi/samplepoint-F/2009/200904161400.dump.gz,17669299,17512194,13291286,3401024
http://mawi.nezu.wide.ad.jp/mawi/samplepoint-F/2009/200904171400.dump.gz,20530574,20262842,16935276,2535895
http://mawi.nezu.wide.ad.jp/mawi/samplepoint-F/2009/200904181400.dump.gz,18815189,18668006,14800942,3166813
http://mawi.nezu.wide.ad.jp/mawi/samplepoint-F/2009/200904191400.dump.gz,16747174,16362378,11119785,4439556
http://mawi.nezu.wide.ad.jp/mawi/samplepoint-F/2009/200904201400.dump.gz,28861152,28703610,23325251,4621162
http://mawi.nezu.wide.ad.jp/mawi/samplepoint-F/2009/200904211400.dump.gz,25364167,25212070,21691280,3001441
http://mawi.nezu.wide.ad.jp/mawi/samplepoint-F/2009/200904221400.dump.gz,22112052,21927013,17934562,3027165
http://mawi.nezu.wide.ad.jp/mawi/samplepoint-F/2009/200904231400.dump.gz,27526085,27273457,23005941,3202436
http://mawi.nezu.wide.ad.jp/mawi/samplepoint-F/2009/200904241400.dump.gz,48617922,48546009,31658747,15877264
http://mawi.nezu.wide.ad.jp/mawi/samplepoint-F/2009/200904251400.dump.gz,30826529,29822252,19891700,9058089
http://mawi.nezu.wide.ad.jp/mawi/samplepoint-F/2009/200904261400.dump.gz,24479792,24173045,15735606,7713260
http://mawi.nezu.wide.ad.jp/mawi/samplepoint-F/2009/200904271400.dump.gz,42551099,42068851,27562020,13345658
http://mawi.nezu.wide.ad.jp/mawi/samplepoint-F/2009/200904281400.dump.gz,42831242,42640697,30171759,11626351
http://mawi.nezu.wide.ad.jp/mawi/samplepoint-F/2009/200904291400.dump.gz,36335293,35952223,22448576,12814686
http://mawi.nezu.wide.ad.jp/mawi/samplepoint-F/2009/200904301400.dump.gz,34184554,34146740,23823264,9421335
http://mawi.nezu.wide.ad.jp/mawi/samplepoint-F/2009/200905011400.dump.gz,41772862,41735985,27954747,12591458
http://mawi.nezu.wide.ad.jp/mawi/samplepoint-F/2009/200905021400.dump.gz,21002626,20968756,14294843,5703724
http://mawi.nezu.wide.ad.jp/mawi/samplepoint-F/2009/200905031400.dump.gz,22909730,22878361,14688487,7611996
http://mawi.nezu.wide.ad.jp/mawi/samplepoint-F/2009/200905041400.dump.gz,35873596,35843114,22692973,12369035
http://mawi.nezu.wide.ad.jp/mawi/samplepoint-F/2009/200905051400.dump.gz,38428902,38390295,21001198,16606752
http://mawi.nezu.wide.ad.jp/mawi/samplepoint-F/2009/200905061400.dump.gz,33575553,33538201,19637554,12219649
http://mawi.nezu.wide.ad.jp/mawi/samplepoint-F/2009/200905071400.dump.gz,40314657,40278255,25757475,13669152
http://mawi.nezu.wide.ad.jp/mawi/samplepoint-F/2009/200905081400.dump.gz,39054924,39016720,25407589,12781688
http://mawi.nezu.wide.ad.jp/mawi/samplepoint-F/2009/200905091400.dump.gz,24147426,24116359,17810603,5388351
http://mawi.nezu.wide.ad.jp/mawi/samplepoint-F/2009/200905101400.dump.gz,23959727,23932372,16585474,6543595
http://mawi.nezu.wide.ad.jp/mawi/samplepoint-F/2009/200905111400.dump.gz,43999924,43931970,28114808,14991609
http://mawi.nezu.wide.ad.jp/mawi/samplepoint-F/2009/200905121400.dump.gz,29223587,29184836,21672042,6764965
http://mawi.nezu.wide.ad.jp/mawi/samplepoint-F/2009/200905131400.dump.gz,37384860,37353550,25049013,11653134
http://mawi.nezu.wide.ad.jp/mawi/samplepoint-F/2009/200905141400.dump.gz,32475025,32434270,23514530,7989760
http://mawi.nezu.wide.ad.jp/mawi/samplepoint-F/2009/200905151400.dump.gz,34929947,34857849,26017376,8024360
http://mawi.nezu.wide.ad.jp/mawi/samplepoint-F/2009/200905161400.dump.gz,25210102,25174365,16582110,7723317
http://mawi.nezu.wide.ad.jp/mawi/samplepoint-F/2009/200905171400.dump.gz,22817920,22776148,15989621,5966767
http://mawi.nezu.wide.ad.jp/mawi/samplepoint-F/2009/200905181400.dump.gz,30444367,30382163,21942734,7612815
http://mawi.nezu.wide.ad.jp/mawi/samplepoint-F/2009/200905191400.dump.gz,36860624,36818481,24941945,11111782
http://mawi.nezu.wide.ad.jp/mawi/samplepoint-F/2009/200905201400.dump.gz,39074370,39029329,25016628,13181175
http://mawi.nezu.wide.ad.jp/mawi/samplepoint-F/2009/200905211400.dump.gz,35117894,35072491,22536631,11734063
http://mawi.nezu.wide.ad.jp/mawi/samplepoint-F/2009/200905221400.dump.gz,40067015,40014846,29208768,10107947
http://mawi.nezu.wide.ad.jp/mawi/samplepoint-F/2009/200905231400.dump.gz,25662980,25514334,18229393,6646767
http://mawi.nezu.wide.ad.jp/mawi/samplepoint-F/2009/200905241400.dump.gz,28531515,28434169,19975595,6980678
http://mawi.nezu.wide.ad.jp/mawi/samplepoint-F/2009/200905251400.dump.gz,35058472,34983154,24302643,9920322
http://mawi.nezu.wide.ad.jp/mawi/samplepoint-F/2009/200905261400.dump.gz,36179016,36102385,25420075,9938198
http://mawi.nezu.wide.ad.jp/mawi/samplepoint-F/2009/200905271400.dump.gz,35588309,35528925,26462852,8380582
http://mawi.nezu.wide.ad.jp/mawi/samplepoint-F/2009/200905281400.dump.gz,30298957,30249416,22899443,6765867
http://mawi.nezu.wide.ad.jp/mawi/samplepoint-F/2009/200905291400.dump.gz,27486759,27440549,21673529,5075856
http://mawi.nezu.wide.ad.jp/mawi/samplepoint-F/2009/200905301400.dump.gz,23082250,22901307,16152599,6088105
http://mawi.nezu.wide.ad.jp/mawi/samplepoint-F/2009/200905311400.dump.gz,23235779,23077861,15868878,6361690
http://mawi.nezu.wide.ad.jp/mawi/samplepoint-F/2009/200906011400.dump.gz,38718582,38117075,25325445,11969276
http://mawi.nezu.wide.ad.jp/mawi/samplepoint-F/2009/200906021400.dump.gz,38681219,38632389,27093754,10768362
http://mawi.nezu.wide.ad.jp/mawi/samplepoint-F/2009/200906031400.dump.gz,34530846,34473176,23762257,10050595
http://mawi.nezu.wide.ad.jp/mawi/samplepoint-F/2009/200906041400.dump.gz,37642489,37584980,24896305,12004633
http://mawi.nezu.wide.ad.jp/mawi/samplepoint-F/2009/200906051400.dump.gz,39426877,39382559,26430450,12286131
http://mawi.nezu.wide.ad.jp/mawi/samplepoint-F/2009/200906061400.dump.gz,35262119,35206415,24584113,10040646
http://mawi.nezu.wide.ad.jp/mawi/samplepoint-F/2009/200906071400.dump.gz,24086612,24040252,14382863,9096640
http://mawi.nezu.wide.ad.jp/mawi/samplepoint-F/2009/200906081400.dump.gz,33983182,33759723,25099458,8085800
http://mawi.nezu.wide.ad.jp/mawi/samplepoint-F/2009/200906091400.dump.gz,34817466,34654123,23319642,10615438
http://mawi.nezu.wide.ad.jp/mawi/samplepoint-F/2009/200906101400.dump.gz,40152852,40118470,26978423,12479753
http://mawi.nezu.wide.ad.jp/mawi/samplepoint-F/2009/200906111400.dump.gz,36769573,36731052,25352844,10742497
http://mawi.nezu.wide.ad.jp/mawi/samplepoint-F/2009/200906121400.dump.gz,38463932,38306052,27215750,10306409
http://mawi.nezu.wide.ad.jp/mawi/samplepoint-F/2009/200906131400.dump.gz,31586254,31550507,22496575,8215212
http://mawi.nezu.wide.ad.jp/mawi/samplepoint-F/2009/200906141400.dump.gz,25377646,25351165,18344838,6280993
http://mawi.nezu.wide.ad.jp/mawi/samplepoint-F/2009/200906151400.dump.gz,40606172,40561833,26598309,13144728
http://mawi.nezu.wide.ad.jp/mawi/samplepoint-F/2009/200906161400.dump.gz,44420193,44387676,30538226,13066323
http://mawi.nezu.wide.ad.jp/mawi/samplepoint-F/2009/200906171400.dump.gz,42386158,42077711,29871979,11646846
http://mawi.nezu.wide.ad.jp/mawi/samplepoint-F/2009/200906181400.dump.gz,41453398,40973383,30720351,9437507
http://mawi.nezu.wide.ad.jp/mawi/samplepoint-F/2009/200906191400.dump.gz,42516036,42471001,32790173,9064656
http://mawi.nezu.wide.ad.jp/mawi/samplepoint-F/2009/200906201400.dump.gz,29816651,29783721,21727611,7267093
http://mawi.nezu.wide.ad.jp/mawi/samplepoint-F/2009/200906211400.dump.gz,24965352,24942064,18997694,5423714
http://mawi.nezu.wide.ad.jp/mawi/samplepoint-F/2009/200906221400.dump.gz,37800586,37773948,28925857,8233875
http://mawi.nezu.wide.ad.jp/mawi/samplepoint-F/2009/200906231400.dump.gz,39856583,39821131,29631809,9407204
http://mawi.nezu.wide.ad.jp/mawi/samplepoint-F/2009/200906241400.dump.gz,35772033,35740420,28592547,6571321
http://mawi.nezu.wide.ad.jp/mawi/samplepoint-F/2009/200906251400.dump.gz,37206929,37054295,29952278,6330039
http://mawi.nezu.wide.ad.jp/mawi/samplepoint-F/2009/200906261400.dump.gz,33635986,33607726,25114893,7835588
http://mawi.nezu.wide.ad.jp/mawi/samplepoint-F/2009/200906271400.dump.gz,19195456,19131004,14517904,4131747
http://mawi.nezu.wide.ad.jp/mawi/samplepoint-F/2009/200906281400.dump.gz,16512161,16488914,12486670,3547530
http://mawi.nezu.wide.ad.jp/mawi/samplepoint-F/2009/200906291400.dump.gz,25506420,25477160,20255802,4503191
http://mawi.nezu.wide.ad.jp/mawi/samplepoint-F/2009/200906301400.dump.gz,30549433,30377038,23901447,5679235
http://mawi.nezu.wide.ad.jp/mawi/samplepoint-F/2009/200907011400.dump.gz,30648974,30406967,24282351,5526855
http://mawi.nezu.wide.ad.jp/mawi/samplepoint-F/2009/200907021400.dump.gz,28739765,28440926,22495383,5049502
http://mawi.nezu.wide.ad.jp/mawi/samplepoint-F/2009/200907031400.dump.gz,30749291,30087237,24335999,5087309
http://mawi.nezu.wide.ad.jp/mawi/samplepoint-F/2009/200907041400.dump.gz,22806697,22351252,18505078,3152362
http://mawi.nezu.wide.ad.jp/mawi/samplepoint-F/2009/200907051400.dump.gz,20017366,19617014,14253517,4546003
http://mawi.nezu.wide.ad.jp/mawi/samplepoint-F/2009/200907061400.dump.gz,29073580,28424826,22706308,4821260
http://mawi.nezu.wide.ad.jp/mawi/samplepoint-F/2009/200907071400.dump.gz,28210823,28187203,22114785,5233833
http://mawi.nezu.wide.ad.jp/mawi/samplepoint-F/2009/200907081400.dump.gz,28486972,28275477,23204098,3997553
http://mawi.nezu.wide.ad.jp/mawi/samplepoint-F/2009/200907091400.dump.gz,27532012,27087211,20513558,5653399
http://mawi.nezu.wide.ad.jp/mawi/samplepoint-F/2009/200907101400.dump.gz,26379621,26115868,19371863,5583668
http://mawi.nezu.wide.ad.jp/mawi/samplepoint-F/2009/200907111400.dump.gz,22244200,21873049,17265476,4034126
http://mawi.nezu.wide.ad.jp/mawi/samplepoint-F/2009/200907121400.dump.gz,17389730,16635181,12746364,3334453
http://mawi.nezu.wide.ad.jp/mawi/samplepoint-F/2009/200907131400.dump.gz,24274768,23896464,17720686,5482556
http://mawi.nezu.wide.ad.jp/mawi/samplepoint-F/2009/200907141400.dump.gz,23626331,23117541,18252023,4126562
http://mawi.nezu.wide.ad.jp/mawi/samplepoint-F/2009/200907151400.dump.gz,26322225,25951662,21169813,4092710
http://mawi.nezu.wide.ad.jp/mawi/samplepoint-F/2009/200907161400.dump.gz,25484942,25212600,18133290,6185398
http://mawi.nezu.wide.ad.jp/mawi/samplepoint-F/2009/200907171400.dump.gz,26531775,26366017,17804529,7563499
http://mawi.nezu.wide.ad.jp/mawi/samplepoint-F/2009/200907181400.dump.gz,21624460,21294047,14597562,5852675
http://mawi.nezu.wide.ad.jp/mawi/samplepoint-F/2009/200907191400.dump.gz,19959887,19513289,12460748,5996366
http://mawi.nezu.wide.ad.jp/mawi/samplepoint-F/2009/200907201400.dump.gz,26993510,26644173,17875635,7731747
http://mawi.nezu.wide.ad.jp/mawi/samplepoint-F/2009/200907211400.dump.gz,26175602,26151876,18102561,6960776
http://mawi.nezu.wide.ad.jp/mawi/samplepoint-F/2009/200907221400.dump.gz,28058555,27315858,19564537,6365902
http://mawi.nezu.wide.ad.jp/mawi/samplepoint-F/2009/200907231400.dump.gz,27149481,27126596,20128863,6003126
http://mawi.nezu.wide.ad.jp/mawi/samplepoint-F/2009/200907241400.dump.gz,25689595,25665453,18373272,6255354
http://mawi.nezu.wide.ad.jp/mawi/samplepoint-F/2009/200907251400.dump.gz,24396361,24363739,17710961,5684305
http://mawi.nezu.wide.ad.jp/mawi/samplepoint-F/2009/200907261400.dump.gz,20259761,20243182,14022699,5392924
http://mawi.nezu.wide.ad.jp/mawi/samplepoint-F/2009/200907271400.dump.gz,26083776,26058794,18219353,6986561
http://mawi.nezu.wide.ad.jp/mawi/samplepoint-F/2009/200907281400.dump.gz,27510444,27470320,19053105,7480501
http://mawi.nezu.wide.ad.jp/mawi/samplepoint-F/2009/200907291400.dump.gz,26832950,26810056,18722318,7222333
http://mawi.nezu.wide.ad.jp/mawi/samplepoint-F/2009/200907301400.dump.gz,23688581,23655951,17794869,5014330
http://mawi.nezu.wide.ad.jp/mawi/samplepoint-F/2009/200907311400.dump.gz,22914238,22865358,17570087,4526350
http://mawi.nezu.wide.ad.jp/mawi/samplepoint-F/2009/200908011400.dump.gz,21930860,21914994,15631169,5537618
http://mawi.nezu.wide.ad.jp/mawi/samplepoint-F/2009/200908021400.dump.gz,15879778,15864684,10630539,4535175
http://mawi.nezu.wide.ad.jp/mawi/samplepoint-F/2009/200908031400.dump.gz,22212912,21982503,17831145,3408919
http://mawi.nezu.wide.ad.jp/mawi/samplepoint-F/2009/200908041400.dump.gz,24659545,24634414,19638737,4179272
http://mawi.nezu.wide.ad.jp/mawi/samplepoint-F/2009/200908051400.dump.gz,20689000,20662189,15939825,4002989
http://mawi.nezu.wide.ad.jp/mawi/samplepoint-F/2009/200908061400.dump.gz,25092607,25053742,19892288,4287326
http://mawi.nezu.wide.ad.jp/mawi/samplepoint-F/2009/200908071400.dump.gz,21557621,21437997,15673348,4819848
http://mawi.nezu.wide.ad.jp/mawi/samplepoint-F/2009/200908081400.dump.gz,18128376,18106378,12978444,4414419
http://mawi.nezu.wide.ad.jp/mawi/samplepoint-F/2009/200908091400.dump.gz,15764909,15744414,10435663,4613375
http://mawi.nezu.wide.ad.jp/mawi/samplepoint-F/2009/200908101400.dump.gz,21227060,21206190,15473400,4978507
http://mawi.nezu.wide.ad.jp/mawi/samplepoint-F/2009/200908111400.dump.gz,22135570,22114891,17010138,4473842
http://mawi.nezu.wide.ad.jp/mawi/samplepoint-F/2009/200908121400.dump.gz,21035450,20990192,15781482,4516938
http://mawi.nezu.wide.ad.jp/mawi/samplepoint-F/2009/200908131400.dump.gz,20274440,20255943,14910600,4876184
http://mawi.nezu.wide.ad.jp/mawi/samplepoint-F/2009/200908141400.dump.gz,19516203,19498962,14382822,4696948
http://mawi.nezu.wide.ad.jp/mawi/samplepoint-F/2009/200908151400.dump.gz,18027468,18012285,14331087,3046262
http://mawi.nezu.wide.ad.jp/mawi/samplepoint-F/2009/200908161400.dump.gz,16715618,16696938,12163348,3964104
http://mawi.nezu.wide.ad.jp/mawi/samplepoint-F/2009/200908171400.dump.gz,24873875,24846124,19790574,4380444
http://mawi.nezu.wide.ad.jp/mawi/samplepoint-F/2009/200908181400.dump.gz,31184236,31162530,26758332,3695540
http://mawi.nezu.wide.ad.jp/mawi/samplepoint-F/2009/200908191400.dump.gz,27812526,27786724,21172495,5423232
http://mawi.nezu.wide.ad.jp/mawi/samplepoint-F/2009/200908201400.dump.gz,27807706,27788195,22040350,4862235
http://mawi.nezu.wide.ad.jp/mawi/samplepoint-F/2009/200908211400.dump.gz,24489179,24459468,19394810,4263050
http://mawi.nezu.wide.ad.jp/mawi/samplepoint-F/2009/200908221400.dump.gz,26525579,26508182,18883427,6904131
http://mawi.nezu.wide.ad.jp/mawi/samplepoint-F/2009/200908231400.dump.gz,24208212,24191654,17101888,6109981
http://mawi.nezu.wide.ad.jp/mawi/samplepoint-F/2009/200908241400.dump.gz,27890417,27830662,22182145,4727646
http://mawi.nezu.wide.ad.jp/mawi/samplepoint-F/2009/200908251400.dump.gz,24189518,24121334,18396718,4774774
http://mawi.nezu.wide.ad.jp/mawi/samplepoint-F/2009/200908261400.dump.gz,25834708,25808798,19697596,5361852
http://mawi.nezu.wide.ad.jp/mawi/samplepoint-F/2009/200908271400.dump.gz,24953149,24931774,18000096,6165460
http://mawi.nezu.wide.ad.jp/mawi/samplepoint-F/2009/200908281400.dump.gz,23994354,23971746,18116651,5029170
http://mawi.nezu.wide.ad.jp/mawi/samplepoint-F/2009/200908291400.dump.gz,20277747,20255558,13150742,6328849
http://mawi.nezu.wide.ad.jp/mawi/samplepoint-F/2009/200908301400.dump.gz,17867022,17846311,11974821,5141665
http://mawi.nezu.wide.ad.jp/mawi/samplepoint-F/2009/200908311400.dump.gz,22265880,22230301,17178710,4174419
http://mawi.nezu.wide.ad.jp/mawi/samplepoint-F/2009/200909011400.dump.gz,25348995,25313129,18562891,5827315
http://mawi.nezu.wide.ad.jp/mawi/samplepoint-F/2009/200909021400.dump.gz,23402845,23378645,17029178,5539574
http://mawi.nezu.wide.ad.jp/mawi/samplepoint-F/2009/200909031400.dump.gz,21800427,21776950,16581073,4231138
http://mawi.nezu.wide.ad.jp/mawi/samplepoint-F/2009/200909041400.dump.gz,23191114,23169051,16990207,5361841
http://mawi.nezu.wide.ad.jp/mawi/samplepoint-F/2009/200909051400.dump.gz,22399088,22242484,15304041,6051554
http://mawi.nezu.wide.ad.jp/mawi/samplepoint-F/2009/200909061400.dump.gz,19905317,19884052,14211524,4780850
http://mawi.nezu.wide.ad.jp/mawi/samplepoint-F/2009/200909071400.dump.gz,28479720,28449664,21892667,5793343
http://mawi.nezu.wide.ad.jp/mawi/samplepoint-F/2009/200909081400.dump.gz,21421342,21379468,15687318,4923122
http://mawi.nezu.wide.ad.jp/mawi/samplepoint-F/2009/200909091400.dump.gz,26718153,26624181,19949308,5876269
http://mawi.nezu.wide.ad.jp/mawi/samplepoint-F/2009/200909101400.dump.gz,26277288,26234892,19872937,5511174
http://mawi.nezu.wide.ad.jp/mawi/samplepoint-F/2009/200909111400.dump.gz,26794941,26769025,19920152,6065078
http://mawi.nezu.wide.ad.jp/mawi/samplepoint-F/2009/200909121400.dump.gz,26204928,26184084,19521736,5825009
http://mawi.nezu.wide.ad.jp/mawi/samplepoint-F/2009/200909131400.dump.gz,21602240,21562897,15540796,5280055
http://mawi.nezu.wide.ad.jp/mawi/samplepoint-F/2009/200909141400.dump.gz,29305522,29280645,22062030,6422580
http://mawi.nezu.wide.ad.jp/mawi/samplepoint-F/2009/200909151400.dump.gz,29041991,28975263,22549371,5612020
http://mawi.nezu.wide.ad.jp/mawi/samplepoint-F/2009/200909161400.dump.gz,24320865,24285335,18787547,4638474
http://mawi.nezu.wide.ad.jp/mawi/samplepoint-F/2009/200909171400.dump.gz,28613213,28549271,21492615,6242851
http://mawi.nezu.wide.ad.jp/mawi/samplepoint-F/2009/200909181400.dump.gz,27814031,27713690,21383766,5480113
http://mawi.nezu.wide.ad.jp/mawi/samplepoint-F/2009/200909191400.dump.gz,26649559,26626756,19220245,6492551
http://mawi.nezu.wide.ad.jp/mawi/samplepoint-F/2009/200909201400.dump.gz,23377471,23360243,16365599,6049158
http://mawi.nezu.wide.ad.jp/mawi/samplepoint-F/2009/200909211400.dump.gz,28863176,28844176,21137712,6637464
http://mawi.nezu.wide.ad.jp/mawi/samplepoint-F/2009/200909221400.dump.gz,28958159,28915229,20479784,7477006
http://mawi.nezu.wide.ad.jp/mawi/samplepoint-F/2009/200909231400.dump.gz,31204506,31070709,22788965,7381645
http://mawi.nezu.wide.ad.jp/mawi/samplepoint-F/2009/200909241400.dump.gz,34009461,33968986,25173737,7817204
http://mawi.nezu.wide.ad.jp/mawi/samplepoint-F/2009/200909251400.dump.gz,37475960,37450142,27456047,8896093
http://mawi.nezu.wide.ad.jp/mawi/samplepoint-F/2009/200909261400.dump.gz,30620698,30589613,22976527,6832569
http://mawi.nezu.wide.ad.jp/mawi/samplepoint-F/2009/200909271400.dump.gz,28306708,28286511,19618139,7883731
http://mawi.nezu.wide.ad.jp/mawi/samplepoint-F/2009/200909281400.dump.gz,40692202,40517878,29393871,9840008
http://mawi.nezu.wide.ad.jp/mawi/samplepoint-F/2009/200909291400.dump.gz,39924625,39896030,29471739,9355563
http://mawi.nezu.wide.ad.jp/mawi/samplepoint-F/2009/200909301400.dump.gz,36600971,36440789,27199893,8339647
http://mawi.nezu.wide.ad.jp/mawi/samplepoint-F/2009/200910011400.dump.gz,36794446,36730116,25268104,10604806
http://mawi.nezu.wide.ad.jp/mawi/samplepoint-F/2009/200910021400.dump.gz,32674203,32646492,24820906,6896663
http://mawi.nezu.wide.ad.jp/mawi/samplepoint-F/2009/200910031400.dump.gz,27216539,27199712,19713119,6726339
http://mawi.nezu.wide.ad.jp/mawi/samplepoint-F/2009/200910041400.dump.gz,27088914,27073627,18138648,8122417
http://mawi.nezu.wide.ad.jp/mawi/samplepoint-F/2009/200910051400.dump.gz,34488776,34449280,24934213,8608738
http://mawi.nezu.wide.ad.jp/mawi/samplepoint-F/2009/200910061400.dump.gz,36724666,36687613,27291451,8499328
http://mawi.nezu.wide.ad.jp/mawi/samplepoint-F/2009/200910071400.dump.gz,35018458,34898900,26185867,7987758
http://mawi.nezu.wide.ad.jp/mawi/samplepoint-F/2009/200910081400.dump.gz,33366597,33281071,23786135,8848293
http://mawi.nezu.wide.ad.jp/mawi/samplepoint-F/2009/200910091400.dump.gz,99759671,99655626,27460498,71669229
http://mawi.nezu.wide.ad.jp/mawi/samplepoint-F/2009/200910101400.dump.gz,28259600,28164438,19696125,7798534
http://mawi.nezu.wide.ad.jp/mawi/samplepoint-F/2009/200910111400.dump.gz,25633497,25615481,16852834,8207261
http://mawi.nezu.wide.ad.jp/mawi/samplepoint-F/2009/200910121400.dump.gz,29008765,28962882,20159880,8173060
http://mawi.nezu.wide.ad.jp/mawi/samplepoint-F/2009/200910131400.dump.gz,36389938,36326150,26986226,8552529
http://mawi.nezu.wide.ad.jp/mawi/samplepoint-F/2009/200910141400.dump.gz,38794499,38744343,30505875,7398981
http://mawi.nezu.wide.ad.jp/mawi/samplepoint-F/2009/200910151400.dump.gz,35712914,35658067,26891358,8054122
http://mawi.nezu.wide.ad.jp/mawi/samplepoint-F/2009/200910161400.dump.gz,37443413,37380299,28238091,8379148
http://mawi.nezu.wide.ad.jp/mawi/samplepoint-F/2009/200910171400.dump.gz,20516350,20401078,17066183,2758718
http://mawi.nezu.wide.ad.jp/mawi/samplepoint-F/2009/200910181400.dump.gz,16524612,16508237,12857265,3033736
http://mawi.nezu.wide.ad.jp/mawi/samplepoint-F/2009/200910191400.dump.gz,37249134,37198584,29590510,6973180
http://mawi.nezu.wide.ad.jp/mawi/samplepoint-F/2009/200910201400.dump.gz,35957705,35828919,26647006,8523341
http://mawi.nezu.wide.ad.jp/mawi/samplepoint-F/2009/200910211400.dump.gz,42534260,42506484,30537360,11086018
http://mawi.nezu.wide.ad.jp/mawi/samplepoint-F/2009/200910221400.dump.gz,36493586,36467482,27933418,7911272
http://mawi.nezu.wide.ad.jp/mawi/samplepoint-F/2009/200910231400.dump.gz,37677966,37592265,29153303,7850771
http://mawi.nezu.wide.ad.jp/mawi/samplepoint-F/2009/200910241400.dump.gz,31469901,31448625,24092023,6730902
http://mawi.nezu.wide.ad.jp/mawi/samplepoint-F/2009/200910251400.dump.gz,24804462,24784324,16570978,7486625
http://mawi.nezu.wide.ad.jp/mawi/samplepoint-F/2009/200910261400.dump.gz,37507346,37470665,27637570,9188991
http://mawi.nezu.wide.ad.jp/mawi/samplepoint-F/2009/200910271400.dump.gz,39143294,39116666,27750578,10788947
http://mawi.nezu.wide.ad.jp/mawi/samplepoint-F/2009/200910281400.dump.gz,34707961,34684936,27248416,6323183
http://mawi.nezu.wide.ad.jp/mawi/samplepoint-F/2009/200910291400.dump.gz,32615997,32588405,24753541,6981072
http://mawi.nezu.wide.ad.jp/mawi/samplepoint-F/2009/200910301400.dump.gz,36370357,36340210,27816515,7580961
http://mawi.nezu.wide.ad.jp/mawi/samplepoint-F/2009/200910311400.dump.gz,30487937,30460631,22236341,7355455
http://mawi.nezu.wide.ad.jp/mawi/samplepoint-F/2009/200911011400.dump.gz,24229040,24200999,17081955,6335670
http://mawi.nezu.wide.ad.jp/mawi/samplepoint-F/2009/200911021400.dump.gz,35124443,35067833,24925582,9233387
http://mawi.nezu.wide.ad.jp/mawi/samplepoint-F/2009/200911031400.dump.gz,41618356,41533501,21464949,19293039
http://mawi.nezu.wide.ad.jp/mawi/samplepoint-F/2009/200911041400.dump.gz,35497107,35405173,25426002,9186293
http://mawi.nezu.wide.ad.jp/mawi/samplepoint-F/2009/200911051400.dump.gz,34576582,34517212,23338396,10436078
http://mawi.nezu.wide.ad.jp/mawi/samplepoint-F/2009/200911061400.dump.gz,36661015,36590028,26574693,9122131
http://mawi.nezu.wide.ad.jp/mawi/samplepoint-F/2009/200911071400.dump.gz,29440375,29417123,20438906,8141026
http://mawi.nezu.wide.ad.jp/mawi/samplepoint-F/2009/200911081400.dump.gz,25052612,25022087,16807923,7452710
http://mawi.nezu.wide.ad.jp/mawi/samplepoint-F/2009/200911091400.dump.gz,42772474,42742858,32108614,9856925
http://mawi.nezu.wide.ad.jp/mawi/samplepoint-F/2009/200911101400.dump.gz,36677633,36644614,27356406,8510277
http://mawi.nezu.wide.ad.jp/mawi/samplepoint-F/2009/200911111400.dump.gz,44085374,44064130,25820661,17367653
http://mawi.nezu.wide.ad.jp/mawi/samplepoint-F/2009/200911121400.dump.gz,56064532,56016105,30787818,24322829
http://mawi.nezu.wide.ad.jp/mawi/samplepoint-F/2009/200911131400.dump.gz,52807848,52760066,25688257,26211911
http://mawi.nezu.wide.ad.jp/mawi/samplepoint-F/2009/200911141400.dump.gz,29926222,29679346,20999763,7711806
http://mawi.nezu.wide.ad.jp/mawi/samplepoint-F/2009/200911151400.dump.gz,29032493,29013931,18292188,9947522
http://mawi.nezu.wide.ad.jp/mawi/samplepoint-F/2009/200911161400.dump.gz,36044593,36020420,26740771,8499062
http://mawi.nezu.wide.ad.jp/mawi/samplepoint-F/2009/200911171400.dump.gz,40351462,40321761,29816829,9467764
http://mawi.nezu.wide.ad.jp/mawi/samplepoint-F/2009/200911181400.dump.gz,41215037,41160917,29854861,10427904
http://mawi.nezu.wide.ad.jp/mawi/samplepoint-F/2009/200911191400.dump.gz,42976118,42938444,32264635,9677851
http://mawi.nezu.wide.ad.jp/mawi/samplepoint-F/2009/200911201400.dump.gz,24324952,24249624,18296972,5025029
http://mawi.nezu.wide.ad.jp/mawi/samplepoint-F/2009/200911211400.dump.gz,18461064,18367968,15615393,1929173
http://mawi.nezu.wide.ad.jp/mawi/samplepoint-F/2009/200911221400.dump.gz,17080332,17063878,14056009,2236909
http://mawi.nezu.wide.ad.jp/mawi/samplepoint-F/2009/200911231400.dump.gz,25758617,25739498,21932193,2907150
http://mawi.nezu.wide.ad.jp/mawi/samplepoint-F/2009/200911241400.dump.gz,28171459,28145863,22414778,4707042
http://mawi.nezu.wide.ad.jp/mawi/samplepoint-F/2009/200911251400.dump.gz,30747787,30658812,24578203,5063715
http://mawi.nezu.wide.ad.jp/mawi/samplepoint-F/2009/200911261400.dump.gz,29375765,29337389,23348646,5234513
http://mawi.nezu.wide.ad.jp/mawi/samplepoint-F/2009/200911271400.dump.gz,25190592,25158689,20243180,4111880
http://mawi.nezu.wide.ad.jp/mawi/samplepoint-F/2009/200911281400.dump.gz,19355725,19326146,15637808,2926367
http://mawi.nezu.wide.ad.jp/mawi/samplepoint-F/2009/200911291400.dump.gz,11091362,11059548,8915095,1554223
http://mawi.nezu.wide.ad.jp/mawi/samplepoint-F/2009/200911301400.dump.gz,25332423,25293958,21959571,2642010
http://mawi.nezu.wide.ad.jp/mawi/samplepoint-F/2009/200912011400.dump.gz,30650739,30615430,25704502,4174779
http://mawi.nezu.wide.ad.jp/mawi/samplepoint-F/2009/200912021400.dump.gz,28930202,28893286,25317968,2603302
http://mawi.nezu.wide.ad.jp/mawi/samplepoint-F/2009/200912031400.dump.gz,27911049,27786977,23947571,3057264
http://mawi.nezu.wide.ad.jp/mawi/samplepoint-F/2009/200912041400.dump.gz,27186438,27145707,23689638,2677284
http://mawi.nezu.wide.ad.jp/mawi/samplepoint-F/2009/200912061400.dump.gz,11540110,11509385,9231016,1920919
http://mawi.nezu.wide.ad.jp/mawi/samplepoint-F/2009/200912071400.dump.gz,23510917,23468871,19621527,3127739
http://mawi.nezu.wide.ad.jp/mawi/samplepoint-F/2009/200912081400.dump.gz,26464211,26424183,22533503,3330963
http://mawi.nezu.wide.ad.jp/mawi/samplepoint-F/2009/200912091400.dump.gz,26178368,26082983,21347445,3610158
http://mawi.nezu.wide.ad.jp/mawi/samplepoint-F/2009/200912101400.dump.gz,30363909,30245809,25115596,4444670
http://mawi.nezu.wide.ad.jp/mawi/samplepoint-F/2009/200912111400.dump.gz,29081671,28960637,25216901,2919136
http://mawi.nezu.wide.ad.jp/mawi/samplepoint-F/2009/200912121400.dump.gz,16229159,16200189,13508574,2101677
http://mawi.nezu.wide.ad.jp/mawi/samplepoint-F/2009/200912131400.dump.gz,12578732,12555612,9857057,2176426
http://mawi.nezu.wide.ad.jp/mawi/samplepoint-F/2009/200912141400.dump.gz,25739077,25711456,21226834,4003782
http://mawi.nezu.wide.ad.jp/mawi/samplepoint-F/2009/200912151400.dump.gz,28631482,28601308,23226157,4898189
http://mawi.nezu.wide.ad.jp/mawi/samplepoint-F/2009/200912161400.dump.gz,27806471,27779934,24436570,2859481
http://mawi.nezu.wide.ad.jp/mawi/samplepoint-F/2009/200912171400.dump.gz,25610524,25513597,22146599,2734764
http://mawi.nezu.wide.ad.jp/mawi/samplepoint-F/2009/200912181400.dump.gz,22618797,22487772,19371246,2647983
http://mawi.nezu.wide.ad.jp/mawi/samplepoint-F/2009/200912191400.dump.gz,18126143,18055208,14428379,3175556
http://mawi.nezu.wide.ad.jp/mawi/samplepoint-F/2009/200912201400.dump.gz,16818463,16794371,13813109,2537544
http://mawi.nezu.wide.ad.jp/mawi/samplepoint-F/2009/200912211400.dump.gz,28714169,28639812,25553182,2481740
http://mawi.nezu.wide.ad.jp/mawi/samplepoint-F/2009/200912221400.dump.gz,28113994,28081565,24097642,3268934
http://mawi.nezu.wide.ad.jp/mawi/samplepoint-F/2009/200912231400.dump.gz,27700331,27674760,24293835,2601297
http://mawi.nezu.wide.ad.jp/mawi/samplepoint-F/2009/200912241400.dump.gz,21758264,21727681,18248127,2759349
http://mawi.nezu.wide.ad.jp/mawi/samplepoint-F/2009/200912251400.dump.gz,17007491,16877041,13329084,2904960
http://mawi.nezu.wide.ad.jp/mawi/samplepoint-F/2009/200912261400.dump.gz,18150881,18123607,15379246,2070387
http://mawi.nezu.wide.ad.jp/mawi/samplepoint-F/2009/200912271400.dump.gz,15262330,15235268,11373584,3324691
http://mawi.nezu.wide.ad.jp/mawi/samplepoint-F/2009/200912281400.dump.gz,18845879,18814340,15407877,2444629
http://mawi.nezu.wide.ad.jp/mawi/samplepoint-F/2009/200912291400.dump.gz,18450375,18377593,15040247,2700091
http://mawi.nezu.wide.ad.jp/mawi/samplepoint-F/2009/200912301400.dump.gz,20084349,20021229,15216514,4076153
