url,total,ip,tcp,udp
http://mawi.nezu.wide.ad.jp/mawi/samplepoint-B/2001/200012311400.dump.gz,2998043,2992767,2055248,686191
http://mawi.nezu.wide.ad.jp/mawi/samplepoint-B/2001/200101011400.dump.gz,2997956,2988237,2295083,308051
http://mawi.nezu.wide.ad.jp/mawi/samplepoint-B/2001/200101021400.dump.gz,2998272,2992373,2010506,456480
http://mawi.nezu.wide.ad.jp/mawi/samplepoint-B/2001/200101031400.dump.gz,2997879,2987239,2354980,509119
http://mawi.nezu.wide.ad.jp/mawi/samplepoint-B/2001/200101041400.dump.gz,2997517,2986509,2305439,595257
http://mawi.nezu.wide.ad.jp/mawi/samplepoint-B/2001/200101061400.dump.gz,2997309,2979088,2653501,276905
http://mawi.nezu.wide.ad.jp/mawi/samplepoint-B/2001/200101071400.dump.gz,2997549,2980239,2681070,237517
http://mawi.nezu.wide.ad.jp/mawi/samplepoint-B/2001/200101081400.dump.gz,2997267,2982135,2467566,444497
http://mawi.nezu.wide.ad.jp/mawi/samplepoint-B/2001/200101091400.dump.gz,2996904,2969522,2594032,302444
http://mawi.nezu.wide.ad.jp/mawi/samplepoint-B/2001/200101101400.dump.gz,2997180,2974715,2563861,353615
http://mawi.nezu.wide.ad.jp/mawi/samplepoint-B/2001/200101111400.dump.gz,2997196,2969548,2641520,261446
http://mawi.nezu.wide.ad.jp/mawi/samplepoint-B/2001/200101121400.dump.gz,2997357,2975916,2555719,352817
http://mawi.nezu.wide.ad.jp/mawi/samplepoint-B/2001/200101131400.dump.gz,2997384,2977542,2626268,293399
http://mawi.nezu.wide.ad.jp/mawi/samplepoint-B/2001/200101141400.dump.gz,2997723,2987926,2337075,422616
http://mawi.nezu.wide.ad.jp/mawi/samplepoint-B/2001/200101151400.dump.gz,2996423,2955020,2659704,193453
http://mawi.nezu.wide.ad.jp/mawi/samplepoint-B/2001/200101161400.dump.gz,2992578,2939878,1539346,613610
http://mawi.nezu.wide.ad.jp/mawi/samplepoint-B/2001/200101171400.dump.gz,2996784,2969450,2645682,267761
http://mawi.nezu.wide.ad.jp/mawi/samplepoint-B/2001/200101181400.dump.gz,2997311,2975642,2511826,407369
http://mawi.nezu.wide.ad.jp/mawi/samplepoint-B/2001/200101191400.dump.gz,2997301,2977264,2533181,366223
http://mawi.nezu.wide.ad.jp/mawi/samplepoint-B/2001/200101201400.dump.gz,2997793,2986854,2489493,419193
http://mawi.nezu.wide.ad.jp/mawi/samplepoint-B/2001/200101211400.dump.gz,2997758,2984989,2417135,504976
http://mawi.nezu.wide.ad.jp/mawi/samplepoint-B/2001/200101221400.dump.gz,2996751,2962438,2633038,253918
http://mawi.nezu.wide.ad.jp/mawi/samplepoint-B/2001/200101231400.dump.gz,2996985,2974135,2424709,486832
http://mawi.nezu.wide.ad.jp/mawi/samplepoint-B/2001/200101241400.dump.gz,2996782,2958733,2641660,238366
http://mawi.nezu.wide.ad.jp/mawi/samplepoint-B/2001/200101251400.dump.gz,2996942,2969288,2695126,219521
http://mawi.nezu.wide.ad.jp/mawi/samplepoint-B/2001/200101261400.dump.gz,2996987,2967871,2627855,284798
http://mawi.nezu.wide.ad.jp/mawi/samplepoint-B/2001/200101271400.dump.gz,2997429,2980891,2337867,552634
http://mawi.nezu.wide.ad.jp/mawi/samplepoint-B/2001/200101281400.dump.gz,2997975,2989274,1934366,942317
http://mawi.nezu.wide.ad.jp/mawi/samplepoint-B/2001/200101291400.dump.gz,2997082,2962880,2479059,406346
http://mawi.nezu.wide.ad.jp/mawi/samplepoint-B/2001/200101301400.dump.gz,2996715,2967361,2374015,519406
http://mawi.nezu.wide.ad.jp/mawi/samplepoint-B/2001/200101311400.dump.gz,2996955,2968902,2552839,351403
http://mawi.nezu.wide.ad.jp/mawi/samplepoint-B/2001/200102011400.dump.gz,2996473,2966071,2552002,343613
http://mawi.nezu.wide.ad.jp/mawi/samplepoint-B/2001/200102021400.dump.gz,2997331,2977224,2539955,362158
http://mawi.nezu.wide.ad.jp/mawi/samplepoint-B/2001/200102031400.dump.gz,2997298,2973821,2587653,322701
http://mawi.nezu.wide.ad.jp/mawi/samplepoint-B/2001/200102041400.dump.gz,2997928,2987425,2465476,408176
http://mawi.nezu.wide.ad.jp/mawi/samplepoint-B/2001/200102051400.dump.gz,2997533,2963819,2623712,236409
http://mawi.nezu.wide.ad.jp/mawi/samplepoint-B/2001/200102061400.dump.gz,2996985,2972241,2545322,327294
http://mawi.nezu.wide.ad.jp/mawi/samplepoint-B/2001/200102071400.dump.gz,2997295,2972249,2521786,332431
http://mawi.nezu.wide.ad.jp/mawi/samplepoint-B/2001/200102081400.dump.gz,2997050,2964183,2490953,331645
http://mawi.nezu.wide.ad.jp/mawi/samplepoint-B/2001/200102091400.dump.gz,2996828,2968680,2527726,310355
http://mawi.nezu.wide.ad.jp/mawi/samplepoint-B/2001/200102101400.dump.gz,2997060,2976859,2462107,400403
http://mawi.nezu.wide.ad.jp/mawi/samplepoint-B/2001/200102111400.dump.gz,2997343,2984342,2347774,475420
http://mawi.nezu.wide.ad.jp/mawi/samplepoint-B/2001/200102121400.dump.gz,2997222,2978941,2381352,453114
http://mawi.nezu.wide.ad.jp/mawi/samplepoint-B/2001/200102131400.dump.gz,2996805,2974691,2436815,421499
http://mawi.nezu.wide.ad.jp/mawi/samplepoint-B/2001/200102141400.dump.gz,2997339,2974544,2497212,366370
http://mawi.nezu.wide.ad.jp/mawi/samplepoint-B/2001/200102151400.dump.gz,2997261,2973248,2441801,402073
http://mawi.nezu.wide.ad.jp/mawi/samplepoint-B/2001/200102161400.dump.gz,2997412,2985484,2098095,646496
http://mawi.nezu.wide.ad.jp/mawi/samplepoint-B/2001/200102171400.dump.gz,2997283,2980222,2271591,580395
http://mawi.nezu.wide.ad.jp/mawi/samplepoint-B/2001/200102181400.dump.gz,2997700,2987207,1983642,838738
http://mawi.nezu.wide.ad.jp/mawi/samplepoint-B/2001/200102191400.dump.gz,2997060,2972435,2337243,536148
http://mawi.nezu.wide.ad.jp/mawi/samplepoint-B/2001/200102201400.dump.gz,2996398,2971972,2165464,697402
http://mawi.nezu.wide.ad.jp/mawi/samplepoint-B/2001/200102231400.dump.gz,2997310,2980309,2527195,378628
http://mawi.nezu.wide.ad.jp/mawi/samplepoint-B/2001/200102241400.dump.gz,2997124,2978032,2362695,528719
http://mawi.nezu.wide.ad.jp/mawi/samplepoint-B/2001/200102251400.dump.gz,2997518,2987054,2566763,321436
http://mawi.nezu.wide.ad.jp/mawi/samplepoint-B/2001/200102261400.dump.gz,2996881,2965286,1977187,463797
http://mawi.nezu.wide.ad.jp/mawi/samplepoint-B/2001/200102271400.dump.gz,2997185,2981542,2312203,595837
http://mawi.nezu.wide.ad.jp/mawi/samplepoint-B/2001/200102281400.dump.gz,2996987,2975054,2437360,469192
http://mawi.nezu.wide.ad.jp/mawi/samplepoint-B/2001/200103011400.dump.gz,2996960,2977118,2383492,513843
http://mawi.nezu.wide.ad.jp/mawi/samplepoint-B/2001/200103021400.dump.gz,2997130,2980125,2451869,443909
http://mawi.nezu.wide.ad.jp/mawi/samplepoint-B/2001/200103031400.dump.gz,2998612,2989587,2944123,35675
http://mawi.nezu.wide.ad.jp/mawi/samplepoint-B/2001/200103041400.dump.gz,2997521,2984681,2126990,665848
http://mawi.nezu.wide.ad.jp/mawi/samplepoint-B/2001/200103051400.dump.gz,2996154,2957891,2472819,332530
http://mawi.nezu.wide.ad.jp/mawi/samplepoint-B/2001/200103061400.dump.gz,2997068,2974072,2170687,728011
http://mawi.nezu.wide.ad.jp/mawi/samplepoint-B/2001/200103131400.dump.gz,2996942,2972576,2479577,425656
http://mawi.nezu.wide.ad.jp/mawi/samplepoint-B/2001/200103141400.dump.gz,2996421,2960764,2543235,301149
http://mawi.nezu.wide.ad.jp/mawi/samplepoint-B/2001/200103151400.dump.gz,2997162,2971790,2508957,400879
http://mawi.nezu.wide.ad.jp/mawi/samplepoint-B/2001/200103161400.dump.gz,2997041,2972210,2586402,327768
http://mawi.nezu.wide.ad.jp/mawi/samplepoint-B/2001/200103171400.dump.gz,2996913,2968579,2268436,590491
http://mawi.nezu.wide.ad.jp/mawi/samplepoint-B/2001/200103181400.dump.gz,2998901,2966070,2446723,341233
http://mawi.nezu.wide.ad.jp/mawi/samplepoint-B/2001/200103191400.dump.gz,2997303,2973908,2465303,383404
http://mawi.nezu.wide.ad.jp/mawi/samplepoint-B/2001/200103201400.dump.gz,2997664,2985628,1852518,1007705
http://mawi.nezu.wide.ad.jp/mawi/samplepoint-B/2001/200103211400.dump.gz,2997471,2977174,2279696,565883
http://mawi.nezu.wide.ad.jp/mawi/samplepoint-B/2001/200103221400.dump.gz,2997242,2967777,2567170,329830
http://mawi.nezu.wide.ad.jp/mawi/samplepoint-B/2001/200103231400.dump.gz,2996738,2960377,2510931,322434
http://mawi.nezu.wide.ad.jp/mawi/samplepoint-B/2001/200103241400.dump.gz,2997448,2979320,2458212,467900
http://mawi.nezu.wide.ad.jp/mawi/samplepoint-B/2001/200103251400.dump.gz,2997983,2988681,2271148,641878
http://mawi.nezu.wide.ad.jp/mawi/samplepoint-B/2001/200103261400.dump.gz,2997032,2972844,2485152,323871
http://mawi.nezu.wide.ad.jp/mawi/samplepoint-B/2001/200103271400.dump.gz,2997154,2976680,2499679,411765
http://mawi.nezu.wide.ad.jp/mawi/samplepoint-B/2001/200103281400.dump.gz,2997264,2977695,2486482,377335
http://mawi.nezu.wide.ad.jp/mawi/samplepoint-B/2001/200103291400.dump.gz,2997439,2978579,2385897,534530
http://mawi.nezu.wide.ad.jp/mawi/samplepoint-B/2001/200103301400.dump.gz,2997430,2980646,2463459,450279
http://mawi.nezu.wide.ad.jp/mawi/samplepoint-B/2001/200103311400.dump.gz,2997644,2984940,2398113,509370
http://mawi.nezu.wide.ad.jp/mawi/samplepoint-B/2001/200104011400.dump.gz,2999237,2967183,1737650,949319
http://mawi.nezu.wide.ad.jp/mawi/samplepoint-B/2001/200104021400.dump.gz,2996744,2968921,2480221,422999
http://mawi.nezu.wide.ad.jp/mawi/samplepoint-B/2001/200104031400.dump.gz,2996639,2976163,2405815,500344
http://mawi.nezu.wide.ad.jp/mawi/samplepoint-B/2001/200104041400.dump.gz,2996878,2971172,2564305,347632
http://mawi.nezu.wide.ad.jp/mawi/samplepoint-B/2001/200104051400.dump.gz,2997064,2973830,2571057,347098
http://mawi.nezu.wide.ad.jp/mawi/samplepoint-B/2001/200104061400.dump.gz,2996732,2972771,2557553,350557
http://mawi.nezu.wide.ad.jp/mawi/samplepoint-B/2001/200104071400.dump.gz,2997241,2981224,2395617,469190
http://mawi.nezu.wide.ad.jp/mawi/samplepoint-B/2001/200104081400.dump.gz,2997875,2987861,2365600,460250
http://mawi.nezu.wide.ad.jp/mawi/samplepoint-B/2001/200104091400.dump.gz,2996799,2966360,2568224,331389
http://mawi.nezu.wide.ad.jp/mawi/samplepoint-B/2001/200104101400.dump.gz,2997146,2972763,2551917,352473
http://mawi.nezu.wide.ad.jp/mawi/samplepoint-B/2001/200104111400.dump.gz,2997413,2972281,2542948,337901
http://mawi.nezu.wide.ad.jp/mawi/samplepoint-B/2001/200104121400.dump.gz,2997058,2974287,2558227,354976
http://mawi.nezu.wide.ad.jp/mawi/samplepoint-B/2001/200104131400.dump.gz,2996997,2974937,2453060,340455
http://mawi.nezu.wide.ad.jp/mawi/samplepoint-B/2001/200104141400.dump.gz,2997457,2976336,2532384,335555
http://mawi.nezu.wide.ad.jp/mawi/samplepoint-B/2001/200104151400.dump.gz,2997565,2986143,2387198,471579
http://mawi.nezu.wide.ad.jp/mawi/samplepoint-B/2001/200104161400.dump.gz,2997255,2965711,2608941,282355
http://mawi.nezu.wide.ad.jp/mawi/samplepoint-B/2001/200104171400.dump.gz,2997349,2978347,2516300,393156
http://mawi.nezu.wide.ad.jp/mawi/samplepoint-B/2001/200104181400.dump.gz,2997142,2970287,2561690,346968
http://mawi.nezu.wide.ad.jp/mawi/samplepoint-B/2001/200104191400.dump.gz,2996953,2971349,2489568,380680
http://mawi.nezu.wide.ad.jp/mawi/samplepoint-B/2001/200104201400.dump.gz,2996934,2971716,2541056,360570
http://mawi.nezu.wide.ad.jp/mawi/samplepoint-B/2001/200104211400.dump.gz,2997539,2986378,2406526,483787
http://mawi.nezu.wide.ad.jp/mawi/samplepoint-B/2001/200104221400.dump.gz,2997862,2989066,2236013,593816
http://mawi.nezu.wide.ad.jp/mawi/samplepoint-B/2001/200104231400.dump.gz,2997517,2983604,2341701,553967
http://mawi.nezu.wide.ad.jp/mawi/samplepoint-B/2001/200104241400.dump.gz,2996678,2970324,2537798,379844
http://mawi.nezu.wide.ad.jp/mawi/samplepoint-B/2001/200104251400.dump.gz,2999315,2992294,170568,2812671
http://mawi.nezu.wide.ad.jp/mawi/samplepoint-B/2001/200104261400.dump.gz,2997109,2968111,2612910,285354
http://mawi.nezu.wide.ad.jp/mawi/samplepoint-B/2001/200104271400.dump.gz,2996716,2971329,2599757,305015
http://mawi.nezu.wide.ad.jp/mawi/samplepoint-B/2001/200104281400.dump.gz,2997272,2979826,2379375,467973
http://mawi.nezu.wide.ad.jp/mawi/samplepoint-B/2001/200104291400.dump.gz,2997851,2989758,2266959,587555
http://mawi.nezu.wide.ad.jp/mawi/samplepoint-B/2001/200104301400.dump.gz,2996780,2978382,2548610,351971
http://mawi.nezu.wide.ad.jp/mawi/samplepoint-B/2001/200105011400.dump.gz,2996933,2972536,2550263,358620
http://mawi.nezu.wide.ad.jp/mawi/samplepoint-B/2001/200105021400.dump.gz,2996805,2974695,2515344,401042
http://mawi.nezu.wide.ad.jp/mawi/samplepoint-B/2001/200105031400.dump.gz,2997361,2986865,2237335,649347
http://mawi.nezu.wide.ad.jp/mawi/samplepoint-B/2001/200105041400.dump.gz,2997550,2986650,2308530,557504
http://mawi.nezu.wide.ad.jp/mawi/samplepoint-B/2001/200105051400.dump.gz,2998895,2966592,2469399,304064
http://mawi.nezu.wide.ad.jp/mawi/samplepoint-B/2001/200105061400.dump.gz,2996459,2978457,2533530,361048
http://mawi.nezu.wide.ad.jp/mawi/samplepoint-B/2001/200105071400.dump.gz,2996500,2960813,2587085,288335
http://mawi.nezu.wide.ad.jp/mawi/samplepoint-B/2001/200105081400.dump.gz,2997207,2959106,2572134,243200
http://mawi.nezu.wide.ad.jp/mawi/samplepoint-B/2001/200105091400.dump.gz,2996864,2973211,2517634,380462
http://mawi.nezu.wide.ad.jp/mawi/samplepoint-B/2001/200105101400.dump.gz,2996617,2969582,2511950,391378
http://mawi.nezu.wide.ad.jp/mawi/samplepoint-B/2001/200105111400.dump.gz,2996876,2972788,2315996,485382
http://mawi.nezu.wide.ad.jp/mawi/samplepoint-B/2001/200105121400.dump.gz,2996414,2969938,2440544,414824
http://mawi.nezu.wide.ad.jp/mawi/samplepoint-B/2001/200105131400.dump.gz,2997197,2978990,2502098,378608
http://mawi.nezu.wide.ad.jp/mawi/samplepoint-B/2001/200105141400.dump.gz,2996458,2959492,2587293,290600
http://mawi.nezu.wide.ad.jp/mawi/samplepoint-B/2001/200105151400.dump.gz,2996806,2954526,2592418,232134
http://mawi.nezu.wide.ad.jp/mawi/samplepoint-B/2001/200105191400.dump.gz,2997063,2975164,2557537,367225
http://mawi.nezu.wide.ad.jp/mawi/samplepoint-B/2001/200105201400.dump.gz,2996853,2977271,2603677,308892
http://mawi.nezu.wide.ad.jp/mawi/samplepoint-B/2001/200105211400.dump.gz,2995380,2959734,2797551,106515
http://mawi.nezu.wide.ad.jp/mawi/samplepoint-B/2001/200105221400.dump.gz,2995211,2951896,2652026,158828
http://mawi.nezu.wide.ad.jp/mawi/samplepoint-B/2001/200105231400.dump.gz,2996437,2970731,2733923,202977
http://mawi.nezu.wide.ad.jp/mawi/samplepoint-B/2001/200105241400.dump.gz,2996737,2970349,2472792,441774
http://mawi.nezu.wide.ad.jp/mawi/samplepoint-B/2001/200105251400.dump.gz,2994334,2965212,2550399,353300
http://mawi.nezu.wide.ad.jp/mawi/samplepoint-B/2001/200105261400.dump.gz,2994443,2975410,2518420,368425
http://mawi.nezu.wide.ad.jp/mawi/samplepoint-B/2001/200105271400.dump.gz,2990121,2962863,2695349,120413
http://mawi.nezu.wide.ad.jp/mawi/samplepoint-B/2001/200105281400.dump.gz,2992566,2963743,2554528,328442
http://mawi.nezu.wide.ad.jp/mawi/samplepoint-B/2001/200105291400.dump.gz,2992830,2962076,2558144,326451
http://mawi.nezu.wide.ad.jp/mawi/samplepoint-B/2001/200105301400.dump.gz,2994660,2964140,2379110,337860
http://mawi.nezu.wide.ad.jp/mawi/samplepoint-B/2001/200105311400.dump.gz,2995139,2966321,2456670,322968
http://mawi.nezu.wide.ad.jp/mawi/samplepoint-B/2001/200106011400.dump.gz,2990935,2960293,2500180,397661
http://mawi.nezu.wide.ad.jp/mawi/samplepoint-B/2001/200106021400.dump.gz,2995537,2975982,2533827,387099
http://mawi.nezu.wide.ad.jp/mawi/samplepoint-B/2001/200106031400.dump.gz,2996894,2988073,2308916,617816
http://mawi.nezu.wide.ad.jp/mawi/samplepoint-B/2001/200106041400.dump.gz,2993878,2957373,2611467,280602
http://mawi.nezu.wide.ad.jp/mawi/samplepoint-B/2001/200106051400.dump.gz,2994163,2958227,2446078,429375
http://mawi.nezu.wide.ad.jp/mawi/samplepoint-B/2001/200106061400.dump.gz,2993211,2964762,2511025,388572
http://mawi.nezu.wide.ad.jp/mawi/samplepoint-B/2001/200106071400.dump.gz,2995694,2970047,2581863,333339
http://mawi.nezu.wide.ad.jp/mawi/samplepoint-B/2001/200106081400.dump.gz,2994191,2963148,2593520,305951
http://mawi.nezu.wide.ad.jp/mawi/samplepoint-B/2001/200106091400.dump.gz,2995399,2970347,2582267,340704
http://mawi.nezu.wide.ad.jp/mawi/samplepoint-B/2001/200106101400.dump.gz,2995109,2974093,2602158,312664
http://mawi.nezu.wide.ad.jp/mawi/samplepoint-B/2001/200106111400.dump.gz,2991706,2955733,2615668,273720
http://mawi.nezu.wide.ad.jp/mawi/samplepoint-B/2001/200106121400.dump.gz,2993819,2962224,2611858,294742
http://mawi.nezu.wide.ad.jp/mawi/samplepoint-B/2001/200106131400.dump.gz,2989990,2947991,2623528,259804
http://mawi.nezu.wide.ad.jp/mawi/samplepoint-B/2001/200106141400.dump.gz,2990614,2955860,2536038,349883
http://mawi.nezu.wide.ad.jp/mawi/samplepoint-B/2001/200106151400.dump.gz,2993205,2961481,2562686,326881
http://mawi.nezu.wide.ad.jp/mawi/samplepoint-B/2001/200106161400.dump.gz,2995945,2978638,2539961,348410
http://mawi.nezu.wide.ad.jp/mawi/samplepoint-B/2001/200106171400.dump.gz,2994480,2972570,2620699,270604
http://mawi.nezu.wide.ad.jp/mawi/samplepoint-B/2001/200106181400.dump.gz,2992117,2950838,2647970,219966
http://mawi.nezu.wide.ad.jp/mawi/samplepoint-B/2001/200106191400.dump.gz,2987145,2942996,2581936,254697
http://mawi.nezu.wide.ad.jp/mawi/samplepoint-B/2001/200106201400.dump.gz,2994853,2969546,2546793,369249
http://mawi.nezu.wide.ad.jp/mawi/samplepoint-B/2001/200106211400.dump.gz,2990448,2957171,2584056,304268
http://mawi.nezu.wide.ad.jp/mawi/samplepoint-B/2001/200106221400.dump.gz,2990413,2948129,2655545,214941
http://mawi.nezu.wide.ad.jp/mawi/samplepoint-B/2001/200106231400.dump.gz,2994679,2972574,2545914,377030
http://mawi.nezu.wide.ad.jp/mawi/samplepoint-B/2001/200106241400.dump.gz,2996129,2987446,2356813,519345
http://mawi.nezu.wide.ad.jp/mawi/samplepoint-B/2001/200106251400.dump.gz,2994636,2966963,2361054,335543
http://mawi.nezu.wide.ad.jp/mawi/samplepoint-B/2001/200106261400.dump.gz,2993022,2959387,2634042,256809
http://mawi.nezu.wide.ad.jp/mawi/samplepoint-B/2001/200106271400.dump.gz,2994885,2969226,2589281,332400
http://mawi.nezu.wide.ad.jp/mawi/samplepoint-B/2001/200106281400.dump.gz,2995370,2968932,2563647,351612
http://mawi.nezu.wide.ad.jp/mawi/samplepoint-B/2001/200106301400.dump.gz,2995147,2976068,2471050,464434
http://mawi.nezu.wide.ad.jp/mawi/samplepoint-B/2001/200107011400.dump.gz,2997063,2989004,2288020,636760
http://mawi.nezu.wide.ad.jp/mawi/samplepoint-B/2001/200107021400.dump.gz,2994475,2971576,2576984,350770
http://mawi.nezu.wide.ad.jp/mawi/samplepoint-B/2001/200107031400.dump.gz,2995316,2971991,2582153,332400
http://mawi.nezu.wide.ad.jp/mawi/samplepoint-B/2001/200107041400.dump.gz,2992210,2963036,2590162,312005
http://mawi.nezu.wide.ad.jp/mawi/samplepoint-B/2001/200107051400.dump.gz,2994812,2972109,2542720,365743
http://mawi.nezu.wide.ad.jp/mawi/samplepoint-B/2001/200107061400.dump.gz,2991449,2946559,2632196,207030
http://mawi.nezu.wide.ad.jp/mawi/samplepoint-B/2001/200107071400.dump.gz,2993530,2979599,2554466,366903
http://mawi.nezu.wide.ad.jp/mawi/samplepoint-B/2001/200107081400.dump.gz,2995429,2985507,2395246,530516
http://mawi.nezu.wide.ad.jp/mawi/samplepoint-B/2001/200107091400.dump.gz,2993066,2964101,2639506,277114
http://mawi.nezu.wide.ad.jp/mawi/samplepoint-B/2001/200107101400.dump.gz,2993073,2958928,2634440,248405
http://mawi.nezu.wide.ad.jp/mawi/samplepoint-B/2001/200107111400.dump.gz,2992404,2950258,1609044,1290653
http://mawi.nezu.wide.ad.jp/mawi/samplepoint-B/2001/200107121400.dump.gz,2991726,2961285,2625988,287282
http://mawi.nezu.wide.ad.jp/mawi/samplepoint-B/2001/200107131400.dump.gz,2993833,2970935,2644638,282503
http://mawi.nezu.wide.ad.jp/mawi/samplepoint-B/2001/200107141400.dump.gz,2994153,2978365,2516793,407742
http://mawi.nezu.wide.ad.jp/mawi/samplepoint-B/2001/200107151400.dump.gz,2995487,2975756,1828181,417758
http://mawi.nezu.wide.ad.jp/mawi/samplepoint-B/2001/200107161400.dump.gz,2985836,2953549,2594373,282866
http://mawi.nezu.wide.ad.jp/mawi/samplepoint-B/2001/200107171400.dump.gz,2995481,2970635,2618890,288127
http://mawi.nezu.wide.ad.jp/mawi/samplepoint-B/2001/200107181400.dump.gz,2989779,2958941,2587740,295443
http://mawi.nezu.wide.ad.jp/mawi/samplepoint-B/2001/200107191400.dump.gz,2987357,2959817,2519768,340078
http://mawi.nezu.wide.ad.jp/mawi/samplepoint-B/2001/200107201400.dump.gz,2990501,2966127,2530671,347604
http://mawi.nezu.wide.ad.jp/mawi/samplepoint-B/2001/200107211400.dump.gz,2981444,2949300,2587667,290023
http://mawi.nezu.wide.ad.jp/mawi/samplepoint-B/2001/200107221400.dump.gz,2992612,2977352,2514401,373581
http://mawi.nezu.wide.ad.jp/mawi/samplepoint-B/2001/200107231400.dump.gz,2991528,2958234,2644411,242104
http://mawi.nezu.wide.ad.jp/mawi/samplepoint-B/2001/200107241400.dump.gz,2992242,2959174,2608096,271546
http://mawi.nezu.wide.ad.jp/mawi/samplepoint-B/2001/200107251400.dump.gz,2990602,2953468,2599412,271254
http://mawi.nezu.wide.ad.jp/mawi/samplepoint-B/2001/200107261400.dump.gz,2992006,2953703,2539515,338276
http://mawi.nezu.wide.ad.jp/mawi/samplepoint-B/2001/200107271400.dump.gz,2990747,2953303,2557875,305672
http://mawi.nezu.wide.ad.jp/mawi/samplepoint-B/2001/200107281400.dump.gz,2993603,2978876,2466401,415856
http://mawi.nezu.wide.ad.jp/mawi/samplepoint-B/2001/200107291400.dump.gz,2993369,2980777,2315478,502440
http://mawi.nezu.wide.ad.jp/mawi/samplepoint-B/2001/200107301400.dump.gz,2998283,2989341,2641287,273740
http://mawi.nezu.wide.ad.jp/mawi/samplepoint-B/2001/200107311400.dump.gz,2986678,2961799,2537707,329914
http://mawi.nezu.wide.ad.jp/mawi/samplepoint-B/2001/200108011400.dump.gz,2991763,2969975,2501124,353448
http://mawi.nezu.wide.ad.jp/mawi/samplepoint-B/2001/200108021400.dump.gz,2992799,2964140,2459924,280463
http://mawi.nezu.wide.ad.jp/mawi/samplepoint-B/2001/200108031400.dump.gz,2995004,2972834,2491747,302468
http://mawi.nezu.wide.ad.jp/mawi/samplepoint-B/2001/200108041400.dump.gz,2995509,2980881,2391565,350705
http://mawi.nezu.wide.ad.jp/mawi/samplepoint-B/2001/200108051400.dump.gz,2995482,2983172,2307641,377185
http://mawi.nezu.wide.ad.jp/mawi/samplepoint-B/2001/200108061400.dump.gz,2995067,2965904,2566629,224629
http://mawi.nezu.wide.ad.jp/mawi/samplepoint-B/2001/200108071400.dump.gz,2994021,2964594,2502238,249358
http://mawi.nezu.wide.ad.jp/mawi/samplepoint-B/2001/200108081400.dump.gz,2992644,2969219,2458282,293663
http://mawi.nezu.wide.ad.jp/mawi/samplepoint-B/2001/200108091400.dump.gz,2995762,2978628,2373388,358179
http://mawi.nezu.wide.ad.jp/mawi/samplepoint-B/2001/200108101400.dump.gz,2995163,2976446,2386884,363142
http://mawi.nezu.wide.ad.jp/mawi/samplepoint-B/2001/200108111400.dump.gz,2996122,2987672,2268603,400524
http://mawi.nezu.wide.ad.jp/mawi/samplepoint-B/2001/200108121400.dump.gz,2997544,2992706,2218137,445348
http://mawi.nezu.wide.ad.jp/mawi/samplepoint-B/2001/200108131400.dump.gz,2995790,2984561,2317715,416376
http://mawi.nezu.wide.ad.jp/mawi/samplepoint-B/2001/200108141400.dump.gz,2995631,2978586,2454344,291928
http://mawi.nezu.wide.ad.jp/mawi/samplepoint-B/2001/200108151400.dump.gz,2995794,2980417,2368259,425785
http://mawi.nezu.wide.ad.jp/mawi/samplepoint-B/2001/200108161400.dump.gz,2995249,2972922,1741474,580382
http://mawi.nezu.wide.ad.jp/mawi/samplepoint-B/2001/200108171400.dump.gz,2993659,2961171,1691415,220523
http://mawi.nezu.wide.ad.jp/mawi/samplepoint-B/2001/200108181400.dump.gz,2995144,2978859,2487763,341943
http://mawi.nezu.wide.ad.jp/mawi/samplepoint-B/2001/200108191400.dump.gz,2995944,2982538,2431966,403401
http://mawi.nezu.wide.ad.jp/mawi/samplepoint-B/2001/200108201400.dump.gz,2993009,2960739,2497297,335854
http://mawi.nezu.wide.ad.jp/mawi/samplepoint-B/2001/200108211400.dump.gz,2990759,2955133,2251031,257477
http://mawi.nezu.wide.ad.jp/mawi/samplepoint-B/2001/200108221400.dump.gz,2993468,2966340,2521094,321386
http://mawi.nezu.wide.ad.jp/mawi/samplepoint-B/2001/200108231400.dump.gz,2993089,2968678,2522729,296882
http://mawi.nezu.wide.ad.jp/mawi/samplepoint-B/2001/200108241400.dump.gz,2994022,2966731,2531142,299054
http://mawi.nezu.wide.ad.jp/mawi/samplepoint-B/2001/200108251400.dump.gz,2994679,2980442,2427335,405239
http://mawi.nezu.wide.ad.jp/mawi/samplepoint-B/2001/200108261400.dump.gz,2996718,2986184,2495678,323647
http://mawi.nezu.wide.ad.jp/mawi/samplepoint-B/2001/200108271400.dump.gz,2994360,2970243,2543575,239079
http://mawi.nezu.wide.ad.jp/mawi/samplepoint-B/2001/200108281400.dump.gz,2992962,2967237,2549133,258000
http://mawi.nezu.wide.ad.jp/mawi/samplepoint-B/2001/200108291400.dump.gz,2992828,2968910,2549405,261370
http://mawi.nezu.wide.ad.jp/mawi/samplepoint-B/2001/200108301400.dump.gz,2988662,2953491,2630258,202218
http://mawi.nezu.wide.ad.jp/mawi/samplepoint-B/2001/200108311400.dump.gz,2989025,2964253,2573173,258893
http://mawi.nezu.wide.ad.jp/mawi/samplepoint-B/2001/200109011400.dump.gz,2987932,2959445,2488134,318628
http://mawi.nezu.wide.ad.jp/mawi/samplepoint-B/2001/200109021400.dump.gz,2991491,2967034,2582078,236378
http://mawi.nezu.wide.ad.jp/mawi/samplepoint-B/2001/200109031400.dump.gz,2991056,2967324,2486922,306893
http://mawi.nezu.wide.ad.jp/mawi/samplepoint-B/2001/200109041400.dump.gz,2991511,2965916,2485943,333402
http://mawi.nezu.wide.ad.jp/mawi/samplepoint-B/2001/200109051400.dump.gz,2992817,2970029,2532807,274022
http://mawi.nezu.wide.ad.jp/mawi/samplepoint-B/2001/200109061400.dump.gz,2992250,2964535,2623085,194937
http://mawi.nezu.wide.ad.jp/mawi/samplepoint-B/2001/200109071400.dump.gz,2991415,2955057,2611199,208098
http://mawi.nezu.wide.ad.jp/mawi/samplepoint-B/2001/200109081400.dump.gz,2991423,2970044,2558052,256603
http://mawi.nezu.wide.ad.jp/mawi/samplepoint-B/2001/200109091400.dump.gz,2989490,2970552,2513033,316227
http://mawi.nezu.wide.ad.jp/mawi/samplepoint-B/2001/200109101400.dump.gz,2993680,2966163,2515487,254794
http://mawi.nezu.wide.ad.jp/mawi/samplepoint-B/2001/200109111400.dump.gz,2967564,2926684,2579498,202689
http://mawi.nezu.wide.ad.jp/mawi/samplepoint-B/2001/200109121400.dump.gz,2973906,2932743,2493977,287064
http://mawi.nezu.wide.ad.jp/mawi/samplepoint-B/2001/200109131400.dump.gz,2973431,2933613,2293132,256484
http://mawi.nezu.wide.ad.jp/mawi/samplepoint-B/2001/200109141400.dump.gz,2979261,2938511,2293019,207788
http://mawi.nezu.wide.ad.jp/mawi/samplepoint-B/2001/200109151400.dump.gz,2977729,2950701,2305314,272264
http://mawi.nezu.wide.ad.jp/mawi/samplepoint-B/2001/200109161400.dump.gz,2986661,2972112,2566643,254018
http://mawi.nezu.wide.ad.jp/mawi/samplepoint-B/2001/200109171400.dump.gz,2973002,2927283,2421921,199283
http://mawi.nezu.wide.ad.jp/mawi/samplepoint-B/2001/200109181400.dump.gz,2956196,2919356,2569705,220678
http://mawi.nezu.wide.ad.jp/mawi/samplepoint-B/2001/200109191400.dump.gz,2992067,2954075,2552721,228911
http://mawi.nezu.wide.ad.jp/mawi/samplepoint-B/2001/200109201400.dump.gz,2992833,2957491,2478857,216343
http://mawi.nezu.wide.ad.jp/mawi/samplepoint-B/2001/200109211400.dump.gz,2995213,2968323,2391144,285789
http://mawi.nezu.wide.ad.jp/mawi/samplepoint-B/2001/200109221400.dump.gz,2994061,2967316,2436762,224401
http://mawi.nezu.wide.ad.jp/mawi/samplepoint-B/2001/200109231400.dump.gz,2995152,2980649,2088354,430281
http://mawi.nezu.wide.ad.jp/mawi/samplepoint-B/2001/200109241400.dump.gz,2995184,2977358,2429317,305904
http://mawi.nezu.wide.ad.jp/mawi/samplepoint-B/2001/200109251400.dump.gz,2991824,2954337,2499115,234562
http://mawi.nezu.wide.ad.jp/mawi/samplepoint-B/2001/200109261400.dump.gz,2991833,2940453,2563615,185080
http://mawi.nezu.wide.ad.jp/mawi/samplepoint-B/2001/200109271400.dump.gz,2991809,2953981,2524167,199105
http://mawi.nezu.wide.ad.jp/mawi/samplepoint-B/2001/200109281400.dump.gz,2986622,2935715,2057132,172439
http://mawi.nezu.wide.ad.jp/mawi/samplepoint-B/2001/200109291400.dump.gz,2983144,2949165,2032975,204206
http://mawi.nezu.wide.ad.jp/mawi/samplepoint-B/2001/200109301400.dump.gz,2992709,2964448,1262803,113942
http://mawi.nezu.wide.ad.jp/mawi/samplepoint-B/2001/200110011400.dump.gz,2991586,2958550,2482314,274661
http://mawi.nezu.wide.ad.jp/mawi/samplepoint-B/2001/200110021400.dump.gz,2990648,2940229,2122923,189934
http://mawi.nezu.wide.ad.jp/mawi/samplepoint-B/2001/200110031400.dump.gz,2992011,2948171,2172912,247685
http://mawi.nezu.wide.ad.jp/mawi/samplepoint-B/2001/200110041400.dump.gz,2985116,2928332,2509183,189657
http://mawi.nezu.wide.ad.jp/mawi/samplepoint-B/2001/200110051400.dump.gz,2985526,2941172,2295084,251544
http://mawi.nezu.wide.ad.jp/mawi/samplepoint-B/2001/200110061400.dump.gz,2994687,2972057,2385997,288983
http://mawi.nezu.wide.ad.jp/mawi/samplepoint-B/2001/200110071400.dump.gz,2993100,2978198,2370289,255179
http://mawi.nezu.wide.ad.jp/mawi/samplepoint-B/2001/200110081400.dump.gz,2994565,2975236,2461666,320989
http://mawi.nezu.wide.ad.jp/mawi/samplepoint-B/2001/200110091400.dump.gz,2993166,2958618,2363490,318321
http://mawi.nezu.wide.ad.jp/mawi/samplepoint-B/2001/200110101400.dump.gz,2989370,2950563,2358562,307669
http://mawi.nezu.wide.ad.jp/mawi/samplepoint-B/2001/200110111400.dump.gz,2992050,2933326,1494131,197882
http://mawi.nezu.wide.ad.jp/mawi/samplepoint-B/2001/200110121400.dump.gz,2984851,2944895,2453633,239589
http://mawi.nezu.wide.ad.jp/mawi/samplepoint-B/2001/200110131400.dump.gz,2992337,2967731,2318212,293281
http://mawi.nezu.wide.ad.jp/mawi/samplepoint-B/2001/200110141400.dump.gz,2997046,2989434,2932732,23866
http://mawi.nezu.wide.ad.jp/mawi/samplepoint-B/2001/200110151400.dump.gz,2986625,2941007,2543282,244528
http://mawi.nezu.wide.ad.jp/mawi/samplepoint-B/2001/200110161400.dump.gz,2995531,2948207,666651,2120794
http://mawi.nezu.wide.ad.jp/mawi/samplepoint-B/2001/200110171400.dump.gz,2996069,2955312,634440,2220280
http://mawi.nezu.wide.ad.jp/mawi/samplepoint-B/2001/200110181400.dump.gz,2982103,2922138,2663472,188581
http://mawi.nezu.wide.ad.jp/mawi/samplepoint-B/2001/200110191400.dump.gz,2990124,2927780,2642748,225344
http://mawi.nezu.wide.ad.jp/mawi/samplepoint-B/2001/200110201400.dump.gz,2993521,2961260,2571312,262976
http://mawi.nezu.wide.ad.jp/mawi/samplepoint-B/2001/200110211400.dump.gz,2990343,2964027,2568474,297703
http://mawi.nezu.wide.ad.jp/mawi/samplepoint-B/2001/200110221400.dump.gz,2985361,2922298,2598669,242669
http://mawi.nezu.wide.ad.jp/mawi/samplepoint-B/2001/200110231400.dump.gz,2987960,2921568,2602646,228314
http://mawi.nezu.wide.ad.jp/mawi/samplepoint-B/2001/200110241400.dump.gz,2989904,2927073,2613465,254683
http://mawi.nezu.wide.ad.jp/mawi/samplepoint-B/2001/200110251400.dump.gz,2988061,2928434,2626444,247753
http://mawi.nezu.wide.ad.jp/mawi/samplepoint-B/2001/200110261400.dump.gz,2984547,2913076,2661430,200813
http://mawi.nezu.wide.ad.jp/mawi/samplepoint-B/2001/200110271400.dump.gz,2992594,2956051,2655281,248950
http://mawi.nezu.wide.ad.jp/mawi/samplepoint-B/2001/200110281400.dump.gz,2994640,2973973,2543992,371753
http://mawi.nezu.wide.ad.jp/mawi/samplepoint-B/2001/200110291400.dump.gz,2986808,2921156,2533288,321809
http://mawi.nezu.wide.ad.jp/mawi/samplepoint-B/2001/200110301400.dump.gz,2990932,2924549,2630829,238402
http://mawi.nezu.wide.ad.jp/mawi/samplepoint-B/2001/200110311400.dump.gz,2987242,2900721,2668200,169673
http://mawi.nezu.wide.ad.jp/mawi/samplepoint-B/2001/200111011400.dump.gz,2977685,2887195,2621845,201358
http://mawi.nezu.wide.ad.jp/mawi/samplepoint-B/2001/200111021400.dump.gz,2987581,2917022,2588568,267346
http://mawi.nezu.wide.ad.jp/mawi/samplepoint-B/2001/200111031400.dump.gz,2989381,2956277,2637213,261232
http://mawi.nezu.wide.ad.jp/mawi/samplepoint-B/2001/200111041400.dump.gz,2993084,2960104,2269354,342488
http://mawi.nezu.wide.ad.jp/mawi/samplepoint-B/2001/200111051400.dump.gz,2982973,2896332,2563078,273827
http://mawi.nezu.wide.ad.jp/mawi/samplepoint-B/2001/200111061400.dump.gz,2983627,2892171,2571118,256329
http://mawi.nezu.wide.ad.jp/mawi/samplepoint-B/2001/200111071400.dump.gz,2985739,2907855,2643437,210002
http://mawi.nezu.wide.ad.jp/mawi/samplepoint-B/2001/200111081400.dump.gz,2975278,2885419,2629693,197121
http://mawi.nezu.wide.ad.jp/mawi/samplepoint-B/2001/200111091400.dump.gz,2986251,2902504,2582810,264382
http://mawi.nezu.wide.ad.jp/mawi/samplepoint-B/2001/200111101400.dump.gz,2982174,2933350,2480210,394071
http://mawi.nezu.wide.ad.jp/mawi/samplepoint-B/2001/200111111400.dump.gz,2986723,2942524,2659642,209819
http://mawi.nezu.wide.ad.jp/mawi/samplepoint-B/2001/200111121400.dump.gz,2984862,2908655,2635773,198198
http://mawi.nezu.wide.ad.jp/mawi/samplepoint-B/2001/200111131400.dump.gz,2987160,2915841,2296687,257039
http://mawi.nezu.wide.ad.jp/mawi/samplepoint-B/2001/200111141400.dump.gz,2987685,2918255,2234396,332142
http://mawi.nezu.wide.ad.jp/mawi/samplepoint-B/2001/200111151400.dump.gz,2987829,2926037,2288297,196831
http://mawi.nezu.wide.ad.jp/mawi/samplepoint-B/2001/200111161400.dump.gz,2987452,2911460,2333968,236163
http://mawi.nezu.wide.ad.jp/mawi/samplepoint-B/2001/200111171400.dump.gz,2991148,2941970,2617876,259142
http://mawi.nezu.wide.ad.jp/mawi/samplepoint-B/2001/200111181400.dump.gz,2990933,2957939,2640491,244287
http://mawi.nezu.wide.ad.jp/mawi/samplepoint-B/2001/200111191400.dump.gz,2987790,2915644,2640121,213104
http://mawi.nezu.wide.ad.jp/mawi/samplepoint-B/2001/200111201400.dump.gz,2989712,2927680,2622309,247325
http://mawi.nezu.wide.ad.jp/mawi/samplepoint-B/2001/200111211400.dump.gz,2987744,2938848,2592632,285585
http://mawi.nezu.wide.ad.jp/mawi/samplepoint-B/2001/200111221400.dump.gz,2983285,2917707,2676153,183764
http://mawi.nezu.wide.ad.jp/mawi/samplepoint-B/2001/200111231400.dump.gz,2988546,2945265,2610072,281958
http://mawi.nezu.wide.ad.jp/mawi/samplepoint-B/2001/200111241400.dump.gz,2991528,2948326,2529285,351263
http://mawi.nezu.wide.ad.jp/mawi/samplepoint-B/2001/200111251400.dump.gz,2983584,2934883,2679037,168250
http://mawi.nezu.wide.ad.jp/mawi/samplepoint-B/2001/200111261400.dump.gz,2985144,2913237,2700972,160066
http://mawi.nezu.wide.ad.jp/mawi/samplepoint-B/2001/200111271400.dump.gz,2981159,2899983,2643804,197325
http://mawi.nezu.wide.ad.jp/mawi/samplepoint-B/2001/200111281400.dump.gz,2986022,2914836,2620980,237238
http://mawi.nezu.wide.ad.jp/mawi/samplepoint-B/2001/200111291400.dump.gz,2985364,2917225,2641414,212473
http://mawi.nezu.wide.ad.jp/mawi/samplepoint-B/2001/200111301400.dump.gz,2991464,2941745,2691177,181787
http://mawi.nezu.wide.ad.jp/mawi/samplepoint-B/2001/200112011400.dump.gz,2992150,2961631,2679404,200208
http://mawi.nezu.wide.ad.jp/mawi/samplepoint-B/2001/200112021400.dump.gz,2995546,2978224,2616201,256477
http://mawi.nezu.wide.ad.jp/mawi/samplepoint-B/2001/200112031400.dump.gz,2989553,2911999,2695494,156579
http://mawi.nezu.wide.ad.jp/mawi/samplepoint-B/2001/200112041400.dump.gz,2983599,2903729,2726310,109890
http://mawi.nezu.wide.ad.jp/mawi/samplepoint-B/2001/200112051400.dump.gz,2987060,2911621,2698215,153039
http://mawi.nezu.wide.ad.jp/mawi/samplepoint-B/2001/200112061400.dump.gz,2987962,2919735,2653226,201416
http://mawi.nezu.wide.ad.jp/mawi/samplepoint-B/2001/200112071400.dump.gz,2992232,2942062,2694746,161303
http://mawi.nezu.wide.ad.jp/mawi/samplepoint-B/2001/200112081400.dump.gz,2989345,2935979,2487998,204189
http://mawi.nezu.wide.ad.jp/mawi/samplepoint-B/2001/200112091400.dump.gz,2992139,2942189,1371194,120409
http://mawi.nezu.wide.ad.jp/mawi/samplepoint-B/2001/200112101400.dump.gz,2983044,2904036,1821755,203548
http://mawi.nezu.wide.ad.jp/mawi/samplepoint-B/2001/200112111400.dump.gz,2987667,2919913,2541109,267602
http://mawi.nezu.wide.ad.jp/mawi/samplepoint-B/2001/200112121400.dump.gz,2979357,2915430,2615624,222344
http://mawi.nezu.wide.ad.jp/mawi/samplepoint-B/2001/200112131400.dump.gz,2988243,2931390,2582539,274880
http://mawi.nezu.wide.ad.jp/mawi/samplepoint-B/2001/200112141400.dump.gz,2994055,2941891,2712988,166707
http://mawi.nezu.wide.ad.jp/mawi/samplepoint-B/2001/200112151400.dump.gz,2999521,2998534,2723401,204530
http://mawi.nezu.wide.ad.jp/mawi/samplepoint-B/2001/200112161400.dump.gz,2999611,2999454,2767723,181285
http://mawi.nezu.wide.ad.jp/mawi/samplepoint-B/2001/200112171400.dump.gz,2986762,2916488,2639253,133105
http://mawi.nezu.wide.ad.jp/mawi/samplepoint-B/2001/200112181400.dump.gz,2998909,2992934,2791871,172766
http://mawi.nezu.wide.ad.jp/mawi/samplepoint-B/2001/200112191400.dump.gz,2997661,2984540,2741913,120805
http://mawi.nezu.wide.ad.jp/mawi/samplepoint-B/2001/200112201400.dump.gz,2998432,2990144,2742162,194301
http://mawi.nezu.wide.ad.jp/mawi/samplepoint-B/2001/200112211400.dump.gz,2997956,2987349,2358077,116754
http://mawi.nezu.wide.ad.jp/mawi/samplepoint-B/2001/200112221400.dump.gz,2998650,2991932,2349246,602986
http://mawi.nezu.wide.ad.jp/mawi/samplepoint-B/2001/200112231400.dump.gz,2997916,2989579,2242179,230079
http://mawi.nezu.wide.ad.jp/mawi/samplepoint-B/2001/200112241400.dump.gz,2997398,2989994,2728560,200134
http://mawi.nezu.wide.ad.jp/mawi/samplepoint-B/2001/200112251400.dump.gz,2998359,2991962,2685175,209430
http://mawi.nezu.wide.ad.jp/mawi/samplepoint-B/2001/200112261400.dump.gz,2996606,2983556,2760791,168339
http://mawi.nezu.wide.ad.jp/mawi/samplepoint-B/2001/200112271400.dump.gz,2996349,2974356,2770822,129343
http://mawi.nezu.wide.ad.jp/mawi/samplepoint-B/2001/200112281400.dump.gz,2995123,2979711,2748980,172684
http://mawi.nezu.wide.ad.jp/mawi/samplepoint-B/2001/200112291400.dump.gz,2994561,2976416,2727999,155807
http://mawi.nezu.wide.ad.jp/mawi/samplepoint-B/2001/200112301400.dump.gz,2997592,2986666,2897929,54166
