url,total,ip,tcp,udp
http://mawi.nezu.wide.ad.jp/mawi/samplepoint-B/2005/200501011400.dump.gz,3103414,3084170,2416457,432637
http://mawi.nezu.wide.ad.jp/mawi/samplepoint-B/2005/200501021400.dump.gz,3146322,3125064,2612903,380098
http://mawi.nezu.wide.ad.jp/mawi/samplepoint-B/2005/200501031400.dump.gz,4633664,4583448,3743671,498942
http://mawi.nezu.wide.ad.jp/mawi/samplepoint-B/2005/200501041400.dump.gz,5115338,5059217,4119258,569768
http://mawi.nezu.wide.ad.jp/mawi/samplepoint-B/2005/200501051400.dump.gz,5169218,5109374,4251605,483875
http://mawi.nezu.wide.ad.jp/mawi/samplepoint-B/2005/200501061400.dump.gz,6738023,6632398,5623020,639365
http://mawi.nezu.wide.ad.jp/mawi/samplepoint-B/2005/200501071400.dump.gz,6636731,6533602,5664160,614603
http://mawi.nezu.wide.ad.jp/mawi/samplepoint-B/2005/200501081400.dump.gz,5200802,5138376,4095410,682607
http://mawi.nezu.wide.ad.jp/mawi/samplepoint-B/2005/200501091400.dump.gz,3249197,3228340,2602587,495083
http://mawi.nezu.wide.ad.jp/mawi/samplepoint-B/2005/200501101400.dump.gz,5521664,5454983,4465811,612508
http://mawi.nezu.wide.ad.jp/mawi/samplepoint-B/2005/200501111400.dump.gz,6809306,6704925,5726016,602715
http://mawi.nezu.wide.ad.jp/mawi/samplepoint-B/2005/200501121400.dump.gz,7947013,7798851,6733928,717306
http://mawi.nezu.wide.ad.jp/mawi/samplepoint-B/2005/200501131400.dump.gz,6826865,6716093,5618769,684503
http://mawi.nezu.wide.ad.jp/mawi/samplepoint-B/2005/200501141400.dump.gz,7032504,6914253,5921329,653079
http://mawi.nezu.wide.ad.jp/mawi/samplepoint-B/2005/200501151400.dump.gz,5602953,5536735,4471580,607537
http://mawi.nezu.wide.ad.jp/mawi/samplepoint-B/2005/200501161400.dump.gz,3465492,3440869,2670327,511834
http://mawi.nezu.wide.ad.jp/mawi/samplepoint-B/2005/200501171400.dump.gz,7253466,7131521,6037685,738954
http://mawi.nezu.wide.ad.jp/mawi/samplepoint-B/2005/200501181400.dump.gz,6720565,6616182,5770220,599407
http://mawi.nezu.wide.ad.jp/mawi/samplepoint-B/2005/200501191400.dump.gz,7978306,7843638,5197830,2282356
http://mawi.nezu.wide.ad.jp/mawi/samplepoint-B/2005/200501201400.dump.gz,7347603,7223912,5818722,1008358
http://mawi.nezu.wide.ad.jp/mawi/samplepoint-B/2005/200501211400.dump.gz,5905681,5825415,4971663,685118
http://mawi.nezu.wide.ad.jp/mawi/samplepoint-B/2005/200501221400.dump.gz,4573207,4528660,3691353,603766
http://mawi.nezu.wide.ad.jp/mawi/samplepoint-B/2005/200501231400.dump.gz,3430859,3406002,2769568,493606
http://mawi.nezu.wide.ad.jp/mawi/samplepoint-B/2005/200501241400.dump.gz,6928738,6823641,5815131,706589
http://mawi.nezu.wide.ad.jp/mawi/samplepoint-B/2005/200501251400.dump.gz,6389016,6295915,5310794,762521
http://mawi.nezu.wide.ad.jp/mawi/samplepoint-B/2005/200501261400.dump.gz,6640154,6535932,5410156,829636
http://mawi.nezu.wide.ad.jp/mawi/samplepoint-B/2005/200501271400.dump.gz,6584936,6486077,5410154,737130
http://mawi.nezu.wide.ad.jp/mawi/samplepoint-B/2005/200501281400.dump.gz,5953806,5872292,4892914,717273
http://mawi.nezu.wide.ad.jp/mawi/samplepoint-B/2005/200501291400.dump.gz,5088039,5027064,4089074,674975
http://mawi.nezu.wide.ad.jp/mawi/samplepoint-B/2005/200501301400.dump.gz,4278356,4238567,3449949,549915
http://mawi.nezu.wide.ad.jp/mawi/samplepoint-B/2005/200501311400.dump.gz,6854781,6740570,5711626,632763
http://mawi.nezu.wide.ad.jp/mawi/samplepoint-B/2005/200502011400.dump.gz,6447248,6351266,5387660,573549
http://mawi.nezu.wide.ad.jp/mawi/samplepoint-B/2005/200502021400.dump.gz,6853532,6748289,5509297,773497
http://mawi.nezu.wide.ad.jp/mawi/samplepoint-B/2005/200502031400.dump.gz,6706656,6605288,5490939,654457
http://mawi.nezu.wide.ad.jp/mawi/samplepoint-B/2005/200502041400.dump.gz,6245408,6163253,4952309,817232
http://mawi.nezu.wide.ad.jp/mawi/samplepoint-B/2005/200502051400.dump.gz,5126913,5069323,3956805,675565
http://mawi.nezu.wide.ad.jp/mawi/samplepoint-B/2005/200502061400.dump.gz,3883820,3850019,3050168,544581
http://mawi.nezu.wide.ad.jp/mawi/samplepoint-B/2005/200502071400.dump.gz,6454685,6367945,5160605,879963
http://mawi.nezu.wide.ad.jp/mawi/samplepoint-B/2005/200502081400.dump.gz,5450348,5385216,4492810,568191
http://mawi.nezu.wide.ad.jp/mawi/samplepoint-B/2005/200502091400.dump.gz,5743878,5668635,4843211,662648
http://mawi.nezu.wide.ad.jp/mawi/samplepoint-B/2005/200502101400.dump.gz,6035083,5959672,5058081,677713
http://mawi.nezu.wide.ad.jp/mawi/samplepoint-B/2005/200502111400.dump.gz,4779858,4733832,3969650,649512
http://mawi.nezu.wide.ad.jp/mawi/samplepoint-B/2005/200502121400.dump.gz,5516676,5458895,4523712,549891
http://mawi.nezu.wide.ad.jp/mawi/samplepoint-B/2005/200502131400.dump.gz,4557554,4516391,3592715,708831
http://mawi.nezu.wide.ad.jp/mawi/samplepoint-B/2005/200502141400.dump.gz,6793606,6695608,5567428,786236
http://mawi.nezu.wide.ad.jp/mawi/samplepoint-B/2005/200502151400.dump.gz,6850688,6754391,5847428,624571
http://mawi.nezu.wide.ad.jp/mawi/samplepoint-B/2005/200502161400.dump.gz,6753168,6658904,5712253,562955
http://mawi.nezu.wide.ad.jp/mawi/samplepoint-B/2005/200502171400.dump.gz,7169178,7060954,5952062,716816
http://mawi.nezu.wide.ad.jp/mawi/samplepoint-B/2005/200502181400.dump.gz,7155590,7052508,5956698,684195
http://mawi.nezu.wide.ad.jp/mawi/samplepoint-B/2005/200502191400.dump.gz,5076671,5029773,4185366,682948
http://mawi.nezu.wide.ad.jp/mawi/samplepoint-B/2005/200502201400.dump.gz,5505150,5450651,4275289,880375
http://mawi.nezu.wide.ad.jp/mawi/samplepoint-B/2005/200502211400.dump.gz,7897785,7768257,6683949,829448
http://mawi.nezu.wide.ad.jp/mawi/samplepoint-B/2005/200502221400.dump.gz,7484125,7375190,6078286,888925
http://mawi.nezu.wide.ad.jp/mawi/samplepoint-B/2005/200502231400.dump.gz,8352413,8205188,6774259,962252
http://mawi.nezu.wide.ad.jp/mawi/samplepoint-B/2005/200502241400.dump.gz,7798099,7675860,6242203,922647
http://mawi.nezu.wide.ad.jp/mawi/samplepoint-B/2005/200502251400.dump.gz,6428647,6355210,5397301,731454
http://mawi.nezu.wide.ad.jp/mawi/samplepoint-B/2005/200502261400.dump.gz,5177574,5129164,4109685,605672
http://mawi.nezu.wide.ad.jp/mawi/samplepoint-B/2005/200502271400.dump.gz,4533461,4497203,3731441,495403
http://mawi.nezu.wide.ad.jp/mawi/samplepoint-B/2005/200502281400.dump.gz,7467267,7353878,6159682,900720
http://mawi.nezu.wide.ad.jp/mawi/samplepoint-B/2005/200503011400.dump.gz,6667313,6577251,5496629,693223
http://mawi.nezu.wide.ad.jp/mawi/samplepoint-B/2005/200503021400.dump.gz,6853018,6750476,5659346,800170
http://mawi.nezu.wide.ad.jp/mawi/samplepoint-B/2005/200503031400.dump.gz,6417357,6333025,5043587,746417
http://mawi.nezu.wide.ad.jp/mawi/samplepoint-B/2005/200503041400.dump.gz,5791508,5720579,4776513,771349
http://mawi.nezu.wide.ad.jp/mawi/samplepoint-B/2005/200503051400.dump.gz,5550588,5485908,4838104,491612
http://mawi.nezu.wide.ad.jp/mawi/samplepoint-B/2005/200503061400.dump.gz,5636789,5580794,4716166,661879
http://mawi.nezu.wide.ad.jp/mawi/samplepoint-B/2005/200503071400.dump.gz,6847167,6748790,5899701,631089
http://mawi.nezu.wide.ad.jp/mawi/samplepoint-B/2005/200503081400.dump.gz,6507062,6406426,5647046,627885
http://mawi.nezu.wide.ad.jp/mawi/samplepoint-B/2005/200503091400.dump.gz,5969486,5887250,5017648,585326
http://mawi.nezu.wide.ad.jp/mawi/samplepoint-B/2005/200503101400.dump.gz,5988529,5918298,4856344,613872
http://mawi.nezu.wide.ad.jp/mawi/samplepoint-B/2005/200503111400.dump.gz,6605649,6508735,5337284,875526
http://mawi.nezu.wide.ad.jp/mawi/samplepoint-B/2005/200503121400.dump.gz,5847755,5785595,4784833,605390
http://mawi.nezu.wide.ad.jp/mawi/samplepoint-B/2005/200503131400.dump.gz,5240293,5188768,4189874,630475
http://mawi.nezu.wide.ad.jp/mawi/samplepoint-B/2005/200503141400.dump.gz,6746004,6647413,5421724,815407
http://mawi.nezu.wide.ad.jp/mawi/samplepoint-B/2005/200503151400.dump.gz,6501625,6408841,5270225,712289
http://mawi.nezu.wide.ad.jp/mawi/samplepoint-B/2005/200503161400.dump.gz,6919111,6813518,5771803,629383
http://mawi.nezu.wide.ad.jp/mawi/samplepoint-B/2005/200503171400.dump.gz,5780836,5688804,4713712,643050
http://mawi.nezu.wide.ad.jp/mawi/samplepoint-B/2005/200503181400.dump.gz,6207444,6090485,5150527,618984
http://mawi.nezu.wide.ad.jp/mawi/samplepoint-B/2005/200503191400.dump.gz,6152851,6048046,5144979,510836
http://mawi.nezu.wide.ad.jp/mawi/samplepoint-B/2005/200503201400.dump.gz,4149779,4108226,3325345,505027
http://mawi.nezu.wide.ad.jp/mawi/samplepoint-B/2005/200503211400.dump.gz,6148787,6041501,4772001,740635
http://mawi.nezu.wide.ad.jp/mawi/samplepoint-B/2005/200503221400.dump.gz,6866611,6716995,5612527,698207
http://mawi.nezu.wide.ad.jp/mawi/samplepoint-B/2005/200503231400.dump.gz,6572357,6439590,5450544,582096
http://mawi.nezu.wide.ad.jp/mawi/samplepoint-B/2005/200503241400.dump.gz,6291395,6162471,5015552,774831
http://mawi.nezu.wide.ad.jp/mawi/samplepoint-B/2005/200503251400.dump.gz,5304283,5213385,4223953,771534
http://mawi.nezu.wide.ad.jp/mawi/samplepoint-B/2005/200503261400.dump.gz,4972819,4911312,3994549,518377
http://mawi.nezu.wide.ad.jp/mawi/samplepoint-B/2005/200503271400.dump.gz,5041523,4972319,4137915,561572
http://mawi.nezu.wide.ad.jp/mawi/samplepoint-B/2005/200503281400.dump.gz,5323310,5263525,4205964,601738
http://mawi.nezu.wide.ad.jp/mawi/samplepoint-B/2005/200503291400.dump.gz,7117583,6986795,5544657,590062
http://mawi.nezu.wide.ad.jp/mawi/samplepoint-B/2005/200503301400.dump.gz,6712829,6586188,5455716,762528
http://mawi.nezu.wide.ad.jp/mawi/samplepoint-B/2005/200503311400.dump.gz,6336111,6224230,4961839,787888
http://mawi.nezu.wide.ad.jp/mawi/samplepoint-B/2005/200504011400.dump.gz,6386218,6287764,5149372,755355
http://mawi.nezu.wide.ad.jp/mawi/samplepoint-B/2005/200504021400.dump.gz,5570381,5506434,4480471,651209
http://mawi.nezu.wide.ad.jp/mawi/samplepoint-B/2005/200504031400.dump.gz,4617818,4577990,3662595,620718
http://mawi.nezu.wide.ad.jp/mawi/samplepoint-B/2005/200504041400.dump.gz,6422995,6310541,5246152,703027
http://mawi.nezu.wide.ad.jp/mawi/samplepoint-B/2005/200504051400.dump.gz,6809615,6697162,5622563,609106
http://mawi.nezu.wide.ad.jp/mawi/samplepoint-B/2005/200504061400.dump.gz,7307171,7178312,5968464,752194
http://mawi.nezu.wide.ad.jp/mawi/samplepoint-B/2005/200504071400.dump.gz,7120325,6966337,5798599,774742
http://mawi.nezu.wide.ad.jp/mawi/samplepoint-B/2005/200504081400.dump.gz,5833096,5733204,4831783,617167
http://mawi.nezu.wide.ad.jp/mawi/samplepoint-B/2005/200504091400.dump.gz,5382820,5309358,4434917,455835
http://mawi.nezu.wide.ad.jp/mawi/samplepoint-B/2005/200504101400.dump.gz,4191756,4162540,3344641,504736
http://mawi.nezu.wide.ad.jp/mawi/samplepoint-B/2005/200504111400.dump.gz,7300572,7152827,6070694,683449
http://mawi.nezu.wide.ad.jp/mawi/samplepoint-B/2005/200504121400.dump.gz,6956258,6816513,5830012,589246
http://mawi.nezu.wide.ad.jp/mawi/samplepoint-B/2005/200504131400.dump.gz,7498946,7356939,6071417,894566
http://mawi.nezu.wide.ad.jp/mawi/samplepoint-B/2005/200504141400.dump.gz,6719145,6593348,5484790,706042
http://mawi.nezu.wide.ad.jp/mawi/samplepoint-B/2005/200504151400.dump.gz,7102866,6960468,5914105,715646
http://mawi.nezu.wide.ad.jp/mawi/samplepoint-B/2005/200504161400.dump.gz,5823789,5746965,4811786,569864
http://mawi.nezu.wide.ad.jp/mawi/samplepoint-B/2005/200504171400.dump.gz,4908213,4852112,4019394,543442
http://mawi.nezu.wide.ad.jp/mawi/samplepoint-B/2005/200504181400.dump.gz,7041614,6887019,5682128,738972
http://mawi.nezu.wide.ad.jp/mawi/samplepoint-B/2005/200504191400.dump.gz,7293713,7124757,6158446,657161
http://mawi.nezu.wide.ad.jp/mawi/samplepoint-B/2005/200504201400.dump.gz,7292120,7135593,6015113,727925
http://mawi.nezu.wide.ad.jp/mawi/samplepoint-B/2005/200504211400.dump.gz,7518810,7352240,6326725,678387
http://mawi.nezu.wide.ad.jp/mawi/samplepoint-B/2005/200504221400.dump.gz,6408835,6287203,5520681,635443
http://mawi.nezu.wide.ad.jp/mawi/samplepoint-B/2005/200504231400.dump.gz,5374646,5304140,4453209,666973
http://mawi.nezu.wide.ad.jp/mawi/samplepoint-B/2005/200504241400.dump.gz,4505682,4467393,3658578,672466
http://mawi.nezu.wide.ad.jp/mawi/samplepoint-B/2005/200504251400.dump.gz,6794294,6668059,5880891,643123
http://mawi.nezu.wide.ad.jp/mawi/samplepoint-B/2005/200504261400.dump.gz,7531011,7370445,6235096,711273
http://mawi.nezu.wide.ad.jp/mawi/samplepoint-B/2005/200504271400.dump.gz,5913773,5792227,4696907,626217
http://mawi.nezu.wide.ad.jp/mawi/samplepoint-B/2005/200504281400.dump.gz,7714325,7531217,6362526,755184
http://mawi.nezu.wide.ad.jp/mawi/samplepoint-B/2005/200504291400.dump.gz,5464301,5391827,4367192,780344
http://mawi.nezu.wide.ad.jp/mawi/samplepoint-B/2005/200504301400.dump.gz,5867123,5793788,4763149,579719
http://mawi.nezu.wide.ad.jp/mawi/samplepoint-B/2005/200505011400.dump.gz,4451300,4406643,3475851,618322
http://mawi.nezu.wide.ad.jp/mawi/samplepoint-B/2005/200505021400.dump.gz,6444066,6339537,5324332,617997
http://mawi.nezu.wide.ad.jp/mawi/samplepoint-B/2005/200505031400.dump.gz,6151132,6037433,4908498,803379
http://mawi.nezu.wide.ad.jp/mawi/samplepoint-B/2005/200505041400.dump.gz,5107237,5039015,3908945,685042
http://mawi.nezu.wide.ad.jp/mawi/samplepoint-B/2005/200505051400.dump.gz,5507330,5432300,4496484,641372
http://mawi.nezu.wide.ad.jp/mawi/samplepoint-B/2005/200505061400.dump.gz,6927457,6795279,5725528,666661
http://mawi.nezu.wide.ad.jp/mawi/samplepoint-B/2005/200505071400.dump.gz,5695090,5611613,4469222,887462
http://mawi.nezu.wide.ad.jp/mawi/samplepoint-B/2005/200505081400.dump.gz,5053539,4981793,4192144,538223
http://mawi.nezu.wide.ad.jp/mawi/samplepoint-B/2005/200505091400.dump.gz,5719884,5618010,4698236,629030
http://mawi.nezu.wide.ad.jp/mawi/samplepoint-B/2005/200505101400.dump.gz,7606572,7453216,6313433,778280
http://mawi.nezu.wide.ad.jp/mawi/samplepoint-B/2005/200505111400.dump.gz,6855445,6708313,5703664,704007
http://mawi.nezu.wide.ad.jp/mawi/samplepoint-B/2005/200505121400.dump.gz,7564350,7394536,6216875,794726
http://mawi.nezu.wide.ad.jp/mawi/samplepoint-B/2005/200505131400.dump.gz,6434228,6319707,4912250,1070028
http://mawi.nezu.wide.ad.jp/mawi/samplepoint-B/2005/200505141400.dump.gz,5025793,4956820,4004480,649651
http://mawi.nezu.wide.ad.jp/mawi/samplepoint-B/2005/200505151400.dump.gz,3828200,3793207,3044173,598603
http://mawi.nezu.wide.ad.jp/mawi/samplepoint-B/2005/200505161400.dump.gz,7964259,7785253,6570409,672347
http://mawi.nezu.wide.ad.jp/mawi/samplepoint-B/2005/200505171400.dump.gz,7096348,6937704,5748562,650746
http://mawi.nezu.wide.ad.jp/mawi/samplepoint-B/2005/200505181400.dump.gz,7136193,6993522,5846867,675640
http://mawi.nezu.wide.ad.jp/mawi/samplepoint-B/2005/200505191400.dump.gz,7372810,7197740,6096165,644215
http://mawi.nezu.wide.ad.jp/mawi/samplepoint-B/2005/200505201400.dump.gz,6545452,6404428,5321652,640432
http://mawi.nezu.wide.ad.jp/mawi/samplepoint-B/2005/200505211400.dump.gz,5632351,5524290,4460082,627668
http://mawi.nezu.wide.ad.jp/mawi/samplepoint-B/2005/200505221400.dump.gz,5008244,4918753,4180011,540920
http://mawi.nezu.wide.ad.jp/mawi/samplepoint-B/2005/200505231400.dump.gz,7260361,7087632,5824647,784188
http://mawi.nezu.wide.ad.jp/mawi/samplepoint-B/2005/200505241400.dump.gz,6393970,6246357,5320680,646402
http://mawi.nezu.wide.ad.jp/mawi/samplepoint-B/2005/200505251400.dump.gz,6467251,6316369,5253407,682510
http://mawi.nezu.wide.ad.jp/mawi/samplepoint-B/2005/200505261400.dump.gz,6187229,6067967,4973864,607012
http://mawi.nezu.wide.ad.jp/mawi/samplepoint-B/2005/200505271400.dump.gz,6654903,6489865,5092100,982948
http://mawi.nezu.wide.ad.jp/mawi/samplepoint-B/2005/200505281400.dump.gz,5042645,4959366,3809139,767907
http://mawi.nezu.wide.ad.jp/mawi/samplepoint-B/2005/200505291400.dump.gz,4544754,4474892,3723585,518278
http://mawi.nezu.wide.ad.jp/mawi/samplepoint-B/2005/200505301400.dump.gz,6499228,6368160,5123783,771846
http://mawi.nezu.wide.ad.jp/mawi/samplepoint-B/2005/200505311400.dump.gz,6979517,6821577,5741973,654340
http://mawi.nezu.wide.ad.jp/mawi/samplepoint-B/2005/200506011400.dump.gz,6182919,6051514,5009978,721293
http://mawi.nezu.wide.ad.jp/mawi/samplepoint-B/2005/200506021400.dump.gz,7040361,6881777,5720807,705861
http://mawi.nezu.wide.ad.jp/mawi/samplepoint-B/2005/200506031400.dump.gz,6885400,6738153,5541274,744819
http://mawi.nezu.wide.ad.jp/mawi/samplepoint-B/2005/200506041400.dump.gz,4972003,4901186,4189617,602687
http://mawi.nezu.wide.ad.jp/mawi/samplepoint-B/2005/200506051400.dump.gz,4216325,4159549,3329211,635091
http://mawi.nezu.wide.ad.jp/mawi/samplepoint-B/2005/200506061400.dump.gz,7626475,7451355,5957765,1098853
http://mawi.nezu.wide.ad.jp/mawi/samplepoint-B/2005/200506071400.dump.gz,7016138,6855393,5599635,897872
http://mawi.nezu.wide.ad.jp/mawi/samplepoint-B/2005/200506081400.dump.gz,7388630,7227711,6037969,779796
http://mawi.nezu.wide.ad.jp/mawi/samplepoint-B/2005/200506091400.dump.gz,7171180,7015793,5710345,944644
http://mawi.nezu.wide.ad.jp/mawi/samplepoint-B/2005/200506101400.dump.gz,7329784,7153186,5677818,1024284
http://mawi.nezu.wide.ad.jp/mawi/samplepoint-B/2005/200506111400.dump.gz,5071979,4977167,3865196,813083
http://mawi.nezu.wide.ad.jp/mawi/samplepoint-B/2005/200506121400.dump.gz,5049890,4973593,4222687,578669
http://mawi.nezu.wide.ad.jp/mawi/samplepoint-B/2005/200506131400.dump.gz,7316716,7138459,6009292,760316
http://mawi.nezu.wide.ad.jp/mawi/samplepoint-B/2005/200506141400.dump.gz,7971079,7770372,6407865,1074014
http://mawi.nezu.wide.ad.jp/mawi/samplepoint-B/2005/200506151400.dump.gz,8035217,7837493,6624015,924508
http://mawi.nezu.wide.ad.jp/mawi/samplepoint-B/2005/200506161400.dump.gz,7875953,7697974,6183418,1057611
http://mawi.nezu.wide.ad.jp/mawi/samplepoint-B/2005/200506171400.dump.gz,7788956,7608547,6224455,1007496
http://mawi.nezu.wide.ad.jp/mawi/samplepoint-B/2005/200506181400.dump.gz,5636821,5534746,4445718,724886
http://mawi.nezu.wide.ad.jp/mawi/samplepoint-B/2005/200506191400.dump.gz,4761578,4680546,3640197,796490
http://mawi.nezu.wide.ad.jp/mawi/samplepoint-B/2005/200506201400.dump.gz,7977852,7769453,6480773,900961
http://mawi.nezu.wide.ad.jp/mawi/samplepoint-B/2005/200506211400.dump.gz,7595566,7408045,6044585,1121578
http://mawi.nezu.wide.ad.jp/mawi/samplepoint-B/2005/200506221400.dump.gz,6979728,6819265,5775837,833906
http://mawi.nezu.wide.ad.jp/mawi/samplepoint-B/2005/200506231400.dump.gz,8574898,8347221,6939775,1178591
http://mawi.nezu.wide.ad.jp/mawi/samplepoint-B/2005/200506241400.dump.gz,7820287,7647017,6339689,1001999
http://mawi.nezu.wide.ad.jp/mawi/samplepoint-B/2005/200506251400.dump.gz,6206630,6085514,4549576,1141354
http://mawi.nezu.wide.ad.jp/mawi/samplepoint-B/2005/200506261400.dump.gz,5740124,5641974,4316784,1084020
http://mawi.nezu.wide.ad.jp/mawi/samplepoint-B/2005/200506271400.dump.gz,7749120,7560342,6242843,890639
http://mawi.nezu.wide.ad.jp/mawi/samplepoint-B/2005/200506281400.dump.gz,1970139,1963521,1074213,759433
http://mawi.nezu.wide.ad.jp/mawi/samplepoint-B/2005/200506291400.dump.gz,6155868,6039419,4776357,1077479
http://mawi.nezu.wide.ad.jp/mawi/samplepoint-B/2005/200506301400.dump.gz,7268177,7117568,5970277,772164
http://mawi.nezu.wide.ad.jp/mawi/samplepoint-B/2005/200507011400.dump.gz,5772770,5674018,4823694,659803
http://mawi.nezu.wide.ad.jp/mawi/samplepoint-B/2005/200507021400.dump.gz,5465208,5375957,4358386,748215
http://mawi.nezu.wide.ad.jp/mawi/samplepoint-B/2005/200507031400.dump.gz,5183064,5086199,4381580,542626
http://mawi.nezu.wide.ad.jp/mawi/samplepoint-B/2005/200507041400.dump.gz,7438175,7254737,6228048,841064
http://mawi.nezu.wide.ad.jp/mawi/samplepoint-B/2005/200507051400.dump.gz,7582287,7409923,5925382,1175924
http://mawi.nezu.wide.ad.jp/mawi/samplepoint-B/2005/200507061400.dump.gz,7512023,7325480,6315923,820873
http://mawi.nezu.wide.ad.jp/mawi/samplepoint-B/2005/200507071400.dump.gz,6962227,6797184,5494078,1072400
http://mawi.nezu.wide.ad.jp/mawi/samplepoint-B/2005/200507081400.dump.gz,6617691,6463262,5520073,626661
http://mawi.nezu.wide.ad.jp/mawi/samplepoint-B/2005/200507091400.dump.gz,5139107,5057680,3842130,1017855
http://mawi.nezu.wide.ad.jp/mawi/samplepoint-B/2005/200507101400.dump.gz,4405109,4341391,3307004,927952
http://mawi.nezu.wide.ad.jp/mawi/samplepoint-B/2005/200507111400.dump.gz,6244818,6129114,5087209,777943
http://mawi.nezu.wide.ad.jp/mawi/samplepoint-B/2005/200507121400.dump.gz,9299051,9105092,7949928,935116
http://mawi.nezu.wide.ad.jp/mawi/samplepoint-B/2005/200507131400.dump.gz,13801769,13440977,12090964,789656
http://mawi.nezu.wide.ad.jp/mawi/samplepoint-B/2005/200507151400.dump.gz,6695293,6559189,5469849,789673
http://mawi.nezu.wide.ad.jp/mawi/samplepoint-B/2005/200507161400.dump.gz,5648106,5537532,4495331,807466
http://mawi.nezu.wide.ad.jp/mawi/samplepoint-B/2005/200507171400.dump.gz,4284043,4222874,3481949,617792
http://mawi.nezu.wide.ad.jp/mawi/samplepoint-B/2005/200507181400.dump.gz,5496447,5408404,4284251,783021
http://mawi.nezu.wide.ad.jp/mawi/samplepoint-B/2005/200507191400.dump.gz,6921707,6753861,5638168,860619
http://mawi.nezu.wide.ad.jp/mawi/samplepoint-B/2005/200507201400.dump.gz,7483043,7297984,5712881,1213681
http://mawi.nezu.wide.ad.jp/mawi/samplepoint-B/2005/200507211400.dump.gz,7971222,7770658,6477486,946023
http://mawi.nezu.wide.ad.jp/mawi/samplepoint-B/2005/200507221400.dump.gz,7161161,7002466,5602084,1077593
http://mawi.nezu.wide.ad.jp/mawi/samplepoint-B/2005/200507231400.dump.gz,5677463,5575555,4432302,863483
http://mawi.nezu.wide.ad.jp/mawi/samplepoint-B/2005/200507241400.dump.gz,4656189,4600766,3651488,631247
http://mawi.nezu.wide.ad.jp/mawi/samplepoint-B/2005/200507251400.dump.gz,10322537,10031376,7388073,837725
http://mawi.nezu.wide.ad.jp/mawi/samplepoint-B/2005/200507261400.dump.gz,10242593,9979218,8201818,864288
http://mawi.nezu.wide.ad.jp/mawi/samplepoint-B/2005/200507271400.dump.gz,11503806,11210577,8824102,1060777
http://mawi.nezu.wide.ad.jp/mawi/samplepoint-B/2005/200507282000.dump.gz,16996810,16612613,11776534,912331
http://mawi.nezu.wide.ad.jp/mawi/samplepoint-B/2005/200507301400.dump.gz,6066467,5956404,4572984,1104642
http://mawi.nezu.wide.ad.jp/mawi/samplepoint-B/2005/200507311400.dump.gz,5037531,4961269,3800395,926433
http://mawi.nezu.wide.ad.jp/mawi/samplepoint-B/2005/200508011400.dump.gz,7420125,7245109,5889409,1011772
http://mawi.nezu.wide.ad.jp/mawi/samplepoint-B/2005/200508021400.dump.gz,7221070,7067415,5725092,1027652
http://mawi.nezu.wide.ad.jp/mawi/samplepoint-B/2005/200508031400.dump.gz,6732348,6598163,5484262,834471
http://mawi.nezu.wide.ad.jp/mawi/samplepoint-B/2005/200508041400.dump.gz,7206934,7049595,5678850,1034757
http://mawi.nezu.wide.ad.jp/mawi/samplepoint-B/2005/200508051400.dump.gz,6962626,6813136,5487485,971025
http://mawi.nezu.wide.ad.jp/mawi/samplepoint-B/2005/200508061400.dump.gz,5283546,5194485,4100526,797256
http://mawi.nezu.wide.ad.jp/mawi/samplepoint-B/2005/200508071400.dump.gz,4846436,4772037,3939494,680098
http://mawi.nezu.wide.ad.jp/mawi/samplepoint-B/2005/200508081400.dump.gz,7786192,7573683,6490357,841618
http://mawi.nezu.wide.ad.jp/mawi/samplepoint-B/2005/200508091400.dump.gz,6713041,6592608,5328206,911435
http://mawi.nezu.wide.ad.jp/mawi/samplepoint-B/2005/200508101400.dump.gz,7271921,7113599,5777667,1088772
http://mawi.nezu.wide.ad.jp/mawi/samplepoint-B/2005/200508111400.dump.gz,6680077,6519649,5087024,1050233
http://mawi.nezu.wide.ad.jp/mawi/samplepoint-B/2005/200508121400.dump.gz,6195639,6079085,4831225,1039439
http://mawi.nezu.wide.ad.jp/mawi/samplepoint-B/2005/200508131400.dump.gz,5156168,5073089,3834534,1025482
http://mawi.nezu.wide.ad.jp/mawi/samplepoint-B/2005/200508141400.dump.gz,4947853,4874682,3669369,1010830
http://mawi.nezu.wide.ad.jp/mawi/samplepoint-B/2005/200508151400.dump.gz,5940316,5837008,4549489,1081151
http://mawi.nezu.wide.ad.jp/mawi/samplepoint-B/2005/200508161400.dump.gz,7274798,7119732,5483203,1202940
http://mawi.nezu.wide.ad.jp/mawi/samplepoint-B/2005/200508171400.dump.gz,7170065,7025922,5585937,1146460
http://mawi.nezu.wide.ad.jp/mawi/samplepoint-B/2005/200508181400.dump.gz,6660433,6528027,5207807,1065050
http://mawi.nezu.wide.ad.jp/mawi/samplepoint-B/2005/200508191400.dump.gz,8143235,7935719,6564872,957725
http://mawi.nezu.wide.ad.jp/mawi/samplepoint-B/2005/200508201400.dump.gz,5436997,5339575,4111271,930975
http://mawi.nezu.wide.ad.jp/mawi/samplepoint-B/2005/200508202345.dump.gz,27197858,26841325,1779316,24930101
http://mawi.nezu.wide.ad.jp/mawi/samplepoint-B/2005/200509131400.dump.gz,7312442,7120080,5809346,922839
http://mawi.nezu.wide.ad.jp/mawi/samplepoint-B/2005/200509141400.dump.gz,6949080,6774811,5732550,771371
http://mawi.nezu.wide.ad.jp/mawi/samplepoint-B/2005/200509151400.dump.gz,7620766,7415248,6268954,816164
http://mawi.nezu.wide.ad.jp/mawi/samplepoint-B/2005/200509161400.dump.gz,7507119,7305792,6114074,829814
http://mawi.nezu.wide.ad.jp/mawi/samplepoint-B/2005/200509171400.dump.gz,6463210,6309364,5303082,770824
http://mawi.nezu.wide.ad.jp/mawi/samplepoint-B/2005/200509181400.dump.gz,5693839,5579339,4528591,842978
http://mawi.nezu.wide.ad.jp/mawi/samplepoint-B/2005/200509191400.dump.gz,6522200,6383125,5351320,746345
http://mawi.nezu.wide.ad.jp/mawi/samplepoint-B/2005/200509201400.dump.gz,7095133,6924013,5878473,754087
http://mawi.nezu.wide.ad.jp/mawi/samplepoint-B/2005/200509211400.dump.gz,6956869,6804017,5761936,763743
http://mawi.nezu.wide.ad.jp/mawi/samplepoint-B/2005/200509221400.dump.gz,8987464,8742737,7460023,882460
http://mawi.nezu.wide.ad.jp/mawi/samplepoint-B/2005/200509231400.dump.gz,6340451,6192623,5059109,857948
http://mawi.nezu.wide.ad.jp/mawi/samplepoint-B/2005/200509241400.dump.gz,5890828,5778504,4795968,643828
http://mawi.nezu.wide.ad.jp/mawi/samplepoint-B/2005/200509251400.dump.gz,5556391,5452461,4533291,667908
http://mawi.nezu.wide.ad.jp/mawi/samplepoint-B/2005/200509261400.dump.gz,6796990,6640188,5502708,883506
http://mawi.nezu.wide.ad.jp/mawi/samplepoint-B/2005/200509271400.dump.gz,7349205,7160305,5954873,895066
http://mawi.nezu.wide.ad.jp/mawi/samplepoint-B/2005/200509281400.dump.gz,7374874,7181384,5819104,1057583
http://mawi.nezu.wide.ad.jp/mawi/samplepoint-B/2005/200509291400.dump.gz,8264794,8040882,6819260,935914
http://mawi.nezu.wide.ad.jp/mawi/samplepoint-B/2005/200509301400.dump.gz,7652157,7446772,5960140,1164787
http://mawi.nezu.wide.ad.jp/mawi/samplepoint-B/2005/200510011400.dump.gz,5866869,5756658,4217525,1136495
http://mawi.nezu.wide.ad.jp/mawi/samplepoint-B/2005/200510021400.dump.gz,5111800,5028078,3774289,961522
http://mawi.nezu.wide.ad.jp/mawi/samplepoint-B/2005/200510031400.dump.gz,6607039,6460927,5262885,794191
http://mawi.nezu.wide.ad.jp/mawi/samplepoint-B/2005/200510041400.dump.gz,7589592,7394214,4695513,1487397
http://mawi.nezu.wide.ad.jp/mawi/samplepoint-B/2005/200510051400.dump.gz,6815281,6660301,5496869,857636
http://mawi.nezu.wide.ad.jp/mawi/samplepoint-B/2005/200510061400.dump.gz,7893501,7705656,6186632,1086570
http://mawi.nezu.wide.ad.jp/mawi/samplepoint-B/2005/200510071400.dump.gz,8270296,8082306,6389876,1219080
http://mawi.nezu.wide.ad.jp/mawi/samplepoint-B/2005/200510081400.dump.gz,6871590,6739992,5162128,1240361
http://mawi.nezu.wide.ad.jp/mawi/samplepoint-B/2005/200510091400.dump.gz,5480243,5397788,4260501,907394
http://mawi.nezu.wide.ad.jp/mawi/samplepoint-B/2005/200510101400.dump.gz,6025557,5918326,4679196,914180
http://mawi.nezu.wide.ad.jp/mawi/samplepoint-B/2005/200510111400.dump.gz,7972728,7774888,6414118,999854
http://mawi.nezu.wide.ad.jp/mawi/samplepoint-B/2005/200510121400.dump.gz,8192920,7994944,6258218,1406752
http://mawi.nezu.wide.ad.jp/mawi/samplepoint-B/2005/200510131400.dump.gz,8877342,8640711,6924139,1226236
http://mawi.nezu.wide.ad.jp/mawi/samplepoint-B/2005/200510141400.dump.gz,9104863,8847818,7367172,1135876
http://mawi.nezu.wide.ad.jp/mawi/samplepoint-B/2005/200510151400.dump.gz,6700023,6548258,5005897,1198289
http://mawi.nezu.wide.ad.jp/mawi/samplepoint-B/2005/200510161400.dump.gz,5546963,5464808,4130705,1082836
http://mawi.nezu.wide.ad.jp/mawi/samplepoint-B/2005/200510171400.dump.gz,6915166,6750233,5559495,910714
http://mawi.nezu.wide.ad.jp/mawi/samplepoint-B/2005/200510181400.dump.gz,8403457,8187725,6734993,1071354
http://mawi.nezu.wide.ad.jp/mawi/samplepoint-B/2005/200510191400.dump.gz,7729589,7531340,6254533,858897
http://mawi.nezu.wide.ad.jp/mawi/samplepoint-B/2005/200510201400.dump.gz,8265566,8045384,6655222,976873
http://mawi.nezu.wide.ad.jp/mawi/samplepoint-B/2005/200510211400.dump.gz,8499882,8282290,6880575,893088
http://mawi.nezu.wide.ad.jp/mawi/samplepoint-B/2005/200510221400.dump.gz,12814259,12486470,4684240,7385776
http://mawi.nezu.wide.ad.jp/mawi/samplepoint-B/2005/200510241400.dump.gz,8878285,8645229,7138008,1049240
http://mawi.nezu.wide.ad.jp/mawi/samplepoint-B/2005/200510251400.dump.gz,8519696,8296138,6840076,998318
http://mawi.nezu.wide.ad.jp/mawi/samplepoint-B/2005/200510261400.dump.gz,8834077,8615915,7341146,1019512
http://mawi.nezu.wide.ad.jp/mawi/samplepoint-B/2005/200510271400.dump.gz,8422170,8201148,6775161,1128097
http://mawi.nezu.wide.ad.jp/mawi/samplepoint-B/2005/200510281400.dump.gz,7937404,7730938,6544013,981892
http://mawi.nezu.wide.ad.jp/mawi/samplepoint-B/2005/200510291400.dump.gz,6272180,6142271,4794848,1101728
http://mawi.nezu.wide.ad.jp/mawi/samplepoint-B/2005/200510301400.dump.gz,5591544,5488247,4377629,930290
http://mawi.nezu.wide.ad.jp/mawi/samplepoint-B/2005/200510311400.dump.gz,8014833,7802236,6740638,857950
http://mawi.nezu.wide.ad.jp/mawi/samplepoint-B/2005/200511011400.dump.gz,8196126,7972092,6681070,1118829
http://mawi.nezu.wide.ad.jp/mawi/samplepoint-B/2005/200511021400.dump.gz,7515747,7320223,6364933,809825
http://mawi.nezu.wide.ad.jp/mawi/samplepoint-B/2005/200511031400.dump.gz,6879629,6754663,5770067,829523
http://mawi.nezu.wide.ad.jp/mawi/samplepoint-B/2005/200511041400.dump.gz,7229395,7043393,6053120,861695
http://mawi.nezu.wide.ad.jp/mawi/samplepoint-B/2005/200511051400.dump.gz,6032457,5904945,4890168,875179
http://mawi.nezu.wide.ad.jp/mawi/samplepoint-B/2005/200511061400.dump.gz,5460339,5367795,4192596,1015934
http://mawi.nezu.wide.ad.jp/mawi/samplepoint-B/2005/200511071400.dump.gz,7662347,7474507,6159183,993086
http://mawi.nezu.wide.ad.jp/mawi/samplepoint-B/2005/200511081400.dump.gz,7850916,7641217,6436179,898891
http://mawi.nezu.wide.ad.jp/mawi/samplepoint-B/2005/200511091400.dump.gz,8199634,7980474,6799081,955477
http://mawi.nezu.wide.ad.jp/mawi/samplepoint-B/2005/200511101400.dump.gz,8480471,8256319,6763534,960443
http://mawi.nezu.wide.ad.jp/mawi/samplepoint-B/2005/200511111400.dump.gz,7793831,7581628,6427745,903451
http://mawi.nezu.wide.ad.jp/mawi/samplepoint-B/2005/200511121400.dump.gz,7038722,6878672,5435752,1181472
http://mawi.nezu.wide.ad.jp/mawi/samplepoint-B/2005/200511131400.dump.gz,5534320,5436119,4318977,992503
http://mawi.nezu.wide.ad.jp/mawi/samplepoint-B/2005/200511141400.dump.gz,7802251,7593623,6302182,1147669
http://mawi.nezu.wide.ad.jp/mawi/samplepoint-B/2005/200511151400.dump.gz,8518310,8286095,6867965,1184987
http://mawi.nezu.wide.ad.jp/mawi/samplepoint-B/2005/200511161400.dump.gz,7928702,7715901,6173267,1294634
http://mawi.nezu.wide.ad.jp/mawi/samplepoint-B/2005/200511171400.dump.gz,8226735,7991914,6503921,1214668
http://mawi.nezu.wide.ad.jp/mawi/samplepoint-B/2005/200511181400.dump.gz,7584139,7381430,5866522,1268240
http://mawi.nezu.wide.ad.jp/mawi/samplepoint-B/2005/200511191400.dump.gz,6754908,6590749,5310838,1065126
http://mawi.nezu.wide.ad.jp/mawi/samplepoint-B/2005/200511201400.dump.gz,6777461,6640244,5445872,1036642
http://mawi.nezu.wide.ad.jp/mawi/samplepoint-B/2005/200511211400.dump.gz,7965314,7752406,6089840,1431060
http://mawi.nezu.wide.ad.jp/mawi/samplepoint-B/2005/200511221400.dump.gz,7495827,7303228,5622613,1380451
http://mawi.nezu.wide.ad.jp/mawi/samplepoint-B/2005/200511231400.dump.gz,6662571,6511409,4811366,1413475
http://mawi.nezu.wide.ad.jp/mawi/samplepoint-B/2005/200511241400.dump.gz,7641626,7429558,5742490,1496448
http://mawi.nezu.wide.ad.jp/mawi/samplepoint-B/2005/200511251400.dump.gz,8450596,8204232,6425795,1553964
http://mawi.nezu.wide.ad.jp/mawi/samplepoint-B/2005/200511261400.dump.gz,6019000,5906346,4325586,1359435
http://mawi.nezu.wide.ad.jp/mawi/samplepoint-B/2005/200511271400.dump.gz,5482297,5381274,4141813,1099786
http://mawi.nezu.wide.ad.jp/mawi/samplepoint-B/2005/200511281400.dump.gz,8597498,8354525,6631914,1449732
http://mawi.nezu.wide.ad.jp/mawi/samplepoint-B/2005/200511291400.dump.gz,8205611,7970878,6258154,1457034
http://mawi.nezu.wide.ad.jp/mawi/samplepoint-B/2005/200511301400.dump.gz,8606814,8364901,6675212,1379588
http://mawi.nezu.wide.ad.jp/mawi/samplepoint-B/2005/200512011400.dump.gz,8196286,7974072,6246324,1444656
http://mawi.nezu.wide.ad.jp/mawi/samplepoint-B/2005/200512021400.dump.gz,8978460,8738500,7004109,1366453
http://mawi.nezu.wide.ad.jp/mawi/samplepoint-B/2005/200512031400.dump.gz,7894010,7704748,6185706,1192512
http://mawi.nezu.wide.ad.jp/mawi/samplepoint-B/2005/200512041400.dump.gz,5129824,5061895,3932552,1005085
http://mawi.nezu.wide.ad.jp/mawi/samplepoint-B/2005/200512051400.dump.gz,9021890,8764991,6970159,1396051
http://mawi.nezu.wide.ad.jp/mawi/samplepoint-B/2005/200512061400.dump.gz,9322244,9055563,7235848,1453896
http://mawi.nezu.wide.ad.jp/mawi/samplepoint-B/2005/200512071400.dump.gz,8723414,8497368,6806059,1409429
http://mawi.nezu.wide.ad.jp/mawi/samplepoint-B/2005/200512081400.dump.gz,8777940,8534225,6860865,1381151
http://mawi.nezu.wide.ad.jp/mawi/samplepoint-B/2005/200512091400.dump.gz,8942526,8692571,7106513,1259059
http://mawi.nezu.wide.ad.jp/mawi/samplepoint-B/2005/200512101400.dump.gz,7685676,7524828,5959598,1137376
http://mawi.nezu.wide.ad.jp/mawi/samplepoint-B/2005/200512111400.dump.gz,6481148,6380825,5135426,987603
http://mawi.nezu.wide.ad.jp/mawi/samplepoint-B/2005/200512121400.dump.gz,8777307,8547478,6856331,1365483
http://mawi.nezu.wide.ad.jp/mawi/samplepoint-B/2005/200512131400.dump.gz,9615618,9349367,7528450,1500076
http://mawi.nezu.wide.ad.jp/mawi/samplepoint-B/2005/200512141400.dump.gz,9888471,9618904,7812395,1455849
http://mawi.nezu.wide.ad.jp/mawi/samplepoint-B/2005/200512151400.dump.gz,9451494,9174419,6935579,1818612
http://mawi.nezu.wide.ad.jp/mawi/samplepoint-B/2005/200512161400.dump.gz,8782945,8543490,6527988,1626778
http://mawi.nezu.wide.ad.jp/mawi/samplepoint-B/2005/200512171400.dump.gz,7649865,7490959,5717804,1360988
http://mawi.nezu.wide.ad.jp/mawi/samplepoint-B/2005/200512181400.dump.gz,6705232,6555683,5036740,1114557
http://mawi.nezu.wide.ad.jp/mawi/samplepoint-B/2005/200512191400.dump.gz,9925426,9662112,7804916,1519796
http://mawi.nezu.wide.ad.jp/mawi/samplepoint-B/2005/200512201400.dump.gz,10623688,10336446,8040758,1895866
http://mawi.nezu.wide.ad.jp/mawi/samplepoint-B/2005/200512211400.dump.gz,9179195,8943166,6586223,1867238
http://mawi.nezu.wide.ad.jp/mawi/samplepoint-B/2005/200512221400.dump.gz,10092889,9808624,7919213,1748693
http://mawi.nezu.wide.ad.jp/mawi/samplepoint-B/2005/200512231400.dump.gz,8154019,7982670,6204881,1358976
http://mawi.nezu.wide.ad.jp/mawi/samplepoint-B/2005/200512241400.dump.gz,10357204,10174695,5950391,3896383
http://mawi.nezu.wide.ad.jp/mawi/samplepoint-B/2005/200512251400.dump.gz,5878872,5777519,4374981,1250304
http://mawi.nezu.wide.ad.jp/mawi/samplepoint-B/2005/200512261400.dump.gz,7884962,7681591,6235015,1232102
http://mawi.nezu.wide.ad.jp/mawi/samplepoint-B/2005/200512271400.dump.gz,10633648,10366810,8930768,1280847
http://mawi.nezu.wide.ad.jp/mawi/samplepoint-B/2005/200512281400.dump.gz,9177333,8945317,7375886,1247472
http://mawi.nezu.wide.ad.jp/mawi/samplepoint-B/2005/200512291400.dump.gz,9629714,9424145,7687531,1338931
http://mawi.nezu.wide.ad.jp/mawi/samplepoint-B/2005/200512301400.dump.gz,6801722,6680130,5151954,1176691
