url,total,ip,tcp,udp
http://mawi.nezu.wide.ad.jp/mawi/samplepoint-B/2004/200401011400.dump.gz,5969726,5965548,3907405,1065384
http://mawi.nezu.wide.ad.jp/mawi/samplepoint-B/2004/200401021400.dump.gz,4397047,4390425,2677206,903144
http://mawi.nezu.wide.ad.jp/mawi/samplepoint-B/2004/200401031400.dump.gz,3054366,3051679,2322443,201830
http://mawi.nezu.wide.ad.jp/mawi/samplepoint-B/2004/200401041400.dump.gz,2905129,2901946,2289580,181130
http://mawi.nezu.wide.ad.jp/mawi/samplepoint-B/2004/200401051400.dump.gz,4298954,4285676,3566017,254642
http://mawi.nezu.wide.ad.jp/mawi/samplepoint-B/2004/200401061400.dump.gz,3516332,3508040,2933071,246163
http://mawi.nezu.wide.ad.jp/mawi/samplepoint-B/2004/200401071400.dump.gz,4479830,4468123,3732862,267882
http://mawi.nezu.wide.ad.jp/mawi/samplepoint-B/2004/200401081400.dump.gz,3945014,3936884,3237118,405709
http://mawi.nezu.wide.ad.jp/mawi/samplepoint-B/2004/200401091400.dump.gz,4150703,4138470,3536520,282163
http://mawi.nezu.wide.ad.jp/mawi/samplepoint-B/2004/200401101400.dump.gz,2873803,2869643,2376450,271612
http://mawi.nezu.wide.ad.jp/mawi/samplepoint-B/2004/200401111400.dump.gz,2759995,2756303,2284721,250609
http://mawi.nezu.wide.ad.jp/mawi/samplepoint-B/2004/200401121400.dump.gz,3858972,3853272,2760534,887835
http://mawi.nezu.wide.ad.jp/mawi/samplepoint-B/2004/200401131400.dump.gz,5720526,5704128,4310776,1099607
http://mawi.nezu.wide.ad.jp/mawi/samplepoint-B/2004/200401141400.dump.gz,5148400,5132757,4573018,286263
http://mawi.nezu.wide.ad.jp/mawi/samplepoint-B/2004/200401151400.dump.gz,5620229,5603539,5059863,338276
http://mawi.nezu.wide.ad.jp/mawi/samplepoint-B/2004/200401161400.dump.gz,5847070,5826424,4681794,954851
http://mawi.nezu.wide.ad.jp/mawi/samplepoint-B/2004/200401171400.dump.gz,3937052,3930144,3567178,228468
http://mawi.nezu.wide.ad.jp/mawi/samplepoint-B/2004/200401181400.dump.gz,4108756,4104716,3699810,251976
http://mawi.nezu.wide.ad.jp/mawi/samplepoint-B/2004/200401191400.dump.gz,4887501,4874646,4440413,263443
http://mawi.nezu.wide.ad.jp/mawi/samplepoint-B/2004/200401201400.dump.gz,5194153,5174827,4778897,260077
http://mawi.nezu.wide.ad.jp/mawi/samplepoint-B/2004/200401211400.dump.gz,5963731,5937816,5415800,319478
http://mawi.nezu.wide.ad.jp/mawi/samplepoint-B/2004/200401221400.dump.gz,5350885,5335808,5014171,210856
http://mawi.nezu.wide.ad.jp/mawi/samplepoint-B/2004/200401231400.dump.gz,5316745,5300923,4900081,254195
http://mawi.nezu.wide.ad.jp/mawi/samplepoint-B/2004/200401241400.dump.gz,3428373,3423273,3077883,228945
http://mawi.nezu.wide.ad.jp/mawi/samplepoint-B/2004/200401251400.dump.gz,4487512,4482262,4065673,276494
http://mawi.nezu.wide.ad.jp/mawi/samplepoint-B/2004/200401261400.dump.gz,5105345,5090063,4641643,305303
http://mawi.nezu.wide.ad.jp/mawi/samplepoint-B/2004/200401271400.dump.gz,5112335,5097255,4628423,304756
http://mawi.nezu.wide.ad.jp/mawi/samplepoint-B/2004/200401281400.dump.gz,4906962,4894108,4361616,249039
http://mawi.nezu.wide.ad.jp/mawi/samplepoint-B/2004/200401291400.dump.gz,4298193,4286993,3713660,299937
http://mawi.nezu.wide.ad.jp/mawi/samplepoint-B/2004/200401301400.dump.gz,4001226,3992190,3503308,301157
http://mawi.nezu.wide.ad.jp/mawi/samplepoint-B/2004/200401311400.dump.gz,3329541,3322423,2896511,267459
http://mawi.nezu.wide.ad.jp/mawi/samplepoint-B/2004/200402011400.dump.gz,3249620,3244933,2954356,193008
http://mawi.nezu.wide.ad.jp/mawi/samplepoint-B/2004/200402021400.dump.gz,3680413,3673084,3247637,307171
http://mawi.nezu.wide.ad.jp/mawi/samplepoint-B/2004/200402031400.dump.gz,4002132,3992090,3452656,397065
http://mawi.nezu.wide.ad.jp/mawi/samplepoint-B/2004/200402041400.dump.gz,3915379,3904821,3332416,411114
http://mawi.nezu.wide.ad.jp/mawi/samplepoint-B/2004/200402051400.dump.gz,3990644,3979110,3581150,248593
http://mawi.nezu.wide.ad.jp/mawi/samplepoint-B/2004/200402061400.dump.gz,3954197,3941256,3530279,272061
http://mawi.nezu.wide.ad.jp/mawi/samplepoint-B/2004/200402071400.dump.gz,3721335,3711334,3288945,254843
http://mawi.nezu.wide.ad.jp/mawi/samplepoint-B/2004/200402081400.dump.gz,3165926,3161353,2793183,205853
http://mawi.nezu.wide.ad.jp/mawi/samplepoint-B/2004/200402091400.dump.gz,4265048,4251939,3828560,246546
http://mawi.nezu.wide.ad.jp/mawi/samplepoint-B/2004/200402101400.dump.gz,4079856,4071953,3707437,269301
http://mawi.nezu.wide.ad.jp/mawi/samplepoint-B/2004/200402111400.dump.gz,3106636,3104558,2733296,267729
http://mawi.nezu.wide.ad.jp/mawi/samplepoint-B/2004/200402121400.dump.gz,4188906,4179216,3832319,255251
http://mawi.nezu.wide.ad.jp/mawi/samplepoint-B/2004/200402131400.dump.gz,3525959,3518444,3199323,234885
http://mawi.nezu.wide.ad.jp/mawi/samplepoint-B/2004/200402141400.dump.gz,3106090,3101176,2799082,198447
http://mawi.nezu.wide.ad.jp/mawi/samplepoint-B/2004/200402151400.dump.gz,3789912,3782937,3450711,242634
http://mawi.nezu.wide.ad.jp/mawi/samplepoint-B/2004/200402161400.dump.gz,4237313,4225312,3828552,278325
http://mawi.nezu.wide.ad.jp/mawi/samplepoint-B/2004/200402171400.dump.gz,3930161,3920485,3608445,228907
http://mawi.nezu.wide.ad.jp/mawi/samplepoint-B/2004/200402181400.dump.gz,4389003,4375289,4013375,265911
http://mawi.nezu.wide.ad.jp/mawi/samplepoint-B/2004/200402191400.dump.gz,4686862,4673559,4331544,241818
http://mawi.nezu.wide.ad.jp/mawi/samplepoint-B/2004/200402201400.dump.gz,4233320,4220092,3879268,243378
http://mawi.nezu.wide.ad.jp/mawi/samplepoint-B/2004/200402211400.dump.gz,3148480,3144454,2867812,203017
http://mawi.nezu.wide.ad.jp/mawi/samplepoint-B/2004/200402221400.dump.gz,3484438,3476691,3137302,209103
http://mawi.nezu.wide.ad.jp/mawi/samplepoint-B/2004/200402231400.dump.gz,3950808,3940756,3634639,214679
http://mawi.nezu.wide.ad.jp/mawi/samplepoint-B/2004/200402241400.dump.gz,4120420,4110402,3787332,216374
http://mawi.nezu.wide.ad.jp/mawi/samplepoint-B/2004/200402251400.dump.gz,3400573,3393948,3054897,254314
http://mawi.nezu.wide.ad.jp/mawi/samplepoint-B/2004/200402261400.dump.gz,4154803,4144033,3810938,238259
http://mawi.nezu.wide.ad.jp/mawi/samplepoint-B/2004/200402271400.dump.gz,4228782,4217140,3814298,298664
http://mawi.nezu.wide.ad.jp/mawi/samplepoint-B/2004/200402281400.dump.gz,3272137,3268324,2959449,235964
http://mawi.nezu.wide.ad.jp/mawi/samplepoint-B/2004/200403011400.dump.gz,4403513,4388738,4056349,228961
http://mawi.nezu.wide.ad.jp/mawi/samplepoint-B/2004/200403021400.dump.gz,4129031,4117688,3762688,280734
http://mawi.nezu.wide.ad.jp/mawi/samplepoint-B/2004/200403031400.dump.gz,4021816,4012984,3589256,355712
http://mawi.nezu.wide.ad.jp/mawi/samplepoint-B/2004/200403041400.dump.gz,4315129,4299975,3866306,334540
http://mawi.nezu.wide.ad.jp/mawi/samplepoint-B/2004/200403051400.dump.gz,3948843,3938912,3582504,261418
http://mawi.nezu.wide.ad.jp/mawi/samplepoint-B/2004/200403061400.dump.gz,3551769,3544557,3263684,208233
http://mawi.nezu.wide.ad.jp/mawi/samplepoint-B/2004/200403071400.dump.gz,2951418,2946686,2696345,174158
http://mawi.nezu.wide.ad.jp/mawi/samplepoint-B/2004/200403081400.dump.gz,4500801,4484282,4134622,247406
http://mawi.nezu.wide.ad.jp/mawi/samplepoint-B/2004/200403091230.dump.gz,42810078,42789881,2289912,40432061
http://mawi.nezu.wide.ad.jp/mawi/samplepoint-B/2004/200403101400.dump.gz,4206090,4196568,3748327,372919
http://mawi.nezu.wide.ad.jp/mawi/samplepoint-B/2004/200403111400.dump.gz,3931007,3920176,3487609,339235
http://mawi.nezu.wide.ad.jp/mawi/samplepoint-B/2004/200403121400.dump.gz,3716904,3710607,3221801,403518
http://mawi.nezu.wide.ad.jp/mawi/samplepoint-B/2004/200403131400.dump.gz,3674021,3669384,3323393,257133
http://mawi.nezu.wide.ad.jp/mawi/samplepoint-B/2004/200403141400.dump.gz,3608094,3604285,3289400,218177
http://mawi.nezu.wide.ad.jp/mawi/samplepoint-B/2004/200403151400.dump.gz,3759262,3750193,3349794,325284
http://mawi.nezu.wide.ad.jp/mawi/samplepoint-B/2004/200403161400.dump.gz,4314870,4305264,3795859,423839
http://mawi.nezu.wide.ad.jp/mawi/samplepoint-B/2004/200403171400.dump.gz,7406827,7343017,6403571,628058
http://mawi.nezu.wide.ad.jp/mawi/samplepoint-B/2004/200403181400.dump.gz,6840115,6782202,5850958,592311
http://mawi.nezu.wide.ad.jp/mawi/samplepoint-B/2004/200403191400.dump.gz,6352152,6303035,5527570,489735
http://mawi.nezu.wide.ad.jp/mawi/samplepoint-B/2004/200403201400.dump.gz,6180309,6134181,4983740,815525
http://mawi.nezu.wide.ad.jp/mawi/samplepoint-B/2004/200403211400.dump.gz,5146864,5112896,4493607,345514
http://mawi.nezu.wide.ad.jp/mawi/samplepoint-B/2004/200403221400.dump.gz,6256599,6211653,5557424,370032
http://mawi.nezu.wide.ad.jp/mawi/samplepoint-B/2004/200403231400.dump.gz,7508116,7440614,6664689,387976
http://mawi.nezu.wide.ad.jp/mawi/samplepoint-B/2004/200403241400.dump.gz,7426565,7364235,6418031,639880
http://mawi.nezu.wide.ad.jp/mawi/samplepoint-B/2004/200403251400.dump.gz,7376826,7312587,6496697,529769
http://mawi.nezu.wide.ad.jp/mawi/samplepoint-B/2004/200403261400.dump.gz,7607216,7536806,6758857,485953
http://mawi.nezu.wide.ad.jp/mawi/samplepoint-B/2004/200403271400.dump.gz,6595546,6543839,5950195,319801
http://mawi.nezu.wide.ad.jp/mawi/samplepoint-B/2004/200403281400.dump.gz,6183757,6140005,5407127,466319
http://mawi.nezu.wide.ad.jp/mawi/samplepoint-B/2004/200403291400.dump.gz,7103970,7042660,6222341,513680
http://mawi.nezu.wide.ad.jp/mawi/samplepoint-B/2004/200403301400.dump.gz,7613699,7542971,6787489,447425
http://mawi.nezu.wide.ad.jp/mawi/samplepoint-B/2004/200403311400.dump.gz,6457132,6406046,5670952,418368
http://mawi.nezu.wide.ad.jp/mawi/samplepoint-B/2004/200404011400.dump.gz,7041433,6980302,6083973,397238
http://mawi.nezu.wide.ad.jp/mawi/samplepoint-B/2004/200404021400.dump.gz,6780422,6726140,6023306,402702
http://mawi.nezu.wide.ad.jp/mawi/samplepoint-B/2004/200404031400.dump.gz,5942695,5898951,5226138,342323
http://mawi.nezu.wide.ad.jp/mawi/samplepoint-B/2004/200404041400.dump.gz,5372922,5338530,4728353,374299
http://mawi.nezu.wide.ad.jp/mawi/samplepoint-B/2004/200404051400.dump.gz,7314320,7248907,6604380,347616
http://mawi.nezu.wide.ad.jp/mawi/samplepoint-B/2004/200404061400.dump.gz,7328846,7269220,6453354,457086
http://mawi.nezu.wide.ad.jp/mawi/samplepoint-B/2004/200404071400.dump.gz,7051036,6990152,4848148,1872359
http://mawi.nezu.wide.ad.jp/mawi/samplepoint-B/2004/200404081400.dump.gz,7826292,7755278,6855241,510745
http://mawi.nezu.wide.ad.jp/mawi/samplepoint-B/2004/200404091400.dump.gz,7778150,7719781,6778905,642908
http://mawi.nezu.wide.ad.jp/mawi/samplepoint-B/2004/200404101400.dump.gz,6333070,6294508,5373702,652918
http://mawi.nezu.wide.ad.jp/mawi/samplepoint-B/2004/200404111400.dump.gz,6405486,6358699,5137494,298755
http://mawi.nezu.wide.ad.jp/mawi/samplepoint-B/2004/200404121400.dump.gz,7761024,7696437,7063491,336620
http://mawi.nezu.wide.ad.jp/mawi/samplepoint-B/2004/200404131400.dump.gz,7872915,7807903,7014835,446128
http://mawi.nezu.wide.ad.jp/mawi/samplepoint-B/2004/200404141400.dump.gz,8922398,8845768,7940488,574921
http://mawi.nezu.wide.ad.jp/mawi/samplepoint-B/2004/200404151400.dump.gz,8716199,8645548,7824194,490597
http://mawi.nezu.wide.ad.jp/mawi/samplepoint-B/2004/200404161400.dump.gz,10463763,10371093,9454638,546462
http://mawi.nezu.wide.ad.jp/mawi/samplepoint-B/2004/200404171400.dump.gz,7208944,7155339,6390347,433459
http://mawi.nezu.wide.ad.jp/mawi/samplepoint-B/2004/200404181400.dump.gz,8565322,8500310,5847397,442019
http://mawi.nezu.wide.ad.jp/mawi/samplepoint-B/2004/200404191400.dump.gz,9765763,9679252,7952100,1195294
http://mawi.nezu.wide.ad.jp/mawi/samplepoint-B/2004/200404201400.dump.gz,9787115,9703141,8852125,489189
http://mawi.nezu.wide.ad.jp/mawi/samplepoint-B/2004/200404211400.dump.gz,9416815,9341454,8534330,502880
http://mawi.nezu.wide.ad.jp/mawi/samplepoint-B/2004/200404221400.dump.gz,10457679,10353654,9394423,566295
http://mawi.nezu.wide.ad.jp/mawi/samplepoint-B/2004/200404231400.dump.gz,9872111,9791069,7924061,417977
http://mawi.nezu.wide.ad.jp/mawi/samplepoint-B/2004/200404241400.dump.gz,7419990,7359461,6652986,379225
http://mawi.nezu.wide.ad.jp/mawi/samplepoint-B/2004/200404251400.dump.gz,8714378,8638440,6229430,317106
http://mawi.nezu.wide.ad.jp/mawi/samplepoint-B/2004/200404261400.dump.gz,11294728,11194845,8728446,439838
http://mawi.nezu.wide.ad.jp/mawi/samplepoint-B/2004/200404271400.dump.gz,9806805,9718050,8873754,440063
http://mawi.nezu.wide.ad.jp/mawi/samplepoint-B/2004/200404281400.dump.gz,10579341,10475296,9567841,455778
http://mawi.nezu.wide.ad.jp/mawi/samplepoint-B/2004/200404291400.dump.gz,8543531,8462273,7631736,483555
http://mawi.nezu.wide.ad.jp/mawi/samplepoint-B/2004/200404301400.dump.gz,8790853,8710158,7973576,371718
http://mawi.nezu.wide.ad.jp/mawi/samplepoint-B/2004/200405011400.dump.gz,7635626,7572228,6960507,302422
http://mawi.nezu.wide.ad.jp/mawi/samplepoint-B/2004/200405021400.dump.gz,6641781,6591414,5932890,337057
http://mawi.nezu.wide.ad.jp/mawi/samplepoint-B/2004/200405031400.dump.gz,7154774,7096605,6414725,284869
http://mawi.nezu.wide.ad.jp/mawi/samplepoint-B/2004/200405041400.dump.gz,8051123,7983370,7141170,460417
http://mawi.nezu.wide.ad.jp/mawi/samplepoint-B/2004/200405051400.dump.gz,8004167,7932748,7176131,419367
http://mawi.nezu.wide.ad.jp/mawi/samplepoint-B/2004/200405061400.dump.gz,10723314,10613406,9507676,699853
http://mawi.nezu.wide.ad.jp/mawi/samplepoint-B/2004/200405071400.dump.gz,9598466,9505505,8716526,415472
http://mawi.nezu.wide.ad.jp/mawi/samplepoint-B/2004/200405081400.dump.gz,8520295,8443739,7556815,483514
http://mawi.nezu.wide.ad.jp/mawi/samplepoint-B/2004/200405091400.dump.gz,6708864,6651870,5863959,397716
http://mawi.nezu.wide.ad.jp/mawi/samplepoint-B/2004/200405101400.dump.gz,9032875,8949323,8224649,367844
http://mawi.nezu.wide.ad.jp/mawi/samplepoint-B/2004/200405111400.dump.gz,9270949,9178972,8323198,488963
http://mawi.nezu.wide.ad.jp/mawi/samplepoint-B/2004/200405121400.dump.gz,9383352,9285105,8434177,396001
http://mawi.nezu.wide.ad.jp/mawi/samplepoint-B/2004/200405131400.dump.gz,8686894,8599927,7740490,495355
http://mawi.nezu.wide.ad.jp/mawi/samplepoint-B/2004/200405141400.dump.gz,8311484,8228391,7351182,503973
http://mawi.nezu.wide.ad.jp/mawi/samplepoint-B/2004/200405151400.dump.gz,7507952,7447911,6717018,445810
http://mawi.nezu.wide.ad.jp/mawi/samplepoint-B/2004/200405161400.dump.gz,6586544,6533606,5873450,346067
http://mawi.nezu.wide.ad.jp/mawi/samplepoint-B/2004/200405171400.dump.gz,8693817,8612576,7798714,451694
http://mawi.nezu.wide.ad.jp/mawi/samplepoint-B/2004/200405181400.dump.gz,8882516,8795678,7770357,592365
http://mawi.nezu.wide.ad.jp/mawi/samplepoint-B/2004/200405191400.dump.gz,8696522,8605024,7720500,444771
http://mawi.nezu.wide.ad.jp/mawi/samplepoint-B/2004/200405211345.dump.gz,11967364,11847512,10377586,970049
http://mawi.nezu.wide.ad.jp/mawi/samplepoint-B/2004/200405221400.dump.gz,6472141,6422152,5675616,459876
http://mawi.nezu.wide.ad.jp/mawi/samplepoint-B/2004/200405231400.dump.gz,4533038,4508343,3703906,432254
http://mawi.nezu.wide.ad.jp/mawi/samplepoint-B/2004/200405241400.dump.gz,7686501,7616976,6733725,477330
http://mawi.nezu.wide.ad.jp/mawi/samplepoint-B/2004/200405251400.dump.gz,8432431,8349305,7364544,541465
http://mawi.nezu.wide.ad.jp/mawi/samplepoint-B/2004/200405261400.dump.gz,8201121,8124732,7273833,513656
http://mawi.nezu.wide.ad.jp/mawi/samplepoint-B/2004/200405271400.dump.gz,8951724,8859999,7919393,542250
http://mawi.nezu.wide.ad.jp/mawi/samplepoint-B/2004/200405281400.dump.gz,7424035,7357859,6599146,405499
http://mawi.nezu.wide.ad.jp/mawi/samplepoint-B/2004/200405291400.dump.gz,6003289,5964148,5271731,402175
http://mawi.nezu.wide.ad.jp/mawi/samplepoint-B/2004/200405301400.dump.gz,5470926,5438660,4751046,396103
http://mawi.nezu.wide.ad.jp/mawi/samplepoint-B/2004/200405311400.dump.gz,7834005,7764936,6782452,606383
http://mawi.nezu.wide.ad.jp/mawi/samplepoint-B/2004/200406011400.dump.gz,7055603,6997689,6267136,447279
http://mawi.nezu.wide.ad.jp/mawi/samplepoint-B/2004/200406021400.dump.gz,6714494,6665441,5904839,361504
http://mawi.nezu.wide.ad.jp/mawi/samplepoint-B/2004/200406031400.dump.gz,6738223,6686031,5885362,481971
http://mawi.nezu.wide.ad.jp/mawi/samplepoint-B/2004/200406041400.dump.gz,6491857,6440833,5647949,532107
http://mawi.nezu.wide.ad.jp/mawi/samplepoint-B/2004/200406051400.dump.gz,6342019,6297409,4258941,1777734
http://mawi.nezu.wide.ad.jp/mawi/samplepoint-B/2004/200406061400.dump.gz,4234439,4215052,3401097,590169
http://mawi.nezu.wide.ad.jp/mawi/samplepoint-B/2004/200406071400.dump.gz,6922512,6865630,6086576,532139
http://mawi.nezu.wide.ad.jp/mawi/samplepoint-B/2004/200406081400.dump.gz,5951756,5912403,5113136,578078
http://mawi.nezu.wide.ad.jp/mawi/samplepoint-B/2004/200406091400.dump.gz,6448020,6402839,5720730,431666
http://mawi.nezu.wide.ad.jp/mawi/samplepoint-B/2004/200406101400.dump.gz,6526380,6480986,5524915,656291
http://mawi.nezu.wide.ad.jp/mawi/samplepoint-B/2004/200406111400.dump.gz,6020817,5981630,5362761,385283
http://mawi.nezu.wide.ad.jp/mawi/samplepoint-B/2004/200406121400.dump.gz,4667072,4643765,4004399,449194
http://mawi.nezu.wide.ad.jp/mawi/samplepoint-B/2004/200406131400.dump.gz,3997196,3979369,3388798,404487
http://mawi.nezu.wide.ad.jp/mawi/samplepoint-B/2004/200406141400.dump.gz,6729915,6680162,5879790,548406
http://mawi.nezu.wide.ad.jp/mawi/samplepoint-B/2004/200406151400.dump.gz,7324084,7259504,6464679,513301
http://mawi.nezu.wide.ad.jp/mawi/samplepoint-B/2004/200406161400.dump.gz,7161658,7100573,5986709,815778
http://mawi.nezu.wide.ad.jp/mawi/samplepoint-B/2004/200406171400.dump.gz,7159785,7096630,6258311,524639
http://mawi.nezu.wide.ad.jp/mawi/samplepoint-B/2004/200406181400.dump.gz,6666344,6616186,5648911,636348
http://mawi.nezu.wide.ad.jp/mawi/samplepoint-B/2004/200406191400.dump.gz,5273840,5238913,4494971,502267
http://mawi.nezu.wide.ad.jp/mawi/samplepoint-B/2004/200406201400.dump.gz,4114692,4098403,3465429,411924
http://mawi.nezu.wide.ad.jp/mawi/samplepoint-B/2004/200406211400.dump.gz,6571811,6526009,5662425,570693
http://mawi.nezu.wide.ad.jp/mawi/samplepoint-B/2004/200406221400.dump.gz,6504300,6457066,5659404,541689
http://mawi.nezu.wide.ad.jp/mawi/samplepoint-B/2004/200406231400.dump.gz,7046142,6986597,6293568,421041
http://mawi.nezu.wide.ad.jp/mawi/samplepoint-B/2004/200406241400.dump.gz,6609113,6559253,5726504,584751
http://mawi.nezu.wide.ad.jp/mawi/samplepoint-B/2004/200406251400.dump.gz,6777519,6726004,5817525,640712
http://mawi.nezu.wide.ad.jp/mawi/samplepoint-B/2004/200406261400.dump.gz,5041681,5014557,4296646,486016
http://mawi.nezu.wide.ad.jp/mawi/samplepoint-B/2004/200406271400.dump.gz,4670558,4647369,3997260,465376
http://mawi.nezu.wide.ad.jp/mawi/samplepoint-B/2004/200406281400.dump.gz,6608469,6555836,5787720,516011
http://mawi.nezu.wide.ad.jp/mawi/samplepoint-B/2004/200406291400.dump.gz,8018466,7945690,7148048,499387
http://mawi.nezu.wide.ad.jp/mawi/samplepoint-B/2004/200406301400.dump.gz,6152542,6108835,5234558,466370
http://mawi.nezu.wide.ad.jp/mawi/samplepoint-B/2004/200407011400.dump.gz,6288403,6245051,5314328,621129
http://mawi.nezu.wide.ad.jp/mawi/samplepoint-B/2004/200407021400.dump.gz,7029608,6973414,6159773,581157
http://mawi.nezu.wide.ad.jp/mawi/samplepoint-B/2004/200407031400.dump.gz,5289067,5258007,4446104,578605
http://mawi.nezu.wide.ad.jp/mawi/samplepoint-B/2004/200407041400.dump.gz,4431000,4406878,3569171,656846
http://mawi.nezu.wide.ad.jp/mawi/samplepoint-B/2004/200407051400.dump.gz,5932113,5889760,5270211,396773
http://mawi.nezu.wide.ad.jp/mawi/samplepoint-B/2004/200407061400.dump.gz,6028653,5983015,5430643,342657
http://mawi.nezu.wide.ad.jp/mawi/samplepoint-B/2004/200407071400.dump.gz,6088231,6043406,5232170,609866
http://mawi.nezu.wide.ad.jp/mawi/samplepoint-B/2004/200407081400.dump.gz,6734482,6677339,5931409,543347
http://mawi.nezu.wide.ad.jp/mawi/samplepoint-B/2004/200407091400.dump.gz,6486274,6432458,5700971,488819
http://mawi.nezu.wide.ad.jp/mawi/samplepoint-B/2004/200407101400.dump.gz,5516752,5479281,4724400,550261
http://mawi.nezu.wide.ad.jp/mawi/samplepoint-B/2004/200407111400.dump.gz,4251560,4229093,3570641,481453
http://mawi.nezu.wide.ad.jp/mawi/samplepoint-B/2004/200407121400.dump.gz,6709525,6653334,5854006,531952
http://mawi.nezu.wide.ad.jp/mawi/samplepoint-B/2004/200407131400.dump.gz,6781166,6725849,5902802,556220
http://mawi.nezu.wide.ad.jp/mawi/samplepoint-B/2004/200407141400.dump.gz,7361281,7298204,6464962,566864
http://mawi.nezu.wide.ad.jp/mawi/samplepoint-B/2004/200407151400.dump.gz,6877851,6818711,5978747,561432
http://mawi.nezu.wide.ad.jp/mawi/samplepoint-B/2004/200407161400.dump.gz,6473296,6419577,5621959,525449
http://mawi.nezu.wide.ad.jp/mawi/samplepoint-B/2004/200407171400.dump.gz,5986727,5941449,4992300,645913
http://mawi.nezu.wide.ad.jp/mawi/samplepoint-B/2004/200407181400.dump.gz,4430855,4406307,3831586,328105
http://mawi.nezu.wide.ad.jp/mawi/samplepoint-B/2004/200407191400.dump.gz,6454578,6401162,5464967,519762
http://mawi.nezu.wide.ad.jp/mawi/samplepoint-B/2004/200407201400.dump.gz,7182177,7121060,6182132,640311
http://mawi.nezu.wide.ad.jp/mawi/samplepoint-B/2004/200407211400.dump.gz,7672147,7606196,6782847,470402
http://mawi.nezu.wide.ad.jp/mawi/samplepoint-B/2004/200407221400.dump.gz,7013141,6953443,5990084,685287
http://mawi.nezu.wide.ad.jp/mawi/samplepoint-B/2004/200407231400.dump.gz,7073664,7014629,6089312,639529
http://mawi.nezu.wide.ad.jp/mawi/samplepoint-B/2004/200407241400.dump.gz,5561674,5523078,4858819,427094
http://mawi.nezu.wide.ad.jp/mawi/samplepoint-B/2004/200407251400.dump.gz,5777471,5741016,4985500,512472
http://mawi.nezu.wide.ad.jp/mawi/samplepoint-B/2004/200407261400.dump.gz,7431288,7367806,6459684,595576
http://mawi.nezu.wide.ad.jp/mawi/samplepoint-B/2004/200407271400.dump.gz,7672303,7608120,6798269,515418
http://mawi.nezu.wide.ad.jp/mawi/samplepoint-B/2004/200407281400.dump.gz,7396495,7343753,6147160,885237
http://mawi.nezu.wide.ad.jp/mawi/samplepoint-B/2004/200407291400.dump.gz,8104620,8044994,7034070,766614
http://mawi.nezu.wide.ad.jp/mawi/samplepoint-B/2004/200407301400.dump.gz,8332940,8264327,7138000,796149
http://mawi.nezu.wide.ad.jp/mawi/samplepoint-B/2004/200407311400.dump.gz,7605031,7556575,6442591,853933
http://mawi.nezu.wide.ad.jp/mawi/samplepoint-B/2004/200408011400.dump.gz,6591957,6556890,5719228,593150
http://mawi.nezu.wide.ad.jp/mawi/samplepoint-B/2004/200408021400.dump.gz,8193645,8129901,3005432,3320259
http://mawi.nezu.wide.ad.jp/mawi/samplepoint-B/2004/200408031400.dump.gz,8872305,8803441,7783141,725480
http://mawi.nezu.wide.ad.jp/mawi/samplepoint-B/2004/200408041400.dump.gz,9429876,9357003,8211818,823266
http://mawi.nezu.wide.ad.jp/mawi/samplepoint-B/2004/200408051400.dump.gz,8963435,8896023,7849275,744696
http://mawi.nezu.wide.ad.jp/mawi/samplepoint-B/2004/200408061400.dump.gz,8535307,8472672,7560929,646000
http://mawi.nezu.wide.ad.jp/mawi/samplepoint-B/2004/200408071400.dump.gz,7989782,7941714,7124893,554577
http://mawi.nezu.wide.ad.jp/mawi/samplepoint-B/2004/200408081400.dump.gz,7634133,7596209,6683611,543534
http://mawi.nezu.wide.ad.jp/mawi/samplepoint-B/2004/200408091400.dump.gz,8882038,8820310,7885928,599747
http://mawi.nezu.wide.ad.jp/mawi/samplepoint-B/2004/200408101400.dump.gz,8769178,8705758,7700584,702317
http://mawi.nezu.wide.ad.jp/mawi/samplepoint-B/2004/200408111400.dump.gz,9209145,9147554,8162255,710645
http://mawi.nezu.wide.ad.jp/mawi/samplepoint-B/2004/200408121400.dump.gz,9367097,9292314,8189048,788160
http://mawi.nezu.wide.ad.jp/mawi/samplepoint-B/2004/200408131400.dump.gz,9589096,9518644,8507787,655813
http://mawi.nezu.wide.ad.jp/mawi/samplepoint-B/2004/200408141400.dump.gz,8229531,8180118,6949436,883276
http://mawi.nezu.wide.ad.jp/mawi/samplepoint-B/2004/200408151400.dump.gz,8158486,8111770,7236860,568606
http://mawi.nezu.wide.ad.jp/mawi/samplepoint-B/2004/200408161400.dump.gz,9157950,9092941,8080083,682385
http://mawi.nezu.wide.ad.jp/mawi/samplepoint-B/2004/200408171400.dump.gz,9598542,9538998,8529960,663483
http://mawi.nezu.wide.ad.jp/mawi/samplepoint-B/2004/200408181400.dump.gz,10013023,9932388,8834089,751239
http://mawi.nezu.wide.ad.jp/mawi/samplepoint-B/2004/200408191400.dump.gz,10346083,10257819,8809799,1096082
http://mawi.nezu.wide.ad.jp/mawi/samplepoint-B/2004/200408201400.dump.gz,9976412,9893919,8748102,764437
http://mawi.nezu.wide.ad.jp/mawi/samplepoint-B/2004/200408211400.dump.gz,9702844,9646981,8908601,473461
http://mawi.nezu.wide.ad.jp/mawi/samplepoint-B/2004/200408221400.dump.gz,8589316,8539233,7745781,529781
http://mawi.nezu.wide.ad.jp/mawi/samplepoint-B/2004/200408231400.dump.gz,10084627,9996376,8923303,696015
http://mawi.nezu.wide.ad.jp/mawi/samplepoint-B/2004/200408241400.dump.gz,10424494,10334018,8951977,1023157
http://mawi.nezu.wide.ad.jp/mawi/samplepoint-B/2004/200408251400.dump.gz,9854802,9772797,8745624,750029
http://mawi.nezu.wide.ad.jp/mawi/samplepoint-B/2004/200408261400.dump.gz,9142743,9080280,8177526,637068
http://mawi.nezu.wide.ad.jp/mawi/samplepoint-B/2004/200408271400.dump.gz,9286338,9230238,8156208,774612
http://mawi.nezu.wide.ad.jp/mawi/samplepoint-B/2004/200408281400.dump.gz,9697114,9647306,8838725,470708
http://mawi.nezu.wide.ad.jp/mawi/samplepoint-B/2004/200408291400.dump.gz,8083829,8051241,7341432,446564
http://mawi.nezu.wide.ad.jp/mawi/samplepoint-B/2004/200408301400.dump.gz,7986477,7948949,7181401,484065
http://mawi.nezu.wide.ad.jp/mawi/samplepoint-B/2004/200408311400.dump.gz,8343149,8297964,7265093,721186
http://mawi.nezu.wide.ad.jp/mawi/samplepoint-B/2004/200409011400.dump.gz,9614378,9554727,8478369,703595
http://mawi.nezu.wide.ad.jp/mawi/samplepoint-B/2004/200409021400.dump.gz,8568809,8518142,7550553,660433
http://mawi.nezu.wide.ad.jp/mawi/samplepoint-B/2004/200409031400.dump.gz,8713787,8660454,7664065,699955
http://mawi.nezu.wide.ad.jp/mawi/samplepoint-B/2004/200409041400.dump.gz,9647899,9601813,8799749,509447
http://mawi.nezu.wide.ad.jp/mawi/samplepoint-B/2004/200409051400.dump.gz,8269697,8241537,7533167,430793
http://mawi.nezu.wide.ad.jp/mawi/samplepoint-B/2004/200409061400.dump.gz,8335655,8286567,7284604,699377
http://mawi.nezu.wide.ad.jp/mawi/samplepoint-B/2004/200409071400.dump.gz,8676597,8623789,7529309,713667
http://mawi.nezu.wide.ad.jp/mawi/samplepoint-B/2004/200409081400.dump.gz,8562106,8512435,7452933,705098
http://mawi.nezu.wide.ad.jp/mawi/samplepoint-B/2004/200409091400.dump.gz,8969292,8912202,8072945,553380
http://mawi.nezu.wide.ad.jp/mawi/samplepoint-B/2004/200409101400.dump.gz,8501459,8456383,6346150,1764644
http://mawi.nezu.wide.ad.jp/mawi/samplepoint-B/2004/200409111400.dump.gz,10063186,10020315,9123440,454024
http://mawi.nezu.wide.ad.jp/mawi/samplepoint-B/2004/200409121400.dump.gz,8864409,8828922,8064718,520973
http://mawi.nezu.wide.ad.jp/mawi/samplepoint-B/2004/200409131400.dump.gz,9348202,9279632,6930724,1975327
http://mawi.nezu.wide.ad.jp/mawi/samplepoint-B/2004/200409141400.dump.gz,9128284,9066148,7981753,744270
http://mawi.nezu.wide.ad.jp/mawi/samplepoint-B/2004/200409151400.dump.gz,9706969,9638547,8374466,799539
http://mawi.nezu.wide.ad.jp/mawi/samplepoint-B/2004/200409161400.dump.gz,8467839,8418228,7442780,680961
http://mawi.nezu.wide.ad.jp/mawi/samplepoint-B/2004/200409171400.dump.gz,8169333,8124203,7222515,606223
http://mawi.nezu.wide.ad.jp/mawi/samplepoint-B/2004/200409181400.dump.gz,9749239,9705869,8782527,535400
http://mawi.nezu.wide.ad.jp/mawi/samplepoint-B/2004/200409191400.dump.gz,8318512,8288237,7467049,516910
http://mawi.nezu.wide.ad.jp/mawi/samplepoint-B/2004/200409201400.dump.gz,4658142,4636355,3799141,661619
http://mawi.nezu.wide.ad.jp/mawi/samplepoint-B/2004/200409211400.dump.gz,6127315,6090394,5184393,710819
http://mawi.nezu.wide.ad.jp/mawi/samplepoint-B/2004/200409221400.dump.gz,6025107,5987595,5097654,621087
http://mawi.nezu.wide.ad.jp/mawi/samplepoint-B/2004/200409231400.dump.gz,4862231,4839001,4004323,633780
http://mawi.nezu.wide.ad.jp/mawi/samplepoint-B/2004/200409241400.dump.gz,6146211,6106127,5254287,544372
http://mawi.nezu.wide.ad.jp/mawi/samplepoint-B/2004/200409251400.dump.gz,5763382,5726819,4927536,566519
http://mawi.nezu.wide.ad.jp/mawi/samplepoint-B/2004/200409261400.dump.gz,4739295,4715803,4096277,402507
http://mawi.nezu.wide.ad.jp/mawi/samplepoint-B/2004/200409271400.dump.gz,6429220,6388026,5435835,730070
http://mawi.nezu.wide.ad.jp/mawi/samplepoint-B/2004/200409281400.dump.gz,6772034,6721765,5399282,1061425
http://mawi.nezu.wide.ad.jp/mawi/samplepoint-B/2004/200409291400.dump.gz,6484272,6439629,5311456,896730
http://mawi.nezu.wide.ad.jp/mawi/samplepoint-B/2004/200409301400.dump.gz,5620196,5589187,4376534,997283
http://mawi.nezu.wide.ad.jp/mawi/samplepoint-B/2004/200410011400.dump.gz,6113886,6078134,4728111,1108549
http://mawi.nezu.wide.ad.jp/mawi/samplepoint-B/2004/200410021400.dump.gz,5269220,5241133,4340808,722263
http://mawi.nezu.wide.ad.jp/mawi/samplepoint-B/2004/200410031400.dump.gz,4180414,4163182,3247278,757377
http://mawi.nezu.wide.ad.jp/mawi/samplepoint-B/2004/200410041400.dump.gz,5640932,5610782,4528246,853129
http://mawi.nezu.wide.ad.jp/mawi/samplepoint-B/2004/200410051400.dump.gz,6577092,6536168,5530981,782300
http://mawi.nezu.wide.ad.jp/mawi/samplepoint-B/2004/200410061400.dump.gz,6438570,6398941,5509504,660164
http://mawi.nezu.wide.ad.jp/mawi/samplepoint-B/2004/200410071400.dump.gz,6376452,6338043,5480731,616428
http://mawi.nezu.wide.ad.jp/mawi/samplepoint-B/2004/200410081400.dump.gz,5881400,5845892,4964764,670367
http://mawi.nezu.wide.ad.jp/mawi/samplepoint-B/2004/200410091400.dump.gz,4979455,4954292,4140893,618545
http://mawi.nezu.wide.ad.jp/mawi/samplepoint-B/2004/200410101400.dump.gz,3786750,3773357,3146504,443258
http://mawi.nezu.wide.ad.jp/mawi/samplepoint-B/2004/200410111400.dump.gz,4260022,4242497,3502298,571770
http://mawi.nezu.wide.ad.jp/mawi/samplepoint-B/2004/200410121400.dump.gz,6396276,6353529,5458204,644076
http://mawi.nezu.wide.ad.jp/mawi/samplepoint-B/2004/200410131400.dump.gz,6924079,6881419,5709123,771030
http://mawi.nezu.wide.ad.jp/mawi/samplepoint-B/2004/200410141400.dump.gz,8180864,8070312,1308668,5814907
http://mawi.nezu.wide.ad.jp/mawi/samplepoint-B/2004/200410151400.dump.gz,6071716,6035280,5077890,716438
http://mawi.nezu.wide.ad.jp/mawi/samplepoint-B/2004/200410161400.dump.gz,4639487,4617144,3830134,576283
http://mawi.nezu.wide.ad.jp/mawi/samplepoint-B/2004/200410171400.dump.gz,3951114,3935289,3270620,498760
http://mawi.nezu.wide.ad.jp/mawi/samplepoint-B/2004/200410181400.dump.gz,5826758,5795322,4744058,845458
http://mawi.nezu.wide.ad.jp/mawi/samplepoint-B/2004/200410191400.dump.gz,6589821,6549517,5311861,805043
http://mawi.nezu.wide.ad.jp/mawi/samplepoint-B/2004/200410201400.dump.gz,5602200,5572386,4591940,803145
http://mawi.nezu.wide.ad.jp/mawi/samplepoint-B/2004/200410211400.dump.gz,6123416,6031498,5134914,759841
http://mawi.nezu.wide.ad.jp/mawi/samplepoint-B/2004/200410221400.dump.gz,5775108,5695013,4841500,701718
http://mawi.nezu.wide.ad.jp/mawi/samplepoint-B/2004/200410231400.dump.gz,5348297,5277683,4520080,539842
http://mawi.nezu.wide.ad.jp/mawi/samplepoint-B/2004/200410241400.dump.gz,3252585,3232145,2635974,462360
http://mawi.nezu.wide.ad.jp/mawi/samplepoint-B/2004/200410251400.dump.gz,5889578,5811148,4920873,767881
http://mawi.nezu.wide.ad.jp/mawi/samplepoint-B/2004/200410261400.dump.gz,6395488,6296445,5165037,984308
http://mawi.nezu.wide.ad.jp/mawi/samplepoint-B/2004/200410271400.dump.gz,7119716,7010478,5202678,1664232
http://mawi.nezu.wide.ad.jp/mawi/samplepoint-B/2004/200410281400.dump.gz,6657544,6553356,5589805,835735
http://mawi.nezu.wide.ad.jp/mawi/samplepoint-B/2004/200410291400.dump.gz,6237725,6157744,4618821,1421076
http://mawi.nezu.wide.ad.jp/mawi/samplepoint-B/2004/200410301400.dump.gz,4591703,4544103,3924152,457480
http://mawi.nezu.wide.ad.jp/mawi/samplepoint-B/2004/200410311400.dump.gz,4442446,4401434,3811212,479236
http://mawi.nezu.wide.ad.jp/mawi/samplepoint-B/2004/200411011400.dump.gz,6289960,6198870,5189728,850117
http://mawi.nezu.wide.ad.jp/mawi/samplepoint-B/2004/200411021400.dump.gz,6418268,6330785,5268665,878914
http://mawi.nezu.wide.ad.jp/mawi/samplepoint-B/2004/200411031400.dump.gz,5124888,5067492,4266974,664751
http://mawi.nezu.wide.ad.jp/mawi/samplepoint-B/2004/200411041400.dump.gz,6892509,6780932,5828108,787579
http://mawi.nezu.wide.ad.jp/mawi/samplepoint-B/2004/200411051400.dump.gz,5590762,5525248,4830728,560900
http://mawi.nezu.wide.ad.jp/mawi/samplepoint-B/2004/200411061400.dump.gz,5189474,5141690,4435226,564794
http://mawi.nezu.wide.ad.jp/mawi/samplepoint-B/2004/200411071400.dump.gz,4409464,4378433,3808560,421441
http://mawi.nezu.wide.ad.jp/mawi/samplepoint-B/2004/200411081400.dump.gz,5980582,5903217,5180354,549924
http://mawi.nezu.wide.ad.jp/mawi/samplepoint-B/2004/200411091400.dump.gz,6366225,6274034,5350177,791019
http://mawi.nezu.wide.ad.jp/mawi/samplepoint-B/2004/200411101400.dump.gz,6428905,6340179,5295673,756513
http://mawi.nezu.wide.ad.jp/mawi/samplepoint-B/2004/200411111400.dump.gz,6622198,6529508,5459334,799637
http://mawi.nezu.wide.ad.jp/mawi/samplepoint-B/2004/200411121400.dump.gz,6147669,6069389,5349871,531438
http://mawi.nezu.wide.ad.jp/mawi/samplepoint-B/2004/200411131400.dump.gz,6018884,5961796,5289868,478800
http://mawi.nezu.wide.ad.jp/mawi/samplepoint-B/2004/200411141400.dump.gz,6496968,6446474,5637713,613559
http://mawi.nezu.wide.ad.jp/mawi/samplepoint-B/2004/200411151400.dump.gz,6467190,6388578,5640573,563473
http://mawi.nezu.wide.ad.jp/mawi/samplepoint-B/2004/200411161400.dump.gz,7863584,7750704,6813779,747823
http://mawi.nezu.wide.ad.jp/mawi/samplepoint-B/2004/200411171400.dump.gz,8703576,8591959,7616397,735698
http://mawi.nezu.wide.ad.jp/mawi/samplepoint-B/2004/200411181400.dump.gz,7658631,7547587,6529294,802650
http://mawi.nezu.wide.ad.jp/mawi/samplepoint-B/2004/200411191400.dump.gz,6650873,6579785,5789318,640064
http://mawi.nezu.wide.ad.jp/mawi/samplepoint-B/2004/200411201400.dump.gz,8117753,8044467,7353075,494683
http://mawi.nezu.wide.ad.jp/mawi/samplepoint-B/2004/200411211400.dump.gz,7275630,7207455,6356705,667689
http://mawi.nezu.wide.ad.jp/mawi/samplepoint-B/2004/200411221400.dump.gz,7922380,7814849,6756881,650326
http://mawi.nezu.wide.ad.jp/mawi/samplepoint-B/2004/200411231400.dump.gz,8506623,8389233,7338943,703818
http://mawi.nezu.wide.ad.jp/mawi/samplepoint-B/2004/200411241400.dump.gz,8731743,8599852,7430365,766930
http://mawi.nezu.wide.ad.jp/mawi/samplepoint-B/2004/200411251400.dump.gz,9212085,9055829,7821458,831183
http://mawi.nezu.wide.ad.jp/mawi/samplepoint-B/2004/200411261400.dump.gz,8836656,8703298,7697585,662475
http://mawi.nezu.wide.ad.jp/mawi/samplepoint-B/2004/200411271400.dump.gz,9240509,9145197,8318161,527774
http://mawi.nezu.wide.ad.jp/mawi/samplepoint-B/2004/200411281400.dump.gz,11175296,11071936,9791806,613399
http://mawi.nezu.wide.ad.jp/mawi/samplepoint-B/2004/200411291400.dump.gz,11352268,11161115,9822261,648556
http://mawi.nezu.wide.ad.jp/mawi/samplepoint-B/2004/200411301400.dump.gz,10195875,10017927,8691586,634512
http://mawi.nezu.wide.ad.jp/mawi/samplepoint-B/2004/200412011400.dump.gz,9441820,9301632,7981058,805724
http://mawi.nezu.wide.ad.jp/mawi/samplepoint-B/2004/200412021400.dump.gz,9087877,8950776,7929029,565960
http://mawi.nezu.wide.ad.jp/mawi/samplepoint-B/2004/200412031400.dump.gz,10114315,9950934,8859120,558544
http://mawi.nezu.wide.ad.jp/mawi/samplepoint-B/2004/200412041400.dump.gz,10878285,10756422,9852828,554663
http://mawi.nezu.wide.ad.jp/mawi/samplepoint-B/2004/200412051400.dump.gz,5940313,5889737,5288211,377193
http://mawi.nezu.wide.ad.jp/mawi/samplepoint-B/2004/200412061400.dump.gz,9790307,9639561,8488365,623692
http://mawi.nezu.wide.ad.jp/mawi/samplepoint-B/2004/200412071400.dump.gz,9787706,9639272,8497938,678325
http://mawi.nezu.wide.ad.jp/mawi/samplepoint-B/2004/200412081400.dump.gz,10623624,10465148,9336734,611963
http://mawi.nezu.wide.ad.jp/mawi/samplepoint-B/2004/200412091400.dump.gz,11020922,10833493,9742986,681991
http://mawi.nezu.wide.ad.jp/mawi/samplepoint-B/2004/200412101400.dump.gz,10398502,10238353,9150960,637218
http://mawi.nezu.wide.ad.jp/mawi/samplepoint-B/2004/200412111400.dump.gz,10783669,10648535,9756634,472921
http://mawi.nezu.wide.ad.jp/mawi/samplepoint-B/2004/200412121400.dump.gz,9346023,9256953,8695854,346133
http://mawi.nezu.wide.ad.jp/mawi/samplepoint-B/2004/200412131400.dump.gz,10671940,10522584,9112832,999256
http://mawi.nezu.wide.ad.jp/mawi/samplepoint-B/2004/200412141400.dump.gz,9520374,9391798,8333351,556925
http://mawi.nezu.wide.ad.jp/mawi/samplepoint-B/2004/200412151400.dump.gz,11273621,11104701,9938457,689413
http://mawi.nezu.wide.ad.jp/mawi/samplepoint-B/2004/200412161400.dump.gz,10667876,10516818,9287718,774330
http://mawi.nezu.wide.ad.jp/mawi/samplepoint-B/2004/200412171400.dump.gz,9697596,9572933,8457387,678753
http://mawi.nezu.wide.ad.jp/mawi/samplepoint-B/2004/200412181400.dump.gz,10696709,10596059,9431994,620635
http://mawi.nezu.wide.ad.jp/mawi/samplepoint-B/2004/200412191400.dump.gz,9157336,9103478,8295956,570364
http://mawi.nezu.wide.ad.jp/mawi/samplepoint-B/2004/200412201400.dump.gz,10013328,9871689,8614532,807390
http://mawi.nezu.wide.ad.jp/mawi/samplepoint-B/2004/200412211400.dump.gz,10735598,10562245,9487053,604831
http://mawi.nezu.wide.ad.jp/mawi/samplepoint-B/2004/200412221400.dump.gz,11244182,11077812,9991020,651658
http://mawi.nezu.wide.ad.jp/mawi/samplepoint-B/2004/200412231400.dump.gz,9058915,8965832,7953339,638157
http://mawi.nezu.wide.ad.jp/mawi/samplepoint-B/2004/200412241400.dump.gz,10141108,10029470,9101288,632514
http://mawi.nezu.wide.ad.jp/mawi/samplepoint-B/2004/200412251400.dump.gz,9760172,9668278,8808819,556805
http://mawi.nezu.wide.ad.jp/mawi/samplepoint-B/2004/200412261400.dump.gz,8684094,8624372,7790188,598016
http://mawi.nezu.wide.ad.jp/mawi/samplepoint-B/2004/200412271345.dump.gz,27214927,26896461,3507730,23222428
http://mawi.nezu.wide.ad.jp/mawi/samplepoint-B/2004/200412281400.dump.gz,4725817,4677692,3994850,569446
http://mawi.nezu.wide.ad.jp/mawi/samplepoint-B/2004/200412291400.dump.gz,5089009,5027852,4145139,507652
http://mawi.nezu.wide.ad.jp/mawi/samplepoint-B/2004/200412301400.dump.gz,4140686,4103275,3208582,557783
http://mawi.nezu.wide.ad.jp/mawi/samplepoint-B/2004/200412311400.dump.gz,3202666,3182349,2413797,556162
