url,total,ip,tcp,udp
http://mawi.nezu.wide.ad.jp/mawi/samplepoint-A/1999/199902231911.dump.gz,1000,1000,601,369
http://mawi.nezu.wide.ad.jp/mawi/samplepoint-A/1999/199902241359.dump.gz,2096837,2096825,1590769,400974
http://mawi.nezu.wide.ad.jp/mawi/samplepoint-A/1999/199902251359.dump.gz,2096843,2096831,1689379,335851
http://mawi.nezu.wide.ad.jp/mawi/samplepoint-A/1999/199902261359.dump.gz,2096954,2096946,1046565,520309
http://mawi.nezu.wide.ad.jp/mawi/samplepoint-A/1999/199902271359.dump.gz,2096767,2096753,1746703,283615
http://mawi.nezu.wide.ad.jp/mawi/samplepoint-A/1999/199902281359.dump.gz,2096756,2096742,1866918,186043
http://mawi.nezu.wide.ad.jp/mawi/samplepoint-A/1999/199903011359.dump.gz,2096777,2096763,1788453,227343
http://mawi.nezu.wide.ad.jp/mawi/samplepoint-A/1999/199903021359.dump.gz,2096646,2096630,1673246,386568
http://mawi.nezu.wide.ad.jp/mawi/samplepoint-A/1999/199903031359.dump.gz,2096810,2096800,1753167,294487
http://mawi.nezu.wide.ad.jp/mawi/samplepoint-A/1999/199903041359.dump.gz,2096793,2096783,1801049,243322
http://mawi.nezu.wide.ad.jp/mawi/samplepoint-A/1999/199903051359.dump.gz,2096805,2096795,1829278,213741
http://mawi.nezu.wide.ad.jp/mawi/samplepoint-A/1999/199903061359.dump.gz,2096769,2096759,1819621,218174
http://mawi.nezu.wide.ad.jp/mawi/samplepoint-A/1999/199903071359.dump.gz,2096683,2096669,1470027,452912
http://mawi.nezu.wide.ad.jp/mawi/samplepoint-A/1999/199903081359.dump.gz,2096833,2096823,1812351,226916
http://mawi.nezu.wide.ad.jp/mawi/samplepoint-A/1999/199903091359.dump.gz,2096786,2096776,1762741,295858
http://mawi.nezu.wide.ad.jp/mawi/samplepoint-A/1999/199903101359.dump.gz,2096828,2096818,1803793,236278
http://mawi.nezu.wide.ad.jp/mawi/samplepoint-A/1999/199903111359.dump.gz,2096304,2096272,1420113,573570
http://mawi.nezu.wide.ad.jp/mawi/samplepoint-A/1999/199903121359.dump.gz,2096712,2096698,1761179,289333
http://mawi.nezu.wide.ad.jp/mawi/samplepoint-A/1999/199903131359.dump.gz,2096731,2096719,1785936,272486
http://mawi.nezu.wide.ad.jp/mawi/samplepoint-A/1999/199903141359.dump.gz,2096641,2096621,1700532,355534
http://mawi.nezu.wide.ad.jp/mawi/samplepoint-A/1999/199903151359.dump.gz,2096747,2096735,1697983,347102
http://mawi.nezu.wide.ad.jp/mawi/samplepoint-A/1999/199903161359.dump.gz,2096823,2096813,1771354,266019
http://mawi.nezu.wide.ad.jp/mawi/samplepoint-A/1999/199903171359.dump.gz,2096799,2096787,1730102,322722
http://mawi.nezu.wide.ad.jp/mawi/samplepoint-A/1999/199903181359.dump.gz,2096838,2096824,1653356,405644
http://mawi.nezu.wide.ad.jp/mawi/samplepoint-A/1999/199903191359.dump.gz,2096798,2096782,1650339,343387
http://mawi.nezu.wide.ad.jp/mawi/samplepoint-A/1999/199903201359.dump.gz,2096656,2096640,1604582,443883
http://mawi.nezu.wide.ad.jp/mawi/samplepoint-A/1999/199903211359.dump.gz,2096763,2096749,1836049,214829
http://mawi.nezu.wide.ad.jp/mawi/samplepoint-A/1999/199903221359.dump.gz,2096864,2096850,1608375,395948
http://mawi.nezu.wide.ad.jp/mawi/samplepoint-A/1999/199903231359.dump.gz,2096798,2096784,1704303,304750
http://mawi.nezu.wide.ad.jp/mawi/samplepoint-A/1999/199903241359.dump.gz,2096793,2096781,1763063,268562
http://mawi.nezu.wide.ad.jp/mawi/samplepoint-A/1999/199903251359.dump.gz,2096829,2096817,1668968,371495
http://mawi.nezu.wide.ad.jp/mawi/samplepoint-A/1999/199903261359.dump.gz,2096776,2096762,1433511,324058
http://mawi.nezu.wide.ad.jp/mawi/samplepoint-A/1999/199903271359.dump.gz,2096854,2096844,1693818,362355
http://mawi.nezu.wide.ad.jp/mawi/samplepoint-A/1999/199903281359.dump.gz,2096835,2096825,1426513,619594
http://mawi.nezu.wide.ad.jp/mawi/samplepoint-A/1999/199903291359.dump.gz,2096738,2096728,1184907,786774
http://mawi.nezu.wide.ad.jp/mawi/samplepoint-A/1999/199903301359.dump.gz,2096853,2096843,1786396,251145
http://mawi.nezu.wide.ad.jp/mawi/samplepoint-A/1999/199903311359.dump.gz,2096983,2096977,772065,1225510
http://mawi.nezu.wide.ad.jp/mawi/samplepoint-A/1999/199904011359.dump.gz,2097057,2097053,433671,1565280
http://mawi.nezu.wide.ad.jp/mawi/samplepoint-A/1999/199904021359.dump.gz,2096730,2096718,1819980,226400
http://mawi.nezu.wide.ad.jp/mawi/samplepoint-A/1999/199904031359.dump.gz,2096726,2096712,1733977,313181
http://mawi.nezu.wide.ad.jp/mawi/samplepoint-A/1999/199904041359.dump.gz,2096698,2096680,1655951,383196
http://mawi.nezu.wide.ad.jp/mawi/samplepoint-A/1999/199904051359.dump.gz,2096815,2096803,1718697,263320
http://mawi.nezu.wide.ad.jp/mawi/samplepoint-A/1999/199904061359.dump.gz,2096821,2096807,1746603,294139
http://mawi.nezu.wide.ad.jp/mawi/samplepoint-A/1999/199904081359.dump.gz,2096824,2096812,1813034,243146
http://mawi.nezu.wide.ad.jp/mawi/samplepoint-A/1999/199904091359.dump.gz,2096818,2096804,1842107,215799
http://mawi.nezu.wide.ad.jp/mawi/samplepoint-A/1999/199904101359.dump.gz,2096799,2096787,1836655,205649
http://mawi.nezu.wide.ad.jp/mawi/samplepoint-A/1999/199904111359.dump.gz,2096740,2096724,1797847,235229
http://mawi.nezu.wide.ad.jp/mawi/samplepoint-A/1999/199904121359.dump.gz,2096872,2096862,1760022,279159
http://mawi.nezu.wide.ad.jp/mawi/samplepoint-A/1999/199904131359.dump.gz,2096862,2096848,1772460,267025
http://mawi.nezu.wide.ad.jp/mawi/samplepoint-A/1999/199904141359.dump.gz,2096834,2096818,1747894,294449
http://mawi.nezu.wide.ad.jp/mawi/samplepoint-A/1999/199904151359.dump.gz,2096757,2096741,1779632,248821
http://mawi.nezu.wide.ad.jp/mawi/samplepoint-A/1999/199904161359.dump.gz,2096843,2096829,1634055,414269
http://mawi.nezu.wide.ad.jp/mawi/samplepoint-A/1999/199904171359.dump.gz,2096727,2096713,1787527,266217
http://mawi.nezu.wide.ad.jp/mawi/samplepoint-A/1999/199904181359.dump.gz,2096671,2096655,1811139,233469
http://mawi.nezu.wide.ad.jp/mawi/samplepoint-A/1999/199904191359.dump.gz,2096811,2096797,1770519,284856
http://mawi.nezu.wide.ad.jp/mawi/samplepoint-A/1999/199904201359.dump.gz,2096663,2096645,1670536,391784
http://mawi.nezu.wide.ad.jp/mawi/samplepoint-A/1999/199904211359.dump.gz,2096682,2096664,1722041,335797
http://mawi.nezu.wide.ad.jp/mawi/samplepoint-A/1999/199904221359.dump.gz,2096707,2096693,1864666,198475
http://mawi.nezu.wide.ad.jp/mawi/samplepoint-A/1999/199904231359.dump.gz,2096639,2096623,1816562,236069
http://mawi.nezu.wide.ad.jp/mawi/samplepoint-A/1999/199904241359.dump.gz,2096618,2096602,1865875,193601
http://mawi.nezu.wide.ad.jp/mawi/samplepoint-A/1999/199904251359.dump.gz,2096487,2096465,1780594,270806
http://mawi.nezu.wide.ad.jp/mawi/samplepoint-A/1999/199904261359.dump.gz,2096755,2096743,1686905,358148
http://mawi.nezu.wide.ad.jp/mawi/samplepoint-A/1999/199904271359.dump.gz,2096784,2096774,1731482,313202
http://mawi.nezu.wide.ad.jp/mawi/samplepoint-A/1999/199904281359.dump.gz,2096783,2096771,1736921,205203
http://mawi.nezu.wide.ad.jp/mawi/samplepoint-A/1999/199904291359.dump.gz,2096607,2096589,1781522,269637
http://mawi.nezu.wide.ad.jp/mawi/samplepoint-A/1999/199904301359.dump.gz,2096720,2096704,1623324,375985
http://mawi.nezu.wide.ad.jp/mawi/samplepoint-A/1999/199905011359.dump.gz,2096646,2096628,1810690,247224
http://mawi.nezu.wide.ad.jp/mawi/samplepoint-A/1999/199905021359.dump.gz,2096830,2096814,827423,1174104
http://mawi.nezu.wide.ad.jp/mawi/samplepoint-A/1999/199905031359.dump.gz,2096842,2096830,897690,1103807
http://mawi.nezu.wide.ad.jp/mawi/samplepoint-A/1999/199905041359.dump.gz,2096845,2096833,1060837,940539
http://mawi.nezu.wide.ad.jp/mawi/samplepoint-A/1999/199905051359.dump.gz,2096693,2096675,1463945,503169
http://mawi.nezu.wide.ad.jp/mawi/samplepoint-A/1999/199905061359.dump.gz,2096751,2096735,1715348,266097
http://mawi.nezu.wide.ad.jp/mawi/samplepoint-A/1999/199905071359.dump.gz,2096651,2096635,1677331,385853
http://mawi.nezu.wide.ad.jp/mawi/samplepoint-A/1999/199905081359.dump.gz,2096549,2096527,1765114,287404
http://mawi.nezu.wide.ad.jp/mawi/samplepoint-A/1999/199905091359.dump.gz,2096564,2096540,1819042,234300
http://mawi.nezu.wide.ad.jp/mawi/samplepoint-A/1999/199905101359.dump.gz,2096672,2096654,1740555,311480
http://mawi.nezu.wide.ad.jp/mawi/samplepoint-A/1999/199905121359.dump.gz,2096657,2096643,1702268,328549
http://mawi.nezu.wide.ad.jp/mawi/samplepoint-A/1999/199905131359.dump.gz,2096653,2096639,1732689,308515
http://mawi.nezu.wide.ad.jp/mawi/samplepoint-A/1999/199905141359.dump.gz,2096740,2096728,1709690,353802
http://mawi.nezu.wide.ad.jp/mawi/samplepoint-A/1999/199905151359.dump.gz,2096711,2096697,1775875,286448
http://mawi.nezu.wide.ad.jp/mawi/samplepoint-A/1999/199905161359.dump.gz,2096775,2096763,1345632,702791
http://mawi.nezu.wide.ad.jp/mawi/samplepoint-A/1999/199905171359.dump.gz,2096854,2096844,1359401,708064
http://mawi.nezu.wide.ad.jp/mawi/samplepoint-A/1999/199905181359.dump.gz,2096788,2096774,1577301,470406
http://mawi.nezu.wide.ad.jp/mawi/samplepoint-A/1999/199905191359.dump.gz,2096821,2096807,1780418,282618
http://mawi.nezu.wide.ad.jp/mawi/samplepoint-A/1999/199905201359.dump.gz,2096800,2096786,1831393,233224
http://mawi.nezu.wide.ad.jp/mawi/samplepoint-A/1999/199905211359.dump.gz,2096735,2096721,1767207,286361
http://mawi.nezu.wide.ad.jp/mawi/samplepoint-A/1999/199905221359.dump.gz,2096683,2096669,1805784,237714
http://mawi.nezu.wide.ad.jp/mawi/samplepoint-A/1999/199905231359.dump.gz,2096539,2096519,1789720,236311
http://mawi.nezu.wide.ad.jp/mawi/samplepoint-A/1999/199905241359.dump.gz,2096772,2096758,1819538,228449
http://mawi.nezu.wide.ad.jp/mawi/samplepoint-A/1999/199905251359.dump.gz,2096787,2096773,1763002,274974
http://mawi.nezu.wide.ad.jp/mawi/samplepoint-A/1999/199905261359.dump.gz,2096789,2096775,1675608,361867
http://mawi.nezu.wide.ad.jp/mawi/samplepoint-A/1999/199905271359.dump.gz,2096772,2096758,1736675,297534
http://mawi.nezu.wide.ad.jp/mawi/samplepoint-A/1999/199905281359.dump.gz,2096749,2096735,1653673,365206
http://mawi.nezu.wide.ad.jp/mawi/samplepoint-A/1999/199905291359.dump.gz,2096710,2096694,1704325,322729
http://mawi.nezu.wide.ad.jp/mawi/samplepoint-A/1999/199906031359.dump.gz,2096764,2096752,1646982,388166
http://mawi.nezu.wide.ad.jp/mawi/samplepoint-A/1999/199906041359.dump.gz,2096810,2096798,1483160,564290
http://mawi.nezu.wide.ad.jp/mawi/samplepoint-A/1999/199906051359.dump.gz,2096725,2096711,1354752,681320
http://mawi.nezu.wide.ad.jp/mawi/samplepoint-A/1999/199906061359.dump.gz,2096671,2096653,1151654,875885
http://mawi.nezu.wide.ad.jp/mawi/samplepoint-A/1999/199906071359.dump.gz,2096766,2096752,1679232,353210
http://mawi.nezu.wide.ad.jp/mawi/samplepoint-A/1999/199906081359.dump.gz,2096809,2096795,1541245,463478
http://mawi.nezu.wide.ad.jp/mawi/samplepoint-A/1999/199906091359.dump.gz,2096731,2096731,1812524,216965
http://mawi.nezu.wide.ad.jp/mawi/samplepoint-A/1999/199906101359.dump.gz,2096687,2096673,1769094,240876
http://mawi.nezu.wide.ad.jp/mawi/samplepoint-A/1999/199906111359.dump.gz,2096326,2096314,1794336,196737
http://mawi.nezu.wide.ad.jp/mawi/samplepoint-A/1999/199906121359.dump.gz,2096117,2096105,1722678,286364
http://mawi.nezu.wide.ad.jp/mawi/samplepoint-A/1999/199906131359.dump.gz,2095631,2095613,1693072,276580
http://mawi.nezu.wide.ad.jp/mawi/samplepoint-A/1999/199906141359.dump.gz,2096351,2096339,1823953,198563
http://mawi.nezu.wide.ad.jp/mawi/samplepoint-A/1999/199906151359.dump.gz,2096292,2096278,1798979,215165
http://mawi.nezu.wide.ad.jp/mawi/samplepoint-A/1999/199906161359.dump.gz,2096281,2096269,1764785,243834
http://mawi.nezu.wide.ad.jp/mawi/samplepoint-A/1999/199906171359.dump.gz,2096379,2096369,1796288,203725
http://mawi.nezu.wide.ad.jp/mawi/samplepoint-A/1999/199906181359.dump.gz,2096290,2096280,1769854,250219
http://mawi.nezu.wide.ad.jp/mawi/samplepoint-A/1999/199906191359.dump.gz,2096161,2096147,1786815,222415
http://mawi.nezu.wide.ad.jp/mawi/samplepoint-A/1999/199906201359.dump.gz,2096067,2096055,1811375,198142
http://mawi.nezu.wide.ad.jp/mawi/samplepoint-A/1999/199906211359.dump.gz,2096410,2096396,1836363,195152
http://mawi.nezu.wide.ad.jp/mawi/samplepoint-A/1999/199906221359.dump.gz,2096377,2096363,1769665,258154
http://mawi.nezu.wide.ad.jp/mawi/samplepoint-A/1999/199906231359.dump.gz,2096381,2096369,1795345,236427
http://mawi.nezu.wide.ad.jp/mawi/samplepoint-A/1999/199906241359.dump.gz,2096434,2096420,1786595,244689
http://mawi.nezu.wide.ad.jp/mawi/samplepoint-A/1999/199906251359.dump.gz,238415,238291,143060,29333
http://mawi.nezu.wide.ad.jp/mawi/samplepoint-A/1999/199906261359.dump.gz,2095810,2095788,1314143,281592
http://mawi.nezu.wide.ad.jp/mawi/samplepoint-A/1999/199906271359.dump.gz,2095222,2095192,739512,751564
http://mawi.nezu.wide.ad.jp/mawi/samplepoint-A/1999/199906281359.dump.gz,2095791,2095765,1722197,291863
http://mawi.nezu.wide.ad.jp/mawi/samplepoint-A/1999/199906291359.dump.gz,2096054,2096036,1227770,795432
http://mawi.nezu.wide.ad.jp/mawi/samplepoint-A/1999/199906301359.dump.gz,2096803,2096797,1616781,439653
http://mawi.nezu.wide.ad.jp/mawi/samplepoint-A/1999/199907011359.dump.gz,2096849,2096841,1492591,567511
http://mawi.nezu.wide.ad.jp/mawi/samplepoint-A/1999/199907021359.dump.gz,2096923,2096917,1355622,709131
http://mawi.nezu.wide.ad.jp/mawi/samplepoint-A/1999/199907031359.dump.gz,2096930,2096926,1157812,919926
http://mawi.nezu.wide.ad.jp/mawi/samplepoint-A/1999/199907041359.dump.gz,2096891,2096885,955432,1097401
http://mawi.nezu.wide.ad.jp/mawi/samplepoint-A/1999/199907051359.dump.gz,2096826,2096820,1797424,275179
http://mawi.nezu.wide.ad.jp/mawi/samplepoint-A/1999/199907061359.dump.gz,2096826,2096818,1825643,244142
http://mawi.nezu.wide.ad.jp/mawi/samplepoint-A/1999/199907071359.dump.gz,2096815,2096805,1785491,276889
http://mawi.nezu.wide.ad.jp/mawi/samplepoint-A/1999/199907081359.dump.gz,2096835,2096823,1727591,326407
http://mawi.nezu.wide.ad.jp/mawi/samplepoint-A/1999/199907091359.dump.gz,2096857,2096847,1567485,497568
http://mawi.nezu.wide.ad.jp/mawi/samplepoint-A/1999/199907101359.dump.gz,2096764,2096756,1462787,591950
http://mawi.nezu.wide.ad.jp/mawi/samplepoint-A/1999/199907111359.dump.gz,2096714,2096702,1334765,728360
http://mawi.nezu.wide.ad.jp/mawi/samplepoint-A/1999/199907121359.dump.gz,2096848,2096842,1083699,983418
http://mawi.nezu.wide.ad.jp/mawi/samplepoint-A/1999/199907131359.dump.gz,2096862,2096852,1470411,545454
http://mawi.nezu.wide.ad.jp/mawi/samplepoint-A/1999/199907141359.dump.gz,2096872,2096864,1457766,597486
http://mawi.nezu.wide.ad.jp/mawi/samplepoint-A/1999/199907151359.dump.gz,2096847,2096841,1534295,514984
http://mawi.nezu.wide.ad.jp/mawi/samplepoint-A/1999/199907161359.dump.gz,2096826,2096820,1294072,760313
http://mawi.nezu.wide.ad.jp/mawi/samplepoint-A/1999/199907171359.dump.gz,2096780,2096772,1323463,732026
http://mawi.nezu.wide.ad.jp/mawi/samplepoint-A/1999/199907181359.dump.gz,2096846,2096836,988717,1056596
http://mawi.nezu.wide.ad.jp/mawi/samplepoint-A/1999/199907191359.dump.gz,2096952,2096948,1182484,877995
http://mawi.nezu.wide.ad.jp/mawi/samplepoint-A/1999/199907201359.dump.gz,2096790,2096780,1719194,286647
http://mawi.nezu.wide.ad.jp/mawi/samplepoint-A/1999/199907211359.dump.gz,2096826,2096816,1743252,312745
http://mawi.nezu.wide.ad.jp/mawi/samplepoint-A/1999/199907221359.dump.gz,2096774,2096764,1541981,514283
http://mawi.nezu.wide.ad.jp/mawi/samplepoint-A/1999/199907231359.dump.gz,2096782,2096771,1511402,550507
http://mawi.nezu.wide.ad.jp/mawi/samplepoint-A/1999/199907241359.dump.gz,2096798,2096788,1318435,684311
http://mawi.nezu.wide.ad.jp/mawi/samplepoint-A/1999/199907251359.dump.gz,2096708,2096696,1106232,954152
http://mawi.nezu.wide.ad.jp/mawi/samplepoint-A/1999/199907261359.dump.gz,2096859,2096847,1202979,835552
http://mawi.nezu.wide.ad.jp/mawi/samplepoint-A/1999/199907271359.dump.gz,2096803,2096791,1601702,475372
http://mawi.nezu.wide.ad.jp/mawi/samplepoint-A/1999/199907281359.dump.gz,2096810,2096794,1685430,380579
http://mawi.nezu.wide.ad.jp/mawi/samplepoint-A/1999/199907291359.dump.gz,2096806,2096792,1635636,408626
http://mawi.nezu.wide.ad.jp/mawi/samplepoint-A/1999/199907301359.dump.gz,2096790,2096780,1703989,352642
http://mawi.nezu.wide.ad.jp/mawi/samplepoint-A/1999/199908021359.dump.gz,2096820,2096814,1666477,387843
http://mawi.nezu.wide.ad.jp/mawi/samplepoint-A/1999/199908031359.dump.gz,2096841,2096831,1328609,239316
http://mawi.nezu.wide.ad.jp/mawi/samplepoint-A/1999/199908041359.dump.gz,2096825,2096819,1657410,319745
http://mawi.nezu.wide.ad.jp/mawi/samplepoint-A/1999/199908051359.dump.gz,2096827,2096815,1698218,347271
http://mawi.nezu.wide.ad.jp/mawi/samplepoint-A/1999/199908061359.dump.gz,2096767,2096755,1608468,358903
http://mawi.nezu.wide.ad.jp/mawi/samplepoint-A/1999/199908071359.dump.gz,2096787,2096773,1621133,379249
http://mawi.nezu.wide.ad.jp/mawi/samplepoint-A/1999/199908081359.dump.gz,2096575,2096561,1421184,430768
http://mawi.nezu.wide.ad.jp/mawi/samplepoint-A/1999/199908091359.dump.gz,2096830,2096824,1666419,388280
http://mawi.nezu.wide.ad.jp/mawi/samplepoint-A/1999/199908101359.dump.gz,2096822,2096816,1587083,392609
http://mawi.nezu.wide.ad.jp/mawi/samplepoint-A/1999/199908111359.dump.gz,2096788,2096782,1320576,739004
http://mawi.nezu.wide.ad.jp/mawi/samplepoint-A/1999/199908121359.dump.gz,2096488,2096480,1657504,405158
http://mawi.nezu.wide.ad.jp/mawi/samplepoint-A/1999/199908131359.dump.gz,2096800,2096796,1604153,446134
http://mawi.nezu.wide.ad.jp/mawi/samplepoint-A/1999/199908141359.dump.gz,2096897,2096682,1579238,462580
http://mawi.nezu.wide.ad.jp/mawi/samplepoint-A/1999/199908151359.dump.gz,2096839,2096573,1666670,366095
http://mawi.nezu.wide.ad.jp/mawi/samplepoint-A/1999/199908161359.dump.gz,2096982,2096844,1571264,265994
http://mawi.nezu.wide.ad.jp/mawi/samplepoint-A/1999/199908171359.dump.gz,2096951,2096865,1716108,341853
http://mawi.nezu.wide.ad.jp/mawi/samplepoint-A/1999/199908191359.dump.gz,2096669,2096663,1595585,444787
http://mawi.nezu.wide.ad.jp/mawi/samplepoint-A/1999/199908201359.dump.gz,2096736,2096730,1544034,525513
http://mawi.nezu.wide.ad.jp/mawi/samplepoint-A/1999/199908211359.dump.gz,2096627,2096619,1740915,321149
http://mawi.nezu.wide.ad.jp/mawi/samplepoint-A/1999/199908221359.dump.gz,2096497,2096485,1721352,340740
http://mawi.nezu.wide.ad.jp/mawi/samplepoint-A/1999/199908231359.dump.gz,2096834,2096828,1376800,694236
http://mawi.nezu.wide.ad.jp/mawi/samplepoint-A/1999/199908241359.dump.gz,2096752,2096746,1481511,574639
http://mawi.nezu.wide.ad.jp/mawi/samplepoint-A/1999/199908251359.dump.gz,2096766,2096760,1394131,643587
http://mawi.nezu.wide.ad.jp/mawi/samplepoint-A/1999/199908261359.dump.gz,2096836,2096832,1521716,431429
http://mawi.nezu.wide.ad.jp/mawi/samplepoint-A/1999/199908271359.dump.gz,2095148,2093857,1708827,346275
http://mawi.nezu.wide.ad.jp/mawi/samplepoint-A/1999/199908281359.dump.gz,2096572,2096558,1768125,276219
http://mawi.nezu.wide.ad.jp/mawi/samplepoint-A/1999/199908291359.dump.gz,2096528,2096516,1475114,419942
http://mawi.nezu.wide.ad.jp/mawi/samplepoint-A/1999/199908301359.dump.gz,2096656,2096648,1620754,447588
http://mawi.nezu.wide.ad.jp/mawi/samplepoint-A/1999/199908311359.dump.gz,2096803,2096797,1718159,296589
http://mawi.nezu.wide.ad.jp/mawi/samplepoint-A/1999/199909011359.dump.gz,2096791,2096783,1718708,319472
http://mawi.nezu.wide.ad.jp/mawi/samplepoint-A/1999/199909021359.dump.gz,2096770,2096760,1749805,291602
http://mawi.nezu.wide.ad.jp/mawi/samplepoint-A/1999/199909031359.dump.gz,2096753,2096743,1702841,279236
http://mawi.nezu.wide.ad.jp/mawi/samplepoint-A/1999/199909041359.dump.gz,2096673,2096667,1660017,311594
http://mawi.nezu.wide.ad.jp/mawi/samplepoint-A/1999/199909051359.dump.gz,2096582,2096572,1710920,253459
http://mawi.nezu.wide.ad.jp/mawi/samplepoint-A/1999/199909061359.dump.gz,2096771,2096771,1496736,273224
http://mawi.nezu.wide.ad.jp/mawi/samplepoint-A/1999/199909081359.dump.gz,2096764,2096764,1710390,284950
http://mawi.nezu.wide.ad.jp/mawi/samplepoint-A/1999/199909091359.dump.gz,2096799,2096791,1642168,338737
http://mawi.nezu.wide.ad.jp/mawi/samplepoint-A/1999/199909101359.dump.gz,2096770,2096760,1771822,220359
http://mawi.nezu.wide.ad.jp/mawi/samplepoint-A/1999/199909111359.dump.gz,2096756,2096748,1518266,451013
http://mawi.nezu.wide.ad.jp/mawi/samplepoint-A/1999/199909121359.dump.gz,2096763,2096755,1392127,535024
http://mawi.nezu.wide.ad.jp/mawi/samplepoint-A/1999/199909131359.dump.gz,2096701,2096693,1044684,898166
http://mawi.nezu.wide.ad.jp/mawi/samplepoint-A/1999/199909141359.dump.gz,2096836,2096830,1042491,971913
http://mawi.nezu.wide.ad.jp/mawi/samplepoint-A/1999/199909151359.dump.gz,2096288,2096272,1400395,555223
http://mawi.nezu.wide.ad.jp/mawi/samplepoint-A/1999/199909161359.dump.gz,2095855,2095835,1820624,218402
http://mawi.nezu.wide.ad.jp/mawi/samplepoint-A/1999/199909171359.dump.gz,2095174,2095097,1240883,744316
http://mawi.nezu.wide.ad.jp/mawi/samplepoint-A/1999/199909191359.dump.gz,2095017,2094985,1760277,213999
http://mawi.nezu.wide.ad.jp/mawi/samplepoint-A/1999/199909201359.dump.gz,2095919,2095899,1532436,188962
http://mawi.nezu.wide.ad.jp/mawi/samplepoint-A/1999/199909211359.dump.gz,2095850,2095830,1654401,398155
http://mawi.nezu.wide.ad.jp/mawi/samplepoint-A/1999/199909221359.dump.gz,2096981,2096979,363477,47568
http://mawi.nezu.wide.ad.jp/mawi/samplepoint-A/1999/199909231359.dump.gz,2095818,2095794,1690775,357055
http://mawi.nezu.wide.ad.jp/mawi/samplepoint-A/1999/199909241359.dump.gz,2096633,2096621,1334291,448153
http://mawi.nezu.wide.ad.jp/mawi/samplepoint-A/1999/199909251359.dump.gz,2096705,2096701,651668,99818
http://mawi.nezu.wide.ad.jp/mawi/samplepoint-A/1999/199909261359.dump.gz,2096069,2096061,987372,266573
http://mawi.nezu.wide.ad.jp/mawi/samplepoint-A/1999/199909271359.dump.gz,2096407,2096399,1227797,217274
http://mawi.nezu.wide.ad.jp/mawi/samplepoint-A/1999/199909281359.dump.gz,2096171,2096153,1639265,416837
http://mawi.nezu.wide.ad.jp/mawi/samplepoint-A/1999/199909291359.dump.gz,2096240,2096226,1703090,365549
http://mawi.nezu.wide.ad.jp/mawi/samplepoint-A/1999/199909301359.dump.gz,2096259,2096241,1613676,397581
http://mawi.nezu.wide.ad.jp/mawi/samplepoint-A/1999/199910011359.dump.gz,2096225,2096207,1784868,255391
http://mawi.nezu.wide.ad.jp/mawi/samplepoint-A/1999/199910021359.dump.gz,2096109,2096095,1700967,313564
http://mawi.nezu.wide.ad.jp/mawi/samplepoint-A/1999/199910031359.dump.gz,2096567,2096557,925577,1070613
http://mawi.nezu.wide.ad.jp/mawi/samplepoint-A/1999/199910041359.dump.gz,2096082,2096062,1642986,389801
http://mawi.nezu.wide.ad.jp/mawi/samplepoint-A/1999/199910051359.dump.gz,2096244,2096224,1618106,412804
http://mawi.nezu.wide.ad.jp/mawi/samplepoint-A/1999/199910061359.dump.gz,2096281,2096253,165714,1570381
http://mawi.nezu.wide.ad.jp/mawi/samplepoint-A/1999/199910071359.dump.gz,2096268,2096252,1626582,342425
http://mawi.nezu.wide.ad.jp/mawi/samplepoint-A/1999/199910081359.dump.gz,2096263,2096245,1755149,304771
http://mawi.nezu.wide.ad.jp/mawi/samplepoint-A/1999/199910091359.dump.gz,2092113,2092045,1699396,313234
http://mawi.nezu.wide.ad.jp/mawi/samplepoint-A/1999/199910101359.dump.gz,2095845,2095823,1403784,338570
http://mawi.nezu.wide.ad.jp/mawi/samplepoint-A/1999/199910111359.dump.gz,2096051,2096033,1611240,396158
http://mawi.nezu.wide.ad.jp/mawi/samplepoint-A/1999/199910121359.dump.gz,2096235,2096217,1664197,385594
http://mawi.nezu.wide.ad.jp/mawi/samplepoint-A/1999/199910131359.dump.gz,2096298,2096278,1677704,375786
http://mawi.nezu.wide.ad.jp/mawi/samplepoint-A/1999/199910141359.dump.gz,2096170,2096152,1647614,309068
http://mawi.nezu.wide.ad.jp/mawi/samplepoint-A/1999/199910151359.dump.gz,2096286,2096270,1716609,239751
http://mawi.nezu.wide.ad.jp/mawi/samplepoint-A/1999/199910161359.dump.gz,2096045,2096029,1765055,282506
http://mawi.nezu.wide.ad.jp/mawi/samplepoint-A/1999/199910171359.dump.gz,2095926,2095900,1514453,286091
http://mawi.nezu.wide.ad.jp/mawi/samplepoint-A/1999/199910181359.dump.gz,2096375,2096363,1473262,372795
http://mawi.nezu.wide.ad.jp/mawi/samplepoint-A/1999/199910191359.dump.gz,2097003,2097001,310384,32048
http://mawi.nezu.wide.ad.jp/mawi/samplepoint-A/1999/199910201359.dump.gz,2096822,2096812,787845,1053970
http://mawi.nezu.wide.ad.jp/mawi/samplepoint-A/1999/199910211359.dump.gz,2096404,2096392,1771249,251035
http://mawi.nezu.wide.ad.jp/mawi/samplepoint-A/1999/199910221359.dump.gz,2096339,2096323,1765444,220790
http://mawi.nezu.wide.ad.jp/mawi/samplepoint-A/1999/199910231359.dump.gz,2096254,2096240,1704178,275690
http://mawi.nezu.wide.ad.jp/mawi/samplepoint-A/1999/199910241359.dump.gz,2095983,2095963,1721928,268676
http://mawi.nezu.wide.ad.jp/mawi/samplepoint-A/1999/199910251359.dump.gz,2096308,2096290,1763994,266399
http://mawi.nezu.wide.ad.jp/mawi/samplepoint-A/1999/199910261359.dump.gz,2096294,2096280,1681260,260359
http://mawi.nezu.wide.ad.jp/mawi/samplepoint-A/1999/199910271359.dump.gz,2096530,2096516,1379410,659117
http://mawi.nezu.wide.ad.jp/mawi/samplepoint-A/1999/199910281359.dump.gz,2096364,2096346,1764950,293388
http://mawi.nezu.wide.ad.jp/mawi/samplepoint-A/1999/199910291359.dump.gz,2096455,2096445,1715500,328215
http://mawi.nezu.wide.ad.jp/mawi/samplepoint-A/1999/199910301359.dump.gz,2096140,2096122,1746023,319466
http://mawi.nezu.wide.ad.jp/mawi/samplepoint-A/1999/199910311359.dump.gz,2096140,2096122,1672002,363062
http://mawi.nezu.wide.ad.jp/mawi/samplepoint-A/1999/199911011359.dump.gz,2096515,2096505,1649355,349363
http://mawi.nezu.wide.ad.jp/mawi/samplepoint-A/1999/199911021359.dump.gz,2096508,2096494,1748743,318573
http://mawi.nezu.wide.ad.jp/mawi/samplepoint-A/1999/199911031359.dump.gz,2096232,2096216,1731475,240259
http://mawi.nezu.wide.ad.jp/mawi/samplepoint-A/1999/199911041359.dump.gz,2096418,2096408,1630056,326027
http://mawi.nezu.wide.ad.jp/mawi/samplepoint-A/1999/199911051359.dump.gz,2096806,2096802,789613,159987
http://mawi.nezu.wide.ad.jp/mawi/samplepoint-A/1999/199911061359.dump.gz,2096405,2096393,1730777,334660
http://mawi.nezu.wide.ad.jp/mawi/samplepoint-A/1999/199911071359.dump.gz,2095975,2095945,1039770,139733
http://mawi.nezu.wide.ad.jp/mawi/samplepoint-A/1999/199911081359.dump.gz,2096834,2096826,1129518,876343
http://mawi.nezu.wide.ad.jp/mawi/samplepoint-A/1999/199911091359.dump.gz,2096736,2096728,988718,82806
http://mawi.nezu.wide.ad.jp/mawi/samplepoint-A/1999/199911101359.dump.gz,2096240,2096222,1628878,418337
http://mawi.nezu.wide.ad.jp/mawi/samplepoint-A/1999/199911111359.dump.gz,2097001,2097001,267604,199494
http://mawi.nezu.wide.ad.jp/mawi/samplepoint-A/1999/199911121359.dump.gz,2096647,2096635,1182621,677699
http://mawi.nezu.wide.ad.jp/mawi/samplepoint-A/1999/199911131359.dump.gz,2096587,2096573,1023741,888890
http://mawi.nezu.wide.ad.jp/mawi/samplepoint-A/1999/199911141359.dump.gz,2097001,2096997,81012,160696
http://mawi.nezu.wide.ad.jp/mawi/samplepoint-A/1999/199911151359.dump.gz,2096320,2096304,1833744,227875
http://mawi.nezu.wide.ad.jp/mawi/samplepoint-A/1999/199911161359.dump.gz,2096377,2096361,1758309,297905
http://mawi.nezu.wide.ad.jp/mawi/samplepoint-A/1999/199911171359.dump.gz,2096230,2096212,1643452,409100
http://mawi.nezu.wide.ad.jp/mawi/samplepoint-A/1999/199911181359.dump.gz,2096361,2096341,1684707,303085
http://mawi.nezu.wide.ad.jp/mawi/samplepoint-A/1999/199911191359.dump.gz,2096414,2096396,1717126,315928
http://mawi.nezu.wide.ad.jp/mawi/samplepoint-A/1999/199911201359.dump.gz,2095994,2095972,1594057,468360
http://mawi.nezu.wide.ad.jp/mawi/samplepoint-A/1999/199911211359.dump.gz,2095867,2095841,1505482,336766
http://mawi.nezu.wide.ad.jp/mawi/samplepoint-A/1999/199911221359.dump.gz,2096203,2096187,1661182,390345
http://mawi.nezu.wide.ad.jp/mawi/samplepoint-A/1999/199911231359.dump.gz,2096169,2096151,1689975,274475
http://mawi.nezu.wide.ad.jp/mawi/samplepoint-A/1999/199911241359.dump.gz,2096355,2096341,1782538,204998
http://mawi.nezu.wide.ad.jp/mawi/samplepoint-A/1999/199911251359.dump.gz,2096299,2096281,1713359,214234
http://mawi.nezu.wide.ad.jp/mawi/samplepoint-A/1999/199911261359.dump.gz,2096429,2096415,1736945,322601
http://mawi.nezu.wide.ad.jp/mawi/samplepoint-A/1999/199911271359.dump.gz,2096400,2096386,1402818,341466
http://mawi.nezu.wide.ad.jp/mawi/samplepoint-A/1999/199911281359.dump.gz,2096164,2096146,1521372,408087
http://mawi.nezu.wide.ad.jp/mawi/samplepoint-A/1999/199911291359.dump.gz,2096454,2096440,1761138,314353
http://mawi.nezu.wide.ad.jp/mawi/samplepoint-A/1999/199911301359.dump.gz,2096470,2096458,1842917,186318
http://mawi.nezu.wide.ad.jp/mawi/samplepoint-A/1999/199912011359.dump.gz,2096557,2096545,1303443,280702
http://mawi.nezu.wide.ad.jp/mawi/samplepoint-A/1999/199912021359.dump.gz,2096486,2096470,1631217,175800
http://mawi.nezu.wide.ad.jp/mawi/samplepoint-A/1999/199912031359.dump.gz,2096435,2096423,1524798,294448
http://mawi.nezu.wide.ad.jp/mawi/samplepoint-A/1999/199912041359.dump.gz,2096276,2096258,1736607,270841
http://mawi.nezu.wide.ad.jp/mawi/samplepoint-A/1999/199912051359.dump.gz,2096556,2096540,1361062,127702
http://mawi.nezu.wide.ad.jp/mawi/samplepoint-A/1999/199912061359.dump.gz,2096386,2096372,1814830,232600
http://mawi.nezu.wide.ad.jp/mawi/samplepoint-A/1999/199912071359.dump.gz,2096472,2096462,1714790,274160
http://mawi.nezu.wide.ad.jp/mawi/samplepoint-A/1999/199912081359.dump.gz,2096456,2096444,1497296,304725
http://mawi.nezu.wide.ad.jp/mawi/samplepoint-A/1999/199912091359.dump.gz,2096441,2096427,1705193,290639
http://mawi.nezu.wide.ad.jp/mawi/samplepoint-A/1999/199912101359.dump.gz,2096409,2096393,1831853,200352
http://mawi.nezu.wide.ad.jp/mawi/samplepoint-A/1999/199912111359.dump.gz,2096271,2096251,1640987,294691
http://mawi.nezu.wide.ad.jp/mawi/samplepoint-A/1999/199912121359.dump.gz,2096118,2096100,1533122,262240
http://mawi.nezu.wide.ad.jp/mawi/samplepoint-A/1999/199912131359.dump.gz,2096482,2096472,1712916,283627
http://mawi.nezu.wide.ad.jp/mawi/samplepoint-A/1999/199912141359.dump.gz,2096403,2096389,1758259,227241
http://mawi.nezu.wide.ad.jp/mawi/samplepoint-A/1999/199912151359.dump.gz,2096444,2096430,1719009,307973
http://mawi.nezu.wide.ad.jp/mawi/samplepoint-A/1999/199912161359.dump.gz,2096476,2096464,1805366,210453
http://mawi.nezu.wide.ad.jp/mawi/samplepoint-A/1999/199912171359.dump.gz,2096428,2096414,1767402,230546
http://mawi.nezu.wide.ad.jp/mawi/samplepoint-A/1999/199912181359.dump.gz,2096304,2096286,1738468,207270
http://mawi.nezu.wide.ad.jp/mawi/samplepoint-A/1999/199912191359.dump.gz,2096191,2096171,1790402,221292
http://mawi.nezu.wide.ad.jp/mawi/samplepoint-A/1999/199912201359.dump.gz,2096436,2096420,1705631,275620
http://mawi.nezu.wide.ad.jp/mawi/samplepoint-A/1999/199912211359.dump.gz,2096457,2096443,1658003,335825
http://mawi.nezu.wide.ad.jp/mawi/samplepoint-A/1999/199912261359.dump.gz,2095487,2095473,1807626,209353
http://mawi.nezu.wide.ad.jp/mawi/samplepoint-A/1999/199912271359.dump.gz,2095758,2095736,1682809,368770
http://mawi.nezu.wide.ad.jp/mawi/samplepoint-A/1999/199912281359.dump.gz,2095585,2095565,1739106,181542
http://mawi.nezu.wide.ad.jp/mawi/samplepoint-A/1999/199912291359.dump.gz,2095507,2095483,1130851,221535
http://mawi.nezu.wide.ad.jp/mawi/samplepoint-A/1999/199912301359.dump.gz,2095037,2095013,870436,250534
http://mawi.nezu.wide.ad.jp/mawi/samplepoint-A/1999/199912311359.dump.gz,2096168,2096148,308162,194579
