url,total,ip,tcp,udp
http://mawi.nezu.wide.ad.jp/mawi/samplepoint-B/2002/200112311400.dump.gz,2993379,2967023,2890383,37141
http://mawi.nezu.wide.ad.jp/mawi/samplepoint-B/2002/200201011400.dump.gz,2993601,2965166,2900314,34505
http://mawi.nezu.wide.ad.jp/mawi/samplepoint-B/2002/200201021400.dump.gz,2998155,2985729,2641753,126557
http://mawi.nezu.wide.ad.jp/mawi/samplepoint-B/2002/200201031400.dump.gz,2997286,2990911,2566104,299708
http://mawi.nezu.wide.ad.jp/mawi/samplepoint-B/2002/200201041400.dump.gz,2997369,2984740,2519445,141437
http://mawi.nezu.wide.ad.jp/mawi/samplepoint-B/2002/200201051400.dump.gz,2998322,2993585,2708921,219838
http://mawi.nezu.wide.ad.jp/mawi/samplepoint-B/2002/200201061400.dump.gz,2998588,2995050,2549846,365447
http://mawi.nezu.wide.ad.jp/mawi/samplepoint-B/2002/200201071400.dump.gz,2997647,2977563,2754050,153181
http://mawi.nezu.wide.ad.jp/mawi/samplepoint-B/2002/200201081400.dump.gz,2998189,2984731,2626619,324231
http://mawi.nezu.wide.ad.jp/mawi/samplepoint-B/2002/200201091400.dump.gz,2998624,2991358,2663861,266365
http://mawi.nezu.wide.ad.jp/mawi/samplepoint-B/2002/200201101400.dump.gz,2992756,2948848,2610291,284829
http://mawi.nezu.wide.ad.jp/mawi/samplepoint-B/2002/200201111400.dump.gz,2987600,2931785,2719460,168225
http://mawi.nezu.wide.ad.jp/mawi/samplepoint-B/2002/200201121400.dump.gz,2993417,2959935,2567061,318810
http://mawi.nezu.wide.ad.jp/mawi/samplepoint-B/2002/200201131400.dump.gz,2993950,2972927,2315418,368889
http://mawi.nezu.wide.ad.jp/mawi/samplepoint-B/2002/200201141400.dump.gz,2990335,2953815,2627369,222052
http://mawi.nezu.wide.ad.jp/mawi/samplepoint-B/2002/200201151400.dump.gz,2980031,2899013,2633734,197803
http://mawi.nezu.wide.ad.jp/mawi/samplepoint-B/2002/200201161400.dump.gz,2993828,2971070,2787439,117434
http://mawi.nezu.wide.ad.jp/mawi/samplepoint-B/2002/200201171400.dump.gz,2990745,2949562,2450892,418902
http://mawi.nezu.wide.ad.jp/mawi/samplepoint-B/2002/200201181400.dump.gz,2987367,2937320,2707805,182766
http://mawi.nezu.wide.ad.jp/mawi/samplepoint-B/2002/200201191400.dump.gz,2989626,2958651,2566031,315775
http://mawi.nezu.wide.ad.jp/mawi/samplepoint-B/2002/200201201400.dump.gz,2993192,2967195,2680566,216565
http://mawi.nezu.wide.ad.jp/mawi/samplepoint-B/2002/200201211400.dump.gz,2987159,2941346,2372572,515128
http://mawi.nezu.wide.ad.jp/mawi/samplepoint-B/2002/200201221400.dump.gz,2988513,2941264,2370579,505195
http://mawi.nezu.wide.ad.jp/mawi/samplepoint-B/2002/200201231400.dump.gz,2991337,2960786,2499587,367003
http://mawi.nezu.wide.ad.jp/mawi/samplepoint-B/2002/200201241400.dump.gz,2990371,2954148,2597546,289691
http://mawi.nezu.wide.ad.jp/mawi/samplepoint-B/2002/200201251400.dump.gz,2991566,2956605,2518331,365951
http://mawi.nezu.wide.ad.jp/mawi/samplepoint-B/2002/200201261400.dump.gz,2989668,2966053,2400242,475361
http://mawi.nezu.wide.ad.jp/mawi/samplepoint-B/2002/200201271400.dump.gz,2992281,2979472,2661427,262637
http://mawi.nezu.wide.ad.jp/mawi/samplepoint-B/2002/200201281400.dump.gz,2987960,2952112,2595396,279657
http://mawi.nezu.wide.ad.jp/mawi/samplepoint-B/2002/200201291400.dump.gz,9962709,9858465,7906829,1714907
http://mawi.nezu.wide.ad.jp/mawi/samplepoint-B/2002/200201301400.dump.gz,9962933,9854867,6576852,1805139
http://mawi.nezu.wide.ad.jp/mawi/samplepoint-B/2002/200201311400.dump.gz,9962195,9872328,8222523,1247889
http://mawi.nezu.wide.ad.jp/mawi/samplepoint-B/2002/200202011400.dump.gz,9962111,9881037,8087286,1465462
http://mawi.nezu.wide.ad.jp/mawi/samplepoint-B/2002/200202021400.dump.gz,9977323,9899972,8820199,824523
http://mawi.nezu.wide.ad.jp/mawi/samplepoint-B/2002/200202031400.dump.gz,4990744,4971415,4075128,729383
http://mawi.nezu.wide.ad.jp/mawi/samplepoint-B/2002/200202041400.dump.gz,4989608,4943403,4361801,432594
http://mawi.nezu.wide.ad.jp/mawi/samplepoint-B/2002/200202051400.dump.gz,4991506,4958600,3277379,535135
http://mawi.nezu.wide.ad.jp/mawi/samplepoint-B/2002/200202061400.dump.gz,4986292,4930338,4180577,396196
http://mawi.nezu.wide.ad.jp/mawi/samplepoint-B/2002/200202071400.dump.gz,4983214,4938014,4228549,342389
http://mawi.nezu.wide.ad.jp/mawi/samplepoint-B/2002/200202081400.dump.gz,4986028,4947790,4001562,748342
http://mawi.nezu.wide.ad.jp/mawi/samplepoint-B/2002/200202091400.dump.gz,4984369,4951218,4573560,239473
http://mawi.nezu.wide.ad.jp/mawi/samplepoint-B/2002/200202101400.dump.gz,4990819,4968460,4836929,81467
http://mawi.nezu.wide.ad.jp/mawi/samplepoint-B/2002/200202111400.dump.gz,4985677,4960843,4130170,504935
http://mawi.nezu.wide.ad.jp/mawi/samplepoint-B/2002/200202121400.dump.gz,4978248,4938264,4261977,416958
http://mawi.nezu.wide.ad.jp/mawi/samplepoint-B/2002/200202131400.dump.gz,4985821,4950327,4240990,513839
http://mawi.nezu.wide.ad.jp/mawi/samplepoint-B/2002/200202141400.dump.gz,4982691,4938554,4809210,61081
http://mawi.nezu.wide.ad.jp/mawi/samplepoint-B/2002/200202151400.dump.gz,4982777,4944768,4225878,537290
http://mawi.nezu.wide.ad.jp/mawi/samplepoint-B/2002/200202161400.dump.gz,4978687,4940558,4072012,434197
http://mawi.nezu.wide.ad.jp/mawi/samplepoint-B/2002/200202171400.dump.gz,4974296,4941570,4042344,689442
http://mawi.nezu.wide.ad.jp/mawi/samplepoint-B/2002/200202181400.dump.gz,4968207,4919598,4285797,461919
http://mawi.nezu.wide.ad.jp/mawi/samplepoint-B/2002/200202191400.dump.gz,4970280,4927263,4085997,683939
http://mawi.nezu.wide.ad.jp/mawi/samplepoint-B/2002/200202201400.dump.gz,4975323,4927972,3956672,836665
http://mawi.nezu.wide.ad.jp/mawi/samplepoint-B/2002/200202211400.dump.gz,4973131,4924373,4213162,533369
http://mawi.nezu.wide.ad.jp/mawi/samplepoint-B/2002/200202221400.dump.gz,4973384,4912274,3898936,818585
http://mawi.nezu.wide.ad.jp/mawi/samplepoint-B/2002/200202231400.dump.gz,4971518,4929375,3989668,762211
http://mawi.nezu.wide.ad.jp/mawi/samplepoint-B/2002/200202241400.dump.gz,4983517,4952590,4046678,600445
http://mawi.nezu.wide.ad.jp/mawi/samplepoint-B/2002/200202251400.dump.gz,4977160,4928996,4059033,641682
http://mawi.nezu.wide.ad.jp/mawi/samplepoint-B/2002/200202271400.dump.gz,4974768,4920323,4103399,684260
http://mawi.nezu.wide.ad.jp/mawi/samplepoint-B/2002/200202281400.dump.gz,4971666,4918993,3780831,853362
http://mawi.nezu.wide.ad.jp/mawi/samplepoint-B/2002/200203011400.dump.gz,4963301,4897219,4200010,461251
http://mawi.nezu.wide.ad.jp/mawi/samplepoint-B/2002/200203021400.dump.gz,4971957,4901157,4158411,501867
http://mawi.nezu.wide.ad.jp/mawi/samplepoint-B/2002/200203031400.dump.gz,4979139,4946800,3984362,778799
http://mawi.nezu.wide.ad.jp/mawi/samplepoint-B/2002/200203041400.dump.gz,4972913,4911016,4259670,520528
http://mawi.nezu.wide.ad.jp/mawi/samplepoint-B/2002/200203051400.dump.gz,4974343,4884256,4310523,456651
http://mawi.nezu.wide.ad.jp/mawi/samplepoint-B/2002/200203061400.dump.gz,4976893,4895302,4167268,549809
http://mawi.nezu.wide.ad.jp/mawi/samplepoint-B/2002/200203071400.dump.gz,4982253,4920288,3971725,754275
http://mawi.nezu.wide.ad.jp/mawi/samplepoint-B/2002/200203081400.dump.gz,4993546,4914246,4213716,563519
http://mawi.nezu.wide.ad.jp/mawi/samplepoint-B/2002/200203091400.dump.gz,4994136,4916400,4054723,680663
http://mawi.nezu.wide.ad.jp/mawi/samplepoint-B/2002/200203111400.dump.gz,4993593,4908870,4123754,489976
http://mawi.nezu.wide.ad.jp/mawi/samplepoint-B/2002/200203121400.dump.gz,4994612,4933489,4200966,503620
http://mawi.nezu.wide.ad.jp/mawi/samplepoint-B/2002/200203131400.dump.gz,4994883,4927965,4162249,504329
http://mawi.nezu.wide.ad.jp/mawi/samplepoint-B/2002/200203141400.dump.gz,4994417,4935512,4234205,396902
http://mawi.nezu.wide.ad.jp/mawi/samplepoint-B/2002/200203151400.dump.gz,4994573,4943038,4268304,497465
http://mawi.nezu.wide.ad.jp/mawi/samplepoint-B/2002/200203161400.dump.gz,4998198,4975394,4873928,63712
http://mawi.nezu.wide.ad.jp/mawi/samplepoint-B/2002/200203171400.dump.gz,4995048,4930385,3874613,790260
http://mawi.nezu.wide.ad.jp/mawi/samplepoint-B/2002/200203181400.dump.gz,4993410,4925705,4011040,659499
http://mawi.nezu.wide.ad.jp/mawi/samplepoint-B/2002/200203191400.dump.gz,4993123,4920820,4040861,571769
http://mawi.nezu.wide.ad.jp/mawi/samplepoint-B/2002/200203201400.dump.gz,4993790,4924720,3948297,787192
http://mawi.nezu.wide.ad.jp/mawi/samplepoint-B/2002/200203211400.dump.gz,4995230,4957314,3914244,758421
http://mawi.nezu.wide.ad.jp/mawi/samplepoint-B/2002/200203221400.dump.gz,4994137,4932474,3862395,630091
http://mawi.nezu.wide.ad.jp/mawi/samplepoint-B/2002/200203231400.dump.gz,4997474,4950422,1185056,3577574
http://mawi.nezu.wide.ad.jp/mawi/samplepoint-B/2002/200203241400.dump.gz,4995122,4952986,3628965,887197
http://mawi.nezu.wide.ad.jp/mawi/samplepoint-B/2002/200203251400.dump.gz,4998042,4948001,1160469,183126
http://mawi.nezu.wide.ad.jp/mawi/samplepoint-B/2002/200203261400.dump.gz,4996355,4945943,4125720,558000
http://mawi.nezu.wide.ad.jp/mawi/samplepoint-B/2002/200203271400.dump.gz,4996913,4973789,4008558,751136
http://mawi.nezu.wide.ad.jp/mawi/samplepoint-B/2002/200203281400.dump.gz,4997044,4967472,4025061,672554
http://mawi.nezu.wide.ad.jp/mawi/samplepoint-B/2002/200203291400.dump.gz,4997224,4963199,3649195,978789
http://mawi.nezu.wide.ad.jp/mawi/samplepoint-B/2002/200203301400.dump.gz,4997057,4950808,4307240,350670
http://mawi.nezu.wide.ad.jp/mawi/samplepoint-B/2002/200203311400.dump.gz,4997823,4980196,3988085,716536
http://mawi.nezu.wide.ad.jp/mawi/samplepoint-B/2002/200204011400.dump.gz,4997099,4971030,4153214,623531
http://mawi.nezu.wide.ad.jp/mawi/samplepoint-B/2002/200204021400.dump.gz,4997030,4950277,4072812,499938
http://mawi.nezu.wide.ad.jp/mawi/samplepoint-B/2002/200204031400.dump.gz,4996945,4951853,4027782,716342
http://mawi.nezu.wide.ad.jp/mawi/samplepoint-B/2002/200204041400.dump.gz,4996834,4956099,3832044,631684
http://mawi.nezu.wide.ad.jp/mawi/samplepoint-B/2002/200204051400.dump.gz,4997115,4962321,4045953,655459
http://mawi.nezu.wide.ad.jp/mawi/samplepoint-B/2002/200204061400.dump.gz,4997364,4966467,3773602,846307
http://mawi.nezu.wide.ad.jp/mawi/samplepoint-B/2002/200204071400.dump.gz,4997712,4982550,3940154,688876
http://mawi.nezu.wide.ad.jp/mawi/samplepoint-B/2002/200204081400.dump.gz,4997075,4960596,4269392,408069
http://mawi.nezu.wide.ad.jp/mawi/samplepoint-B/2002/200204091400.dump.gz,4996624,4953637,4098518,519320
http://mawi.nezu.wide.ad.jp/mawi/samplepoint-B/2002/200204101400.dump.gz,4996623,4951602,4255423,476642
http://mawi.nezu.wide.ad.jp/mawi/samplepoint-B/2002/200204111400.dump.gz,4996887,4962199,4072245,568518
http://mawi.nezu.wide.ad.jp/mawi/samplepoint-B/2002/200204121400.dump.gz,4996684,4953182,4250227,443216
http://mawi.nezu.wide.ad.jp/mawi/samplepoint-B/2002/200204131400.dump.gz,4996992,4963619,4390185,371184
http://mawi.nezu.wide.ad.jp/mawi/samplepoint-B/2002/200204141400.dump.gz,4997731,4971803,4073238,620800
http://mawi.nezu.wide.ad.jp/mawi/samplepoint-B/2002/200204151400.dump.gz,4996565,4957950,4316072,465367
http://mawi.nezu.wide.ad.jp/mawi/samplepoint-B/2002/200204161400.dump.gz,4996427,4949702,4138347,541447
http://mawi.nezu.wide.ad.jp/mawi/samplepoint-B/2002/200204171400.dump.gz,4996809,4956135,4183269,569559
http://mawi.nezu.wide.ad.jp/mawi/samplepoint-B/2002/200204181400.dump.gz,4996896,4958129,4164845,649668
http://mawi.nezu.wide.ad.jp/mawi/samplepoint-B/2002/200204191400.dump.gz,4996238,4936855,4350961,456323
http://mawi.nezu.wide.ad.jp/mawi/samplepoint-B/2002/200204201400.dump.gz,4996571,4945683,4306492,448677
http://mawi.nezu.wide.ad.jp/mawi/samplepoint-B/2002/200204211400.dump.gz,4996816,4955663,4318616,415071
http://mawi.nezu.wide.ad.jp/mawi/samplepoint-B/2002/200204221400.dump.gz,4995990,4925791,4378017,412472
http://mawi.nezu.wide.ad.jp/mawi/samplepoint-B/2002/200204231400.dump.gz,4996633,4946872,4419736,397347
http://mawi.nezu.wide.ad.jp/mawi/samplepoint-B/2002/200204241400.dump.gz,4996270,4939228,4483006,352676
http://mawi.nezu.wide.ad.jp/mawi/samplepoint-B/2002/200204251400.dump.gz,4996024,4940477,4435474,395016
http://mawi.nezu.wide.ad.jp/mawi/samplepoint-B/2002/200204261400.dump.gz,4996295,4945481,4341475,473736
http://mawi.nezu.wide.ad.jp/mawi/samplepoint-B/2002/200204271400.dump.gz,4996887,4967427,4210504,615967
http://mawi.nezu.wide.ad.jp/mawi/samplepoint-B/2002/200204281400.dump.gz,4997466,4981469,4189225,612540
http://mawi.nezu.wide.ad.jp/mawi/samplepoint-B/2002/200204291400.dump.gz,4996811,4963641,4224870,609296
http://mawi.nezu.wide.ad.jp/mawi/samplepoint-B/2002/200204301400.dump.gz,4996317,4939508,4374075,467319
http://mawi.nezu.wide.ad.jp/mawi/samplepoint-B/2002/200205011400.dump.gz,4996219,4935945,4245724,565188
http://mawi.nezu.wide.ad.jp/mawi/samplepoint-B/2002/200205021400.dump.gz,4996374,4958974,4179511,640238
http://mawi.nezu.wide.ad.jp/mawi/samplepoint-B/2002/200205031400.dump.gz,4997226,4974534,3759926,989665
http://mawi.nezu.wide.ad.jp/mawi/samplepoint-B/2002/200205041400.dump.gz,4997001,4972233,3978487,825019
http://mawi.nezu.wide.ad.jp/mawi/samplepoint-B/2002/200205051400.dump.gz,4997254,4961499,3966932,777841
http://mawi.nezu.wide.ad.jp/mawi/samplepoint-B/2002/200205061400.dump.gz,4997439,4969427,4078685,736918
http://mawi.nezu.wide.ad.jp/mawi/samplepoint-B/2002/200205071400.dump.gz,4995598,4901074,4472698,340516
http://mawi.nezu.wide.ad.jp/mawi/samplepoint-B/2002/200205081400.dump.gz,4996087,4916582,4305577,410169
http://mawi.nezu.wide.ad.jp/mawi/samplepoint-B/2002/200205091400.dump.gz,4995725,4903016,4317024,364642
http://mawi.nezu.wide.ad.jp/mawi/samplepoint-B/2002/200205101400.dump.gz,4995955,4905408,4387370,415053
http://mawi.nezu.wide.ad.jp/mawi/samplepoint-B/2002/200205111400.dump.gz,4995993,4928104,4285286,502594
http://mawi.nezu.wide.ad.jp/mawi/samplepoint-B/2002/200205121400.dump.gz,4997334,4961409,4474935,343621
http://mawi.nezu.wide.ad.jp/mawi/samplepoint-B/2002/200205131400.dump.gz,4996345,4917372,4641066,185009
http://mawi.nezu.wide.ad.jp/mawi/samplepoint-B/2002/200205141400.dump.gz,4996020,4895560,4564984,206773
http://mawi.nezu.wide.ad.jp/mawi/samplepoint-B/2002/200205151400.dump.gz,4995567,4901412,4323105,419252
http://mawi.nezu.wide.ad.jp/mawi/samplepoint-B/2002/200205161400.dump.gz,4996004,4897805,4324977,455462
http://mawi.nezu.wide.ad.jp/mawi/samplepoint-B/2002/200205171400.dump.gz,4995822,4905964,4341440,409259
http://mawi.nezu.wide.ad.jp/mawi/samplepoint-B/2002/200205181400.dump.gz,4996515,4939819,4218068,572415
http://mawi.nezu.wide.ad.jp/mawi/samplepoint-B/2002/200205191400.dump.gz,4997500,4945950,4439290,372405
http://mawi.nezu.wide.ad.jp/mawi/samplepoint-B/2002/200205201400.dump.gz,4996161,4915379,4294733,518742
http://mawi.nezu.wide.ad.jp/mawi/samplepoint-B/2002/200205211400.dump.gz,4996064,4917765,4280735,481138
http://mawi.nezu.wide.ad.jp/mawi/samplepoint-B/2002/200205221400.dump.gz,4996228,4925247,4200683,618052
http://mawi.nezu.wide.ad.jp/mawi/samplepoint-B/2002/200205231400.dump.gz,4995797,4916033,4157682,457618
http://mawi.nezu.wide.ad.jp/mawi/samplepoint-B/2002/200205241400.dump.gz,4995776,4915286,4423232,394128
http://mawi.nezu.wide.ad.jp/mawi/samplepoint-B/2002/200205251400.dump.gz,4996392,4933119,4372711,435990
http://mawi.nezu.wide.ad.jp/mawi/samplepoint-B/2002/200205261400.dump.gz,4994403,4908453,4511465,307462
http://mawi.nezu.wide.ad.jp/mawi/samplepoint-B/2002/200205271400.dump.gz,4995888,4904633,4370862,433401
http://mawi.nezu.wide.ad.jp/mawi/samplepoint-B/2002/200205281400.dump.gz,4996088,4917721,4405327,413310
http://mawi.nezu.wide.ad.jp/mawi/samplepoint-B/2002/200205291400.dump.gz,4996041,4920966,4253756,548840
http://mawi.nezu.wide.ad.jp/mawi/samplepoint-B/2002/200205301400.dump.gz,4995969,4917288,4397608,437431
http://mawi.nezu.wide.ad.jp/mawi/samplepoint-B/2002/200205311400.dump.gz,4995913,4909500,4473077,346983
http://mawi.nezu.wide.ad.jp/mawi/samplepoint-B/2002/200206011400.dump.gz,4996799,4949712,4067736,721811
http://mawi.nezu.wide.ad.jp/mawi/samplepoint-B/2002/200206021400.dump.gz,4996838,4942175,4521129,320181
http://mawi.nezu.wide.ad.jp/mawi/samplepoint-B/2002/200206031400.dump.gz,4995668,4902747,4219889,551933
http://mawi.nezu.wide.ad.jp/mawi/samplepoint-B/2002/200206041400.dump.gz,4995925,4910965,4190249,602306
http://mawi.nezu.wide.ad.jp/mawi/samplepoint-B/2002/200206051400.dump.gz,4996485,4996485,4344642,496702
http://mawi.nezu.wide.ad.jp/mawi/samplepoint-B/2002/200206061400.dump.gz,4938940,4910527,4067831,513755
http://mawi.nezu.wide.ad.jp/mawi/samplepoint-B/2002/200206071400.dump.gz,4900808,4866233,4352200,340372
http://mawi.nezu.wide.ad.jp/mawi/samplepoint-B/2002/200206081400.dump.gz,4945368,4918307,4389071,366051
http://mawi.nezu.wide.ad.jp/mawi/samplepoint-B/2002/200206091400.dump.gz,4984909,4964368,4583836,275505
http://mawi.nezu.wide.ad.jp/mawi/samplepoint-B/2002/200206101400.dump.gz,4891232,4861957,4128712,577263
http://mawi.nezu.wide.ad.jp/mawi/samplepoint-B/2002/200206111400.dump.gz,4919582,4882602,4192194,511747
http://mawi.nezu.wide.ad.jp/mawi/samplepoint-B/2002/200206121400.dump.gz,4901552,4865979,4178192,471809
http://mawi.nezu.wide.ad.jp/mawi/samplepoint-B/2002/200206131400.dump.gz,4908632,4872910,4255193,448041
http://mawi.nezu.wide.ad.jp/mawi/samplepoint-B/2002/200206141400.dump.gz,4917194,4883237,4107115,617756
http://mawi.nezu.wide.ad.jp/mawi/samplepoint-B/2002/200206151400.dump.gz,4909418,4883561,4039784,674223
http://mawi.nezu.wide.ad.jp/mawi/samplepoint-B/2002/200206161400.dump.gz,4968043,4946538,4122930,649434
http://mawi.nezu.wide.ad.jp/mawi/samplepoint-B/2002/200206171400.dump.gz,4895220,4848000,4124295,562440
http://mawi.nezu.wide.ad.jp/mawi/samplepoint-B/2002/200206181400.dump.gz,4918186,4896459,4113167,553956
http://mawi.nezu.wide.ad.jp/mawi/samplepoint-B/2002/200206191400.dump.gz,4905599,4885416,4129139,569546
http://mawi.nezu.wide.ad.jp/mawi/samplepoint-B/2002/200206201400.dump.gz,4916410,4891528,4341760,394423
http://mawi.nezu.wide.ad.jp/mawi/samplepoint-B/2002/200206211400.dump.gz,4925101,4899484,4406070,374666
http://mawi.nezu.wide.ad.jp/mawi/samplepoint-B/2002/200206221400.dump.gz,4928061,4907955,4170210,572162
http://mawi.nezu.wide.ad.jp/mawi/samplepoint-B/2002/200206231400.dump.gz,4979262,4968657,3657355,1094648
http://mawi.nezu.wide.ad.jp/mawi/samplepoint-B/2002/200206241400.dump.gz,4910338,4884756,4303431,412617
http://mawi.nezu.wide.ad.jp/mawi/samplepoint-B/2002/200206251400.dump.gz,4927374,4906842,4093088,674192
http://mawi.nezu.wide.ad.jp/mawi/samplepoint-B/2002/200206261400.dump.gz,4913251,4890251,4320683,453004
http://mawi.nezu.wide.ad.jp/mawi/samplepoint-B/2002/200206271400.dump.gz,4909458,4883369,4364020,395018
http://mawi.nezu.wide.ad.jp/mawi/samplepoint-B/2002/200206281400.dump.gz,4877831,4853937,4299046,446457
http://mawi.nezu.wide.ad.jp/mawi/samplepoint-B/2002/200206291400.dump.gz,4932969,4913994,4503195,305462
http://mawi.nezu.wide.ad.jp/mawi/samplepoint-B/2002/200206301400.dump.gz,4968822,4954506,4301161,517852
http://mawi.nezu.wide.ad.jp/mawi/samplepoint-B/2002/200207011400.dump.gz,4899564,4868144,4336474,378899
http://mawi.nezu.wide.ad.jp/mawi/samplepoint-B/2002/200207021400.dump.gz,4926472,4898091,4228547,527097
http://mawi.nezu.wide.ad.jp/mawi/samplepoint-B/2002/200207031400.dump.gz,4927201,4905967,4299462,465890
http://mawi.nezu.wide.ad.jp/mawi/samplepoint-B/2002/200207041400.dump.gz,4918794,4891065,4258649,457288
http://mawi.nezu.wide.ad.jp/mawi/samplepoint-B/2002/200207051400.dump.gz,4932665,4896608,4470910,291049
http://mawi.nezu.wide.ad.jp/mawi/samplepoint-B/2002/200207061400.dump.gz,4961945,4948426,4235077,539847
http://mawi.nezu.wide.ad.jp/mawi/samplepoint-B/2002/200207071400.dump.gz,4967142,4952530,3944331,780761
http://mawi.nezu.wide.ad.jp/mawi/samplepoint-B/2002/200207081400.dump.gz,4889331,4860114,4004452,705862
http://mawi.nezu.wide.ad.jp/mawi/samplepoint-B/2002/200207091400.dump.gz,4917023,4883727,4316031,411779
http://mawi.nezu.wide.ad.jp/mawi/samplepoint-B/2002/200207101400.dump.gz,4900589,4870418,4274887,425352
http://mawi.nezu.wide.ad.jp/mawi/samplepoint-B/2002/200207111400.dump.gz,4916119,4888655,4332442,404587
http://mawi.nezu.wide.ad.jp/mawi/samplepoint-B/2002/200207121400.dump.gz,4927963,4902773,4154895,484014
http://mawi.nezu.wide.ad.jp/mawi/samplepoint-B/2002/200207131400.dump.gz,4957297,4943144,4167242,527584
http://mawi.nezu.wide.ad.jp/mawi/samplepoint-B/2002/200207141400.dump.gz,4961735,4950123,3631852,772546
http://mawi.nezu.wide.ad.jp/mawi/samplepoint-B/2002/200207151400.dump.gz,4912159,4882538,4303414,410655
http://mawi.nezu.wide.ad.jp/mawi/samplepoint-B/2002/200207161400.dump.gz,4948607,4916413,2653057,2040206
http://mawi.nezu.wide.ad.jp/mawi/samplepoint-B/2002/200207171400.dump.gz,4949511,4926251,4092434,614045
http://mawi.nezu.wide.ad.jp/mawi/samplepoint-B/2002/200207181400.dump.gz,4931350,4905274,4277890,458859
http://mawi.nezu.wide.ad.jp/mawi/samplepoint-B/2002/200207191400.dump.gz,4945792,4926353,4199095,526852
http://mawi.nezu.wide.ad.jp/mawi/samplepoint-B/2002/200207201400.dump.gz,4968573,4955462,4086857,710548
http://mawi.nezu.wide.ad.jp/mawi/samplepoint-B/2002/200207211400.dump.gz,4976768,4967393,3837940,963438
http://mawi.nezu.wide.ad.jp/mawi/samplepoint-B/2002/200207221400.dump.gz,4918863,4894999,4140425,596114
http://mawi.nezu.wide.ad.jp/mawi/samplepoint-B/2002/200207231400.dump.gz,4931437,4905521,4219735,530192
http://mawi.nezu.wide.ad.jp/mawi/samplepoint-B/2002/200207241400.dump.gz,4940609,4918362,4152183,500378
http://mawi.nezu.wide.ad.jp/mawi/samplepoint-B/2002/200207251400.dump.gz,4932306,4907788,4239243,493673
http://mawi.nezu.wide.ad.jp/mawi/samplepoint-B/2002/200207261400.dump.gz,4901683,4883574,4241657,483541
http://mawi.nezu.wide.ad.jp/mawi/samplepoint-B/2002/200207271400.dump.gz,4935981,4923457,4179535,498800
http://mawi.nezu.wide.ad.jp/mawi/samplepoint-B/2002/200207281400.dump.gz,4961509,4954894,3948963,728934
http://mawi.nezu.wide.ad.jp/mawi/samplepoint-B/2002/200207291400.dump.gz,4926511,4911011,4175497,557092
http://mawi.nezu.wide.ad.jp/mawi/samplepoint-B/2002/200207301400.dump.gz,4924446,4908022,4362209,376919
http://mawi.nezu.wide.ad.jp/mawi/samplepoint-B/2002/200207311400.dump.gz,4882073,4862006,4167495,519809
http://mawi.nezu.wide.ad.jp/mawi/samplepoint-B/2002/200208011400.dump.gz,4930432,4914753,4291962,451078
http://mawi.nezu.wide.ad.jp/mawi/samplepoint-B/2002/200208021400.dump.gz,4908138,4891327,4266219,467005
http://mawi.nezu.wide.ad.jp/mawi/samplepoint-B/2002/200208031400.dump.gz,4948376,4938647,4099922,643853
http://mawi.nezu.wide.ad.jp/mawi/samplepoint-B/2002/200208041400.dump.gz,4954432,4945561,4223740,520871
http://mawi.nezu.wide.ad.jp/mawi/samplepoint-B/2002/200208051400.dump.gz,4922671,4908523,4179788,529536
http://mawi.nezu.wide.ad.jp/mawi/samplepoint-B/2002/200208061400.dump.gz,4932676,4919853,4208999,523007
http://mawi.nezu.wide.ad.jp/mawi/samplepoint-B/2002/200208071400.dump.gz,4897894,4882579,4139601,480573
http://mawi.nezu.wide.ad.jp/mawi/samplepoint-B/2002/200208081400.dump.gz,4959323,4937368,3694741,229178
http://mawi.nezu.wide.ad.jp/mawi/samplepoint-B/2002/200208091400.dump.gz,4947734,4936668,4287421,514856
http://mawi.nezu.wide.ad.jp/mawi/samplepoint-B/2002/200208121400.dump.gz,4966237,4959839,3926456,821892
http://mawi.nezu.wide.ad.jp/mawi/samplepoint-B/2002/200208131400.dump.gz,4960383,4951850,4076711,625141
http://mawi.nezu.wide.ad.jp/mawi/samplepoint-B/2002/200208141400.dump.gz,4907500,4892860,3983668,510820
http://mawi.nezu.wide.ad.jp/mawi/samplepoint-B/2002/200208151400.dump.gz,4955914,4947520,4034677,714140
http://mawi.nezu.wide.ad.jp/mawi/samplepoint-B/2002/200208161400.dump.gz,4943769,4933666,4023249,704418
http://mawi.nezu.wide.ad.jp/mawi/samplepoint-B/2002/200208171400.dump.gz,4997100,4994031,4904253,62402
http://mawi.nezu.wide.ad.jp/mawi/samplepoint-B/2002/200208181400.dump.gz,4957295,4951303,3924094,600970
http://mawi.nezu.wide.ad.jp/mawi/samplepoint-B/2002/200208191400.dump.gz,4952120,4943644,4111545,570353
http://mawi.nezu.wide.ad.jp/mawi/samplepoint-B/2002/200208201400.dump.gz,4954783,4941832,4309178,518519
http://mawi.nezu.wide.ad.jp/mawi/samplepoint-B/2002/200208211400.dump.gz,4968088,4956793,4201049,597399
http://mawi.nezu.wide.ad.jp/mawi/samplepoint-B/2002/200208221400.dump.gz,4974204,4959725,4003813,590586
http://mawi.nezu.wide.ad.jp/mawi/samplepoint-B/2002/200208231400.dump.gz,4965745,4950606,4025703,579741
http://mawi.nezu.wide.ad.jp/mawi/samplepoint-B/2002/200208241400.dump.gz,4979304,4968505,4065633,650283
http://mawi.nezu.wide.ad.jp/mawi/samplepoint-B/2002/200208251400.dump.gz,4972439,4961224,3932334,581665
http://mawi.nezu.wide.ad.jp/mawi/samplepoint-B/2002/200208261400.dump.gz,4958474,4943622,4078690,605277
http://mawi.nezu.wide.ad.jp/mawi/samplepoint-B/2002/200208271400.dump.gz,4960758,4944443,4134690,546630
http://mawi.nezu.wide.ad.jp/mawi/samplepoint-B/2002/200208281400.dump.gz,4970834,4954026,4139878,551618
http://mawi.nezu.wide.ad.jp/mawi/samplepoint-B/2002/200208291400.dump.gz,4970779,4957472,4218468,552491
http://mawi.nezu.wide.ad.jp/mawi/samplepoint-B/2002/200208301400.dump.gz,4957960,4942282,3994736,766493
http://mawi.nezu.wide.ad.jp/mawi/samplepoint-B/2002/200208311400.dump.gz,4956279,4942124,4160275,513746
http://mawi.nezu.wide.ad.jp/mawi/samplepoint-B/2002/200209011400.dump.gz,4985485,4970312,4669677,206950
http://mawi.nezu.wide.ad.jp/mawi/samplepoint-B/2002/200209021400.dump.gz,4950890,4934817,4248731,531248
http://mawi.nezu.wide.ad.jp/mawi/samplepoint-B/2002/200209031400.dump.gz,4955501,4937582,4305837,504791
http://mawi.nezu.wide.ad.jp/mawi/samplepoint-B/2002/200209041400.dump.gz,4961582,4942577,4240563,438074
http://mawi.nezu.wide.ad.jp/mawi/samplepoint-B/2002/200209051400.dump.gz,4965885,4950279,4259374,540870
http://mawi.nezu.wide.ad.jp/mawi/samplepoint-B/2002/200209061400.dump.gz,4973850,4958200,4109983,678934
http://mawi.nezu.wide.ad.jp/mawi/samplepoint-B/2002/200209071400.dump.gz,4977502,4966577,4125415,551701
http://mawi.nezu.wide.ad.jp/mawi/samplepoint-B/2002/200209081400.dump.gz,4984628,4976196,4249855,500920
http://mawi.nezu.wide.ad.jp/mawi/samplepoint-B/2002/200209091400.dump.gz,4973263,4958049,4355601,489491
http://mawi.nezu.wide.ad.jp/mawi/samplepoint-B/2002/200209101400.dump.gz,4958050,4939563,4352931,445059
http://mawi.nezu.wide.ad.jp/mawi/samplepoint-B/2002/200209111400.dump.gz,4965014,4945113,4356917,417665
http://mawi.nezu.wide.ad.jp/mawi/samplepoint-B/2002/200209121400.dump.gz,4949232,4927301,4355384,427334
http://mawi.nezu.wide.ad.jp/mawi/samplepoint-B/2002/200209131400.dump.gz,4964554,4946440,4228069,588628
http://mawi.nezu.wide.ad.jp/mawi/samplepoint-B/2002/200209141400.dump.gz,4969036,4954455,4161065,584882
http://mawi.nezu.wide.ad.jp/mawi/samplepoint-B/2002/200209151400.dump.gz,4973420,4960770,4159427,675253
http://mawi.nezu.wide.ad.jp/mawi/samplepoint-B/2002/200209161400.dump.gz,4969658,4952956,4087484,641120
http://mawi.nezu.wide.ad.jp/mawi/samplepoint-B/2002/200209171400.dump.gz,4959815,4924061,2921455,1553979
http://mawi.nezu.wide.ad.jp/mawi/samplepoint-B/2002/200209181400.dump.gz,4944189,4920998,4302025,436891
http://mawi.nezu.wide.ad.jp/mawi/samplepoint-B/2002/200209191400.dump.gz,4955018,4935306,4316800,468306
http://mawi.nezu.wide.ad.jp/mawi/samplepoint-B/2002/200209201400.dump.gz,4955638,4932949,4215994,475727
http://mawi.nezu.wide.ad.jp/mawi/samplepoint-B/2002/200209211400.dump.gz,4956998,4939189,4295853,531915
http://mawi.nezu.wide.ad.jp/mawi/samplepoint-B/2002/200209221400.dump.gz,4970437,4957538,4214218,460414
http://mawi.nezu.wide.ad.jp/mawi/samplepoint-B/2002/200209231400.dump.gz,4961423,4937960,3533418,1180674
http://mawi.nezu.wide.ad.jp/mawi/samplepoint-B/2002/200209241400.dump.gz,4949791,4923874,4164099,642878
http://mawi.nezu.wide.ad.jp/mawi/samplepoint-B/2002/200209251400.dump.gz,4958220,4926234,3634657,1055588
http://mawi.nezu.wide.ad.jp/mawi/samplepoint-B/2002/200209261400.dump.gz,4942424,4911950,3895031,554596
http://mawi.nezu.wide.ad.jp/mawi/samplepoint-B/2002/200209271400.dump.gz,4946413,4915677,4310780,460813
http://mawi.nezu.wide.ad.jp/mawi/samplepoint-B/2002/200209281400.dump.gz,4964693,4932174,2706195,1885979
http://mawi.nezu.wide.ad.jp/mawi/samplepoint-B/2002/200209291400.dump.gz,4979077,4954680,3117916,1498212
http://mawi.nezu.wide.ad.jp/mawi/samplepoint-B/2002/200209301400.dump.gz,4940395,4905219,4295686,396590
http://mawi.nezu.wide.ad.jp/mawi/samplepoint-B/2002/200210011400.dump.gz,4941738,4902470,4303810,454141
http://mawi.nezu.wide.ad.jp/mawi/samplepoint-B/2002/200210021400.dump.gz,4943602,4912641,4183033,582541
http://mawi.nezu.wide.ad.jp/mawi/samplepoint-B/2002/200210031400.dump.gz,4944911,4904501,4311194,439435
http://mawi.nezu.wide.ad.jp/mawi/samplepoint-B/2002/200210041400.dump.gz,4942642,4899105,3724275,941697
http://mawi.nezu.wide.ad.jp/mawi/samplepoint-B/2002/200210051400.dump.gz,4944830,4914492,4317413,444323
http://mawi.nezu.wide.ad.jp/mawi/samplepoint-B/2002/200210061400.dump.gz,4974954,4950149,3613614,988354
http://mawi.nezu.wide.ad.jp/mawi/samplepoint-B/2002/200210071400.dump.gz,4938172,4896357,4306383,413427
http://mawi.nezu.wide.ad.jp/mawi/samplepoint-B/2002/200210081400.dump.gz,4963886,4919517,4606550,193263
http://mawi.nezu.wide.ad.jp/mawi/samplepoint-B/2002/200210091400.dump.gz,4938717,4900691,4383549,373359
http://mawi.nezu.wide.ad.jp/mawi/samplepoint-B/2002/200210101400.dump.gz,4950304,4915988,4266272,457364
http://mawi.nezu.wide.ad.jp/mawi/samplepoint-B/2002/200210111400.dump.gz,4934292,4899000,4399418,332714
http://mawi.nezu.wide.ad.jp/mawi/samplepoint-B/2002/200210121400.dump.gz,4966951,4944158,4273890,489961
http://mawi.nezu.wide.ad.jp/mawi/samplepoint-B/2002/200210131400.dump.gz,4970184,4952500,4158868,616398
http://mawi.nezu.wide.ad.jp/mawi/samplepoint-B/2002/200210141400.dump.gz,4959257,4932252,4015789,720351
http://mawi.nezu.wide.ad.jp/mawi/samplepoint-B/2002/200210151400.dump.gz,4943169,4903658,4193331,549440
http://mawi.nezu.wide.ad.jp/mawi/samplepoint-B/2002/200210161400.dump.gz,4944389,4911217,4312096,403295
http://mawi.nezu.wide.ad.jp/mawi/samplepoint-B/2002/200210171400.dump.gz,4976090,4941612,3283335,1364713
http://mawi.nezu.wide.ad.jp/mawi/samplepoint-B/2002/200210181400.dump.gz,4953165,4923983,4227209,509422
http://mawi.nezu.wide.ad.jp/mawi/samplepoint-B/2002/200210191400.dump.gz,4958067,4936821,4252383,548937
http://mawi.nezu.wide.ad.jp/mawi/samplepoint-B/2002/200210201400.dump.gz,4969673,4951102,4313015,530687
http://mawi.nezu.wide.ad.jp/mawi/samplepoint-B/2002/200210211400.dump.gz,4942011,4906433,4173878,539994
http://mawi.nezu.wide.ad.jp/mawi/samplepoint-B/2002/200210221400.dump.gz,4943305,4900894,4257184,508009
http://mawi.nezu.wide.ad.jp/mawi/samplepoint-B/2002/200210231400.dump.gz,4940595,4901648,4151567,565839
http://mawi.nezu.wide.ad.jp/mawi/samplepoint-B/2002/200210241400.dump.gz,4942087,4903443,4143845,602268
http://mawi.nezu.wide.ad.jp/mawi/samplepoint-B/2002/200210251400.dump.gz,4949556,4912072,4094279,687267
http://mawi.nezu.wide.ad.jp/mawi/samplepoint-B/2002/200210261400.dump.gz,4955690,4935672,4120531,653849
http://mawi.nezu.wide.ad.jp/mawi/samplepoint-B/2002/200210271400.dump.gz,4976347,4963701,4262591,610681
http://mawi.nezu.wide.ad.jp/mawi/samplepoint-B/2002/200210281400.dump.gz,4933613,4893883,4083671,646458
http://mawi.nezu.wide.ad.jp/mawi/samplepoint-B/2002/200210291400.dump.gz,4938838,4894778,3991718,774619
http://mawi.nezu.wide.ad.jp/mawi/samplepoint-B/2002/200210301400.dump.gz,4946362,4912863,4077563,666966
http://mawi.nezu.wide.ad.jp/mawi/samplepoint-B/2002/200210311400.dump.gz,4955895,4917938,4131641,577227
http://mawi.nezu.wide.ad.jp/mawi/samplepoint-B/2002/200211011400.dump.gz,4952716,4918256,4094411,668430
http://mawi.nezu.wide.ad.jp/mawi/samplepoint-B/2002/200211021400.dump.gz,4969460,4945230,4029310,767931
http://mawi.nezu.wide.ad.jp/mawi/samplepoint-B/2002/200211031400.dump.gz,4925508,4906337,4196741,568990
http://mawi.nezu.wide.ad.jp/mawi/samplepoint-B/2002/200211041400.dump.gz,4944060,4916387,4083901,656308
http://mawi.nezu.wide.ad.jp/mawi/samplepoint-B/2002/200211051400.dump.gz,4943671,4908311,3926331,842745
http://mawi.nezu.wide.ad.jp/mawi/samplepoint-B/2002/200211061400.dump.gz,4944230,4907484,4135647,595405
http://mawi.nezu.wide.ad.jp/mawi/samplepoint-B/2002/200211071400.dump.gz,4943808,4909336,4071822,704024
http://mawi.nezu.wide.ad.jp/mawi/samplepoint-B/2002/200211081400.dump.gz,4949282,4911873,4130501,631935
http://mawi.nezu.wide.ad.jp/mawi/samplepoint-B/2002/200211091400.dump.gz,4951929,4925639,3776637,1006998
http://mawi.nezu.wide.ad.jp/mawi/samplepoint-B/2002/200211101400.dump.gz,4977584,4960020,3293907,1319973
http://mawi.nezu.wide.ad.jp/mawi/samplepoint-B/2002/200211111400.dump.gz,4945382,4907655,4132449,587652
http://mawi.nezu.wide.ad.jp/mawi/samplepoint-B/2002/200211121400.dump.gz,4950029,4910095,3336800,1054106
http://mawi.nezu.wide.ad.jp/mawi/samplepoint-B/2002/200211131400.dump.gz,4949278,4907967,3587590,755185
http://mawi.nezu.wide.ad.jp/mawi/samplepoint-B/2002/200211141400.dump.gz,4942882,4900458,3719226,631782
http://mawi.nezu.wide.ad.jp/mawi/samplepoint-B/2002/200211151400.dump.gz,4949812,4910961,3801254,526211
http://mawi.nezu.wide.ad.jp/mawi/samplepoint-B/2002/200211161400.dump.gz,4972528,4950485,3638928,659614
http://mawi.nezu.wide.ad.jp/mawi/samplepoint-B/2002/200211171400.dump.gz,4972986,4955603,3620053,552758
http://mawi.nezu.wide.ad.jp/mawi/samplepoint-B/2002/200211181400.dump.gz,4940184,4907603,4128343,570570
http://mawi.nezu.wide.ad.jp/mawi/samplepoint-B/2002/200211191400.dump.gz,4957331,4926066,4040307,690714
http://mawi.nezu.wide.ad.jp/mawi/samplepoint-B/2002/200211201400.dump.gz,4953579,4924267,4067065,603961
http://mawi.nezu.wide.ad.jp/mawi/samplepoint-B/2002/200211211400.dump.gz,4945535,4917239,4059956,591230
http://mawi.nezu.wide.ad.jp/mawi/samplepoint-B/2002/200211221400.dump.gz,4951019,4922577,3872105,499123
http://mawi.nezu.wide.ad.jp/mawi/samplepoint-B/2002/200211231400.dump.gz,4966862,4944380,3747110,488133
http://mawi.nezu.wide.ad.jp/mawi/samplepoint-B/2002/200211241400.dump.gz,4977679,4958305,3588811,582116
http://mawi.nezu.wide.ad.jp/mawi/samplepoint-B/2002/200211251400.dump.gz,4956772,4921292,4254360,470015
http://mawi.nezu.wide.ad.jp/mawi/samplepoint-B/2002/200211261400.dump.gz,4980224,4967187,4416031,490924
http://mawi.nezu.wide.ad.jp/mawi/samplepoint-B/2002/200211271400.dump.gz,4980869,4969503,4222727,598352
http://mawi.nezu.wide.ad.jp/mawi/samplepoint-B/2002/200211281400.dump.gz,4985031,4977778,4124652,641801
http://mawi.nezu.wide.ad.jp/mawi/samplepoint-B/2002/200211291400.dump.gz,4983344,4973963,4247329,584683
http://mawi.nezu.wide.ad.jp/mawi/samplepoint-B/2002/200211301400.dump.gz,4985279,4972728,4436127,439312
http://mawi.nezu.wide.ad.jp/mawi/samplepoint-B/2002/200212011400.dump.gz,4987536,4973269,2524589,2245262
http://mawi.nezu.wide.ad.jp/mawi/samplepoint-B/2002/200212021400.dump.gz,4985982,4978386,4318534,528545
http://mawi.nezu.wide.ad.jp/mawi/samplepoint-B/2002/200212031400.dump.gz,4985842,4975729,4272616,611632
http://mawi.nezu.wide.ad.jp/mawi/samplepoint-B/2002/200212041400.dump.gz,4986914,4980185,4141720,697555
http://mawi.nezu.wide.ad.jp/mawi/samplepoint-B/2002/200212051400.dump.gz,4984932,4973867,4082522,610250
http://mawi.nezu.wide.ad.jp/mawi/samplepoint-B/2002/200212061400.dump.gz,4986198,4975562,4322748,582535
http://mawi.nezu.wide.ad.jp/mawi/samplepoint-B/2002/200212071400.dump.gz,4966357,4947017,3905453,791240
http://mawi.nezu.wide.ad.jp/mawi/samplepoint-B/2002/200212081400.dump.gz,4992646,4978844,4561196,228048
http://mawi.nezu.wide.ad.jp/mawi/samplepoint-B/2002/200212091400.dump.gz,4955245,4924318,4042903,634448
http://mawi.nezu.wide.ad.jp/mawi/samplepoint-B/2002/200212101400.dump.gz,4935325,4903687,4084137,581999
http://mawi.nezu.wide.ad.jp/mawi/samplepoint-B/2002/200212111400.dump.gz,4947364,4916389,4031588,696834
http://mawi.nezu.wide.ad.jp/mawi/samplepoint-B/2002/200212121400.dump.gz,4937846,4902322,4183625,564146
http://mawi.nezu.wide.ad.jp/mawi/samplepoint-B/2002/200212131400.dump.gz,4945474,4908665,4284207,477046
http://mawi.nezu.wide.ad.jp/mawi/samplepoint-B/2002/200212141400.dump.gz,4957679,4936710,4137553,625967
http://mawi.nezu.wide.ad.jp/mawi/samplepoint-B/2002/200212151400.dump.gz,4975492,4963087,3885489,862339
http://mawi.nezu.wide.ad.jp/mawi/samplepoint-B/2002/200212161400.dump.gz,4948366,4916694,4049302,740221
http://mawi.nezu.wide.ad.jp/mawi/samplepoint-B/2002/200212171400.dump.gz,4950957,4917027,3685742,1065664
http://mawi.nezu.wide.ad.jp/mawi/samplepoint-B/2002/200212181400.dump.gz,4954396,4928071,4056944,718252
http://mawi.nezu.wide.ad.jp/mawi/samplepoint-B/2002/200212191400.dump.gz,4944516,4907850,4299801,473672
http://mawi.nezu.wide.ad.jp/mawi/samplepoint-B/2002/200212231400.dump.gz,4981912,4966072,4532256,371811
http://mawi.nezu.wide.ad.jp/mawi/samplepoint-B/2002/200212241400.dump.gz,4968200,4951097,3228610,1508112
http://mawi.nezu.wide.ad.jp/mawi/samplepoint-B/2002/200212251400.dump.gz,4967112,4950705,4083020,683659
http://mawi.nezu.wide.ad.jp/mawi/samplepoint-B/2002/200212261400.dump.gz,4932235,4909543,4117269,602683
http://mawi.nezu.wide.ad.jp/mawi/samplepoint-B/2002/200212271400.dump.gz,4959220,4943135,4035271,793843
http://mawi.nezu.wide.ad.jp/mawi/samplepoint-B/2002/200212281400.dump.gz,4967555,4953148,3897101,858146
http://mawi.nezu.wide.ad.jp/mawi/samplepoint-B/2002/200212291400.dump.gz,4982114,4971358,3712235,994220
http://mawi.nezu.wide.ad.jp/mawi/samplepoint-B/2002/200212301400.dump.gz,4966968,4951649,3928559,818807
