url,total,ip,tcp,udp
http://mawi.nezu.wide.ad.jp/mawi/samplepoint-B/2006/200512311400.dump.gz,6639180,6527776,5237543,932777
http://mawi.nezu.wide.ad.jp/mawi/samplepoint-B/2006/200601011400.dump.gz,6587564,6461450,5146384,1001274
http://mawi.nezu.wide.ad.jp/mawi/samplepoint-B/2006/200601021400.dump.gz,7865980,7711973,6314729,1094795
http://mawi.nezu.wide.ad.jp/mawi/samplepoint-B/2006/200601031400.dump.gz,7654928,7498107,5883311,1263854
http://mawi.nezu.wide.ad.jp/mawi/samplepoint-B/2006/200601041400.dump.gz,8193936,8022696,6581907,1233919
http://mawi.nezu.wide.ad.jp/mawi/samplepoint-B/2006/200601051400.dump.gz,9267652,9061068,7403811,1333272
http://mawi.nezu.wide.ad.jp/mawi/samplepoint-B/2006/200601061400.dump.gz,10015884,9742940,8405943,1038582
http://mawi.nezu.wide.ad.jp/mawi/samplepoint-B/2006/200601071400.dump.gz,7268488,7098839,5695524,923535
http://mawi.nezu.wide.ad.jp/mawi/samplepoint-B/2006/200601081400.dump.gz,6152980,6062220,4792986,893402
http://mawi.nezu.wide.ad.jp/mawi/samplepoint-B/2006/200601091400.dump.gz,7201705,7046382,5629934,937245
http://mawi.nezu.wide.ad.jp/mawi/samplepoint-B/2006/200601101400.dump.gz,8494490,8264207,6259882,1654681
http://mawi.nezu.wide.ad.jp/mawi/samplepoint-B/2006/200601111400.dump.gz,8700146,8463432,6850578,1147581
http://mawi.nezu.wide.ad.jp/mawi/samplepoint-B/2006/200601121400.dump.gz,9476479,9211221,7596105,1187673
http://mawi.nezu.wide.ad.jp/mawi/samplepoint-B/2006/200601131400.dump.gz,8769583,8539214,6968873,1218184
http://mawi.nezu.wide.ad.jp/mawi/samplepoint-B/2006/200601141400.dump.gz,6851866,6702721,5255114,992023
http://mawi.nezu.wide.ad.jp/mawi/samplepoint-B/2006/200601151400.dump.gz,6153249,6035950,4492036,1270761
http://mawi.nezu.wide.ad.jp/mawi/samplepoint-B/2006/200601161400.dump.gz,8689698,8462522,6968783,1137113
http://mawi.nezu.wide.ad.jp/mawi/samplepoint-B/2006/200601171400.dump.gz,9153107,8899181,7285058,1217809
http://mawi.nezu.wide.ad.jp/mawi/samplepoint-B/2006/200601181400.dump.gz,8751979,8505300,6642454,1464568
http://mawi.nezu.wide.ad.jp/mawi/samplepoint-B/2006/200601191400.dump.gz,8730666,8486558,6818938,1248082
http://mawi.nezu.wide.ad.jp/mawi/samplepoint-B/2006/200601201400.dump.gz,7878006,7662471,6011672,1335409
http://mawi.nezu.wide.ad.jp/mawi/samplepoint-B/2006/200601211400.dump.gz,6255953,6123810,4636464,1322112
http://mawi.nezu.wide.ad.jp/mawi/samplepoint-B/2006/200601221400.dump.gz,5602468,5504341,4212466,1146422
http://mawi.nezu.wide.ad.jp/mawi/samplepoint-B/2006/200601231400.dump.gz,8062527,7834852,6508203,936099
http://mawi.nezu.wide.ad.jp/mawi/samplepoint-B/2006/200601241400.dump.gz,8415142,8166673,6686748,1150749
http://mawi.nezu.wide.ad.jp/mawi/samplepoint-B/2006/200601251400.dump.gz,8301649,8084564,6744884,1012648
http://mawi.nezu.wide.ad.jp/mawi/samplepoint-B/2006/200601261400.dump.gz,8147441,7937271,6380003,1297876
http://mawi.nezu.wide.ad.jp/mawi/samplepoint-B/2006/200601271400.dump.gz,8124013,7900492,6470725,1192086
http://mawi.nezu.wide.ad.jp/mawi/samplepoint-B/2006/200601281400.dump.gz,7143136,6978689,5534544,1064032
http://mawi.nezu.wide.ad.jp/mawi/samplepoint-B/2006/200601291400.dump.gz,6547777,6431703,5054770,1106560
http://mawi.nezu.wide.ad.jp/mawi/samplepoint-B/2006/200601301400.dump.gz,8510941,8282887,6608894,1330678
http://mawi.nezu.wide.ad.jp/mawi/samplepoint-B/2006/200601311400.dump.gz,7896124,7692204,6012779,1331843
http://mawi.nezu.wide.ad.jp/mawi/samplepoint-B/2006/200602011400.dump.gz,9280705,9052520,7259952,1359492
http://mawi.nezu.wide.ad.jp/mawi/samplepoint-B/2006/200602021400.dump.gz,11971948,11625346,9885265,1373371
http://mawi.nezu.wide.ad.jp/mawi/samplepoint-B/2006/200602031400.dump.gz,11469195,11144073,9636345,1160396
http://mawi.nezu.wide.ad.jp/mawi/samplepoint-B/2006/200602041400.dump.gz,8677151,8463046,6803882,1341949
http://mawi.nezu.wide.ad.jp/mawi/samplepoint-B/2006/200602051400.dump.gz,7948623,7762043,6330909,1088438
http://mawi.nezu.wide.ad.jp/mawi/samplepoint-B/2006/200602061400.dump.gz,9125398,8878327,7183272,1283206
http://mawi.nezu.wide.ad.jp/mawi/samplepoint-B/2006/200602071400.dump.gz,10986961,10671705,9259176,1054222
http://mawi.nezu.wide.ad.jp/mawi/samplepoint-B/2006/200602081400.dump.gz,11216462,10911614,9456373,1043707
http://mawi.nezu.wide.ad.jp/mawi/samplepoint-B/2006/200602091400.dump.gz,8985389,8774789,7433658,958715
http://mawi.nezu.wide.ad.jp/mawi/samplepoint-B/2006/200602101400.dump.gz,8030719,7814938,6317240,1113844
http://mawi.nezu.wide.ad.jp/mawi/samplepoint-B/2006/200602111400.dump.gz,5790649,5696344,4464479,868151
http://mawi.nezu.wide.ad.jp/mawi/samplepoint-B/2006/200602121400.dump.gz,6634864,6506513,5296743,989171
http://mawi.nezu.wide.ad.jp/mawi/samplepoint-B/2006/200602131400.dump.gz,8583053,8355433,6790917,1198427
http://mawi.nezu.wide.ad.jp/mawi/samplepoint-B/2006/200602140415.dump.gz,69169567,68206062,2393867,65680402
http://mawi.nezu.wide.ad.jp/mawi/samplepoint-B/2006/200602151400.dump.gz,8866247,8638081,6827436,1375008
http://mawi.nezu.wide.ad.jp/mawi/samplepoint-B/2006/200602161400.dump.gz,8160458,7952322,6231483,1366235
http://mawi.nezu.wide.ad.jp/mawi/samplepoint-B/2006/200602171400.dump.gz,8292697,8111825,6273491,1534157
http://mawi.nezu.wide.ad.jp/mawi/samplepoint-B/2006/200602181400.dump.gz,7061316,6913274,5334570,1261899
http://mawi.nezu.wide.ad.jp/mawi/samplepoint-B/2006/200602191400.dump.gz,5619653,5540392,4317111,983149
http://mawi.nezu.wide.ad.jp/mawi/samplepoint-B/2006/200602201400.dump.gz,7774640,7602723,6081617,1154262
http://mawi.nezu.wide.ad.jp/mawi/samplepoint-B/2006/200602211400.dump.gz,8950264,8731748,7003169,1431409
http://mawi.nezu.wide.ad.jp/mawi/samplepoint-B/2006/200602221400.dump.gz,8280930,8065172,6552573,1153180
http://mawi.nezu.wide.ad.jp/mawi/samplepoint-B/2006/200602231400.dump.gz,9250844,9000922,7364821,1267086
http://mawi.nezu.wide.ad.jp/mawi/samplepoint-B/2006/200602241400.dump.gz,9789906,9525753,7048361,2194713
http://mawi.nezu.wide.ad.jp/mawi/samplepoint-B/2006/200602251400.dump.gz,7938393,7764931,6460132,1061587
http://mawi.nezu.wide.ad.jp/mawi/samplepoint-B/2006/200602261400.dump.gz,6704345,6595417,5490384,752194
http://mawi.nezu.wide.ad.jp/mawi/samplepoint-B/2006/200602271400.dump.gz,8237544,8031755,6564907,1056758
http://mawi.nezu.wide.ad.jp/mawi/samplepoint-B/2006/200602281400.dump.gz,8649619,8449086,6923417,1059795
http://mawi.nezu.wide.ad.jp/mawi/samplepoint-B/2006/200603011400.dump.gz,8179949,7986343,6397990,1162549
http://mawi.nezu.wide.ad.jp/mawi/samplepoint-B/2006/200603021400.dump.gz,9033990,8806488,7239841,1301331
http://mawi.nezu.wide.ad.jp/mawi/samplepoint-B/2006/200603031400.dump.gz,8824722,8599245,7010708,1232981
http://mawi.nezu.wide.ad.jp/mawi/samplepoint-B/2006/200603041400.dump.gz,6962319,6812227,5421526,1057513
http://mawi.nezu.wide.ad.jp/mawi/samplepoint-B/2006/200603051400.dump.gz,5912529,5786938,4636208,851102
http://mawi.nezu.wide.ad.jp/mawi/samplepoint-B/2006/200603061400.dump.gz,8214240,8012576,6497631,1134853
http://mawi.nezu.wide.ad.jp/mawi/samplepoint-B/2006/200603071400.dump.gz,7696520,7508605,6083596,1162054
http://mawi.nezu.wide.ad.jp/mawi/samplepoint-B/2006/200603081400.dump.gz,8311949,8116981,6033501,1640218
http://mawi.nezu.wide.ad.jp/mawi/samplepoint-B/2006/200603091400.dump.gz,8026776,7838011,6563418,1041960
http://mawi.nezu.wide.ad.jp/mawi/samplepoint-B/2006/200603101400.dump.gz,7708757,7533958,6118145,1062909
http://mawi.nezu.wide.ad.jp/mawi/samplepoint-B/2006/200603111400.dump.gz,7566665,7421270,6179495,923270
http://mawi.nezu.wide.ad.jp/mawi/samplepoint-B/2006/200603121400.dump.gz,6720349,6596408,5357659,979183
http://mawi.nezu.wide.ad.jp/mawi/samplepoint-B/2006/200603131400.dump.gz,8287811,8082970,6610476,1140556
http://mawi.nezu.wide.ad.jp/mawi/samplepoint-B/2006/200603141400.dump.gz,9300501,9051360,7193454,1533705
http://mawi.nezu.wide.ad.jp/mawi/samplepoint-B/2006/200603151400.dump.gz,9524589,9266507,7740923,1204634
http://mawi.nezu.wide.ad.jp/mawi/samplepoint-B/2006/200603161400.dump.gz,9009368,8769608,7145139,1256491
http://mawi.nezu.wide.ad.jp/mawi/samplepoint-B/2006/200603171400.dump.gz,9643756,9442428,8000016,1166348
http://mawi.nezu.wide.ad.jp/mawi/samplepoint-B/2006/200603181400.dump.gz,7614014,7454471,6092704,960672
http://mawi.nezu.wide.ad.jp/mawi/samplepoint-B/2006/200603191400.dump.gz,5435688,5337837,4095259,899492
http://mawi.nezu.wide.ad.jp/mawi/samplepoint-B/2006/200603201400.dump.gz,8433514,8221237,7017749,932669
http://mawi.nezu.wide.ad.jp/mawi/samplepoint-B/2006/200603211400.dump.gz,8386826,8205423,6673100,1160645
http://mawi.nezu.wide.ad.jp/mawi/samplepoint-B/2006/200603221400.dump.gz,9299658,9069617,7491729,1235927
http://mawi.nezu.wide.ad.jp/mawi/samplepoint-B/2006/200603231400.dump.gz,9315937,9103446,7870361,902175
http://mawi.nezu.wide.ad.jp/mawi/samplepoint-B/2006/200603241400.dump.gz,9593897,9378744,7799368,1239604
http://mawi.nezu.wide.ad.jp/mawi/samplepoint-B/2006/200603251400.dump.gz,8078980,7907180,6650739,918219
http://mawi.nezu.wide.ad.jp/mawi/samplepoint-B/2006/200603261400.dump.gz,6711888,6594007,5380626,871290
http://mawi.nezu.wide.ad.jp/mawi/samplepoint-B/2006/200603271400.dump.gz,8966472,8753646,7409580,1048340
http://mawi.nezu.wide.ad.jp/mawi/samplepoint-B/2006/200603281400.dump.gz,8187604,8009626,6763892,957115
http://mawi.nezu.wide.ad.jp/mawi/samplepoint-B/2006/200603291400.dump.gz,9164079,8954537,7670845,926846
http://mawi.nezu.wide.ad.jp/mawi/samplepoint-B/2006/200603301400.dump.gz,8358465,8157249,7015056,886097
http://mawi.nezu.wide.ad.jp/mawi/samplepoint-B/2006/200603311400.dump.gz,8432079,8227144,6854338,1047335
http://mawi.nezu.wide.ad.jp/mawi/samplepoint-B/2006/200604011400.dump.gz,7487685,7329959,6009177,990457
http://mawi.nezu.wide.ad.jp/mawi/samplepoint-B/2006/200604021400.dump.gz,6322094,6209295,4801564,1239075
http://mawi.nezu.wide.ad.jp/mawi/samplepoint-B/2006/200604031400.dump.gz,8490281,8287080,6900388,922975
http://mawi.nezu.wide.ad.jp/mawi/samplepoint-B/2006/200604041400.dump.gz,8657270,8449096,7118164,1036059
http://mawi.nezu.wide.ad.jp/mawi/samplepoint-B/2006/200604051400.dump.gz,8423871,8219442,6310082,1326003
http://mawi.nezu.wide.ad.jp/mawi/samplepoint-B/2006/200604061400.dump.gz,8239935,8049268,6993959,867484
http://mawi.nezu.wide.ad.jp/mawi/samplepoint-B/2006/200604071400.dump.gz,8588950,8394341,7105079,1003104
http://mawi.nezu.wide.ad.jp/mawi/samplepoint-B/2006/200604081400.dump.gz,7253898,7100502,5973927,822765
http://mawi.nezu.wide.ad.jp/mawi/samplepoint-B/2006/200604091400.dump.gz,5654040,5570330,4745308,681346
http://mawi.nezu.wide.ad.jp/mawi/samplepoint-B/2006/200604101400.dump.gz,8543482,8337689,6752045,1420058
http://mawi.nezu.wide.ad.jp/mawi/samplepoint-B/2006/200604111400.dump.gz,8795025,8564250,7270656,1090840
http://mawi.nezu.wide.ad.jp/mawi/samplepoint-B/2006/200604121400.dump.gz,9064419,8846956,7701352,940877
http://mawi.nezu.wide.ad.jp/mawi/samplepoint-B/2006/200604131400.dump.gz,9877640,9647424,8148818,1194384
http://mawi.nezu.wide.ad.jp/mawi/samplepoint-B/2006/200604141400.dump.gz,8770640,8550620,7424903,959767
http://mawi.nezu.wide.ad.jp/mawi/samplepoint-B/2006/200604151400.dump.gz,7624316,7462786,6098251,957352
http://mawi.nezu.wide.ad.jp/mawi/samplepoint-B/2006/200604161400.dump.gz,6234282,6133345,5101072,860789
http://mawi.nezu.wide.ad.jp/mawi/samplepoint-B/2006/200604171400.dump.gz,8272229,8043745,6709253,1165870
http://mawi.nezu.wide.ad.jp/mawi/samplepoint-B/2006/200604181400.dump.gz,9025349,8781501,7384877,1179220
http://mawi.nezu.wide.ad.jp/mawi/samplepoint-B/2006/200604191400.dump.gz,9427861,9175700,7742981,1095121
http://mawi.nezu.wide.ad.jp/mawi/samplepoint-B/2006/200604201400.dump.gz,8934051,8698630,7239659,1220008
http://mawi.nezu.wide.ad.jp/mawi/samplepoint-B/2006/200604211400.dump.gz,9508805,9234910,6548413,2306409
http://mawi.nezu.wide.ad.jp/mawi/samplepoint-B/2006/200604221400.dump.gz,7226727,7067623,5640798,1134506
http://mawi.nezu.wide.ad.jp/mawi/samplepoint-B/2006/200604231400.dump.gz,7385120,7218219,5073622,1851483
http://mawi.nezu.wide.ad.jp/mawi/samplepoint-B/2006/200604241400.dump.gz,9713014,9450405,7306284,1765421
http://mawi.nezu.wide.ad.jp/mawi/samplepoint-B/2006/200604251400.dump.gz,9403389,9138795,7038240,1802252
http://mawi.nezu.wide.ad.jp/mawi/samplepoint-B/2006/200604261400.dump.gz,8821862,8581410,6313312,1941809
http://mawi.nezu.wide.ad.jp/mawi/samplepoint-B/2006/200604271400.dump.gz,10144713,9879409,7465675,1997818
http://mawi.nezu.wide.ad.jp/mawi/samplepoint-B/2006/200604281400.dump.gz,8638488,8408681,6280201,1772682
http://mawi.nezu.wide.ad.jp/mawi/samplepoint-B/2006/200604281915.dump.gz,80444685,78723670,6610158,71583627
http://mawi.nezu.wide.ad.jp/mawi/samplepoint-B/2006/200605071400.dump.gz,6612219,6483331,5435361,900833
http://mawi.nezu.wide.ad.jp/mawi/samplepoint-B/2006/200605081400.dump.gz,9359786,9110902,7941236,931983
http://mawi.nezu.wide.ad.jp/mawi/samplepoint-B/2006/200605091400.dump.gz,8999360,8760368,7609412,949127
http://mawi.nezu.wide.ad.jp/mawi/samplepoint-B/2006/200605101400.dump.gz,9743199,9485351,8295981,1015573
http://mawi.nezu.wide.ad.jp/mawi/samplepoint-B/2006/200605111400.dump.gz,10171263,9917135,8840033,900473
http://mawi.nezu.wide.ad.jp/mawi/samplepoint-B/2006/200605121400.dump.gz,9479203,9232410,7461515,1468947
http://mawi.nezu.wide.ad.jp/mawi/samplepoint-B/2006/200605131400.dump.gz,8343939,8177303,6805319,1137350
http://mawi.nezu.wide.ad.jp/mawi/samplepoint-B/2006/200605141400.dump.gz,7426372,7275309,6132510,960193
http://mawi.nezu.wide.ad.jp/mawi/samplepoint-B/2006/200605151400.dump.gz,9604173,9341981,7954818,1087161
http://mawi.nezu.wide.ad.jp/mawi/samplepoint-B/2006/200605161400.dump.gz,9780406,9524914,8243631,930216
http://mawi.nezu.wide.ad.jp/mawi/samplepoint-B/2006/200605171400.dump.gz,10059278,9777003,7905355,1076924
http://mawi.nezu.wide.ad.jp/mawi/samplepoint-B/2006/200605181400.dump.gz,10200729,9942003,8115434,1540245
http://mawi.nezu.wide.ad.jp/mawi/samplepoint-B/2006/200605191400.dump.gz,9515927,9276112,7976756,982512
http://mawi.nezu.wide.ad.jp/mawi/samplepoint-B/2006/200605201400.dump.gz,8644918,8448551,7226484,1039578
http://mawi.nezu.wide.ad.jp/mawi/samplepoint-B/2006/200605211400.dump.gz,8818776,8627892,6862087,1499098
http://mawi.nezu.wide.ad.jp/mawi/samplepoint-B/2006/200605221400.dump.gz,10359177,10090199,8904673,931695
http://mawi.nezu.wide.ad.jp/mawi/samplepoint-B/2006/200605231400.dump.gz,9636973,9401362,8244680,908384
http://mawi.nezu.wide.ad.jp/mawi/samplepoint-B/2006/200605241400.dump.gz,9366439,9129554,7862343,942872
http://mawi.nezu.wide.ad.jp/mawi/samplepoint-B/2006/200605251400.dump.gz,9012940,8782879,7585004,976565
http://mawi.nezu.wide.ad.jp/mawi/samplepoint-B/2006/200605261400.dump.gz,9009870,8776855,7204128,1275721
http://mawi.nezu.wide.ad.jp/mawi/samplepoint-B/2006/200605271400.dump.gz,8272745,8109280,6724721,1121998
http://mawi.nezu.wide.ad.jp/mawi/samplepoint-B/2006/200605281400.dump.gz,7003008,6856477,5599798,1110742
http://mawi.nezu.wide.ad.jp/mawi/samplepoint-B/2006/200605291400.dump.gz,8920201,8707492,7476981,989771
http://mawi.nezu.wide.ad.jp/mawi/samplepoint-B/2006/200605301400.dump.gz,9307640,9058244,7436711,1275830
http://mawi.nezu.wide.ad.jp/mawi/samplepoint-B/2006/200605311400.dump.gz,9215222,8975773,7541011,1134273
http://mawi.nezu.wide.ad.jp/mawi/samplepoint-B/2006/200606011400.dump.gz,9187419,8929092,7410076,1210434
http://mawi.nezu.wide.ad.jp/mawi/samplepoint-B/2006/200606021400.dump.gz,9285772,9029496,7476140,1252047
http://mawi.nezu.wide.ad.jp/mawi/samplepoint-B/2006/200606031400.dump.gz,8129435,7932989,6746633,999193
http://mawi.nezu.wide.ad.jp/mawi/samplepoint-B/2006/200606041400.dump.gz,6667767,6518160,5294502,1021237
http://mawi.nezu.wide.ad.jp/mawi/samplepoint-B/2006/200606051400.dump.gz,9290704,9033006,7674049,1006335
http://mawi.nezu.wide.ad.jp/mawi/samplepoint-B/2006/200606061400.dump.gz,10315280,10015251,8790075,990060
http://mawi.nezu.wide.ad.jp/mawi/samplepoint-B/2006/200606071400.dump.gz,9470049,9214238,7947978,1003332
http://mawi.nezu.wide.ad.jp/mawi/samplepoint-B/2006/200606081400.dump.gz,9063373,8812007,7478300,1015379
http://mawi.nezu.wide.ad.jp/mawi/samplepoint-B/2006/200606091400.dump.gz,9158076,8902416,7265217,1335072
http://mawi.nezu.wide.ad.jp/mawi/samplepoint-B/2006/200606101400.dump.gz,8365622,8166266,6782812,1082839
http://mawi.nezu.wide.ad.jp/mawi/samplepoint-B/2006/200606111400.dump.gz,7139132,6977096,6000639,776350
http://mawi.nezu.wide.ad.jp/mawi/samplepoint-B/2006/200606121400.dump.gz,9348133,9090412,7970265,967178
http://mawi.nezu.wide.ad.jp/mawi/samplepoint-B/2006/200606131400.dump.gz,10019337,9732408,8300395,963613
http://mawi.nezu.wide.ad.jp/mawi/samplepoint-B/2006/200606141400.dump.gz,10740615,10405240,9023014,1084864
http://mawi.nezu.wide.ad.jp/mawi/samplepoint-B/2006/200606151400.dump.gz,9181566,8932494,7656758,990400
http://mawi.nezu.wide.ad.jp/mawi/samplepoint-B/2006/200606161400.dump.gz,9144272,8907776,7647834,782498
http://mawi.nezu.wide.ad.jp/mawi/samplepoint-B/2006/200606171400.dump.gz,6663684,6546252,5080534,1024145
http://mawi.nezu.wide.ad.jp/mawi/samplepoint-B/2006/200606181400.dump.gz,6945223,6848255,5552070,941844
http://mawi.nezu.wide.ad.jp/mawi/samplepoint-B/2006/200606191400.dump.gz,8080106,7888821,6881162,712254
http://mawi.nezu.wide.ad.jp/mawi/samplepoint-B/2006/200606201400.dump.gz,8303793,8109577,7209594,698064
http://mawi.nezu.wide.ad.jp/mawi/samplepoint-B/2006/200606211400.dump.gz,8067447,7885785,6839653,665738
http://mawi.nezu.wide.ad.jp/mawi/samplepoint-B/2006/200606221400.dump.gz,7751689,7561215,6691165,621811
http://mawi.nezu.wide.ad.jp/mawi/samplepoint-B/2006/200606231400.dump.gz,7785454,7617392,6503471,786021
http://mawi.nezu.wide.ad.jp/mawi/samplepoint-B/2006/200606241400.dump.gz,6876700,6763394,5426045,871273
http://mawi.nezu.wide.ad.jp/mawi/samplepoint-B/2006/200606251400.dump.gz,5661252,5570107,4308094,883674
http://mawi.nezu.wide.ad.jp/mawi/samplepoint-B/2006/200606261400.dump.gz,8093033,7899498,6855118,747309
http://mawi.nezu.wide.ad.jp/mawi/samplepoint-B/2006/200606271400.dump.gz,8232917,8051300,7134063,682891
http://mawi.nezu.wide.ad.jp/mawi/samplepoint-B/2006/200606281400.dump.gz,7723803,7545663,6383905,853824
http://mawi.nezu.wide.ad.jp/mawi/samplepoint-B/2006/200606291400.dump.gz,7603447,7421399,6450452,796811
http://mawi.nezu.wide.ad.jp/mawi/samplepoint-B/2006/200606301400.dump.gz,7874295,7695710,6808975,712349
http://mawi.nezu.wide.ad.jp/mawi/samplepoint-B/2006/200606301815.dump.gz,2138973,2138954,1878201,174013
