url,total,ip,tcp,udp
http://mawi.nezu.wide.ad.jp/mawi/samplepoint-F/2015/201412311359.dump.gz,91283260,89845954,36750232,2351681
http://mawi.nezu.wide.ad.jp/mawi/samplepoint-F/2015/201501011400.dump.gz,58066726,57265537,30698240,3593831
http://mawi.nezu.wide.ad.jp/mawi/samplepoint-F/2015/201501021400.dump.gz,88556689,87462600,37133563,3059337
http://mawi.nezu.wide.ad.jp/mawi/samplepoint-F/2015/201501031400.dump.gz,90666867,89540130,35234991,6495426
http://mawi.nezu.wide.ad.jp/mawi/samplepoint-F/2015/201501041400.dump.gz,87247623,85559960,40367119,2716689
http://mawi.nezu.wide.ad.jp/mawi/samplepoint-F/2015/201501051400.dump.gz,109732445,106521355,59486568,3325549
http://mawi.nezu.wide.ad.jp/mawi/samplepoint-F/2015/201501061400.dump.gz,129687281,124945487,74248785,4409655
http://mawi.nezu.wide.ad.jp/mawi/samplepoint-F/2015/201501071400.dump.gz,123268325,119694540,67989498,4376706
http://mawi.nezu.wide.ad.jp/mawi/samplepoint-F/2015/201501081400.dump.gz,130060334,125369860,75987306,3344554
http://mawi.nezu.wide.ad.jp/mawi/samplepoint-F/2015/201501091400.dump.gz,127374534,121527754,69650779,5509793
http://mawi.nezu.wide.ad.jp/mawi/samplepoint-F/2015/201501101400.dump.gz,98986396,97989906,23982777,51038692
http://mawi.nezu.wide.ad.jp/mawi/samplepoint-F/2015/201501111400.dump.gz,97793181,96662799,36081622,29297781
http://mawi.nezu.wide.ad.jp/mawi/samplepoint-F/2015/201501121400.dump.gz,107203175,104322581,50127192,5374810
http://mawi.nezu.wide.ad.jp/mawi/samplepoint-F/2015/201501131400.dump.gz,99872011,95269306,47233777,24444482
http://mawi.nezu.wide.ad.jp/mawi/samplepoint-F/2015/201501141400.dump.gz,127233058,122672959,76805307,3964929
http://mawi.nezu.wide.ad.jp/mawi/samplepoint-F/2015/201501151400.dump.gz,127073354,123955508,78445837,3387700
http://mawi.nezu.wide.ad.jp/mawi/samplepoint-F/2015/201501161400.dump.gz,127326919,124065209,72484830,5251723
http://mawi.nezu.wide.ad.jp/mawi/samplepoint-F/2015/201501171400.dump.gz,117280078,114107339,57422022,5669765
http://mawi.nezu.wide.ad.jp/mawi/samplepoint-F/2015/201501181400.dump.gz,96406877,92527361,37662432,5536270
http://mawi.nezu.wide.ad.jp/mawi/samplepoint-F/2015/201501191400.dump.gz,129866211,125357537,74003687,4533117
http://mawi.nezu.wide.ad.jp/mawi/samplepoint-F/2015/201501201359.dump.gz,134340077,130341017,83752225,3287374
http://mawi.nezu.wide.ad.jp/mawi/samplepoint-F/2015/201501211400.dump.gz,130670028,125732825,71741733,10603208
http://mawi.nezu.wide.ad.jp/mawi/samplepoint-F/2015/201501221400.dump.gz,128265983,125095968,71635183,9298799
http://mawi.nezu.wide.ad.jp/mawi/samplepoint-F/2015/201501231400.dump.gz,121645157,118149291,62644468,2854694
http://mawi.nezu.wide.ad.jp/mawi/samplepoint-F/2015/201501241400.dump.gz,109446716,107814398,57789136,3177056
http://mawi.nezu.wide.ad.jp/mawi/samplepoint-F/2015/201501251400.dump.gz,99094514,97498882,43006778,9094618
http://mawi.nezu.wide.ad.jp/mawi/samplepoint-F/2015/201501261400.dump.gz,121339766,118140613,72961329,3672123
http://mawi.nezu.wide.ad.jp/mawi/samplepoint-F/2015/201501271400.dump.gz,131757309,128622367,76988834,3381386
http://mawi.nezu.wide.ad.jp/mawi/samplepoint-F/2015/201501281400.dump.gz,129225630,125603633,75658839,3616491
http://mawi.nezu.wide.ad.jp/mawi/samplepoint-F/2015/201501291400.dump.gz,126783650,124480864,71772006,3958844
http://mawi.nezu.wide.ad.jp/mawi/samplepoint-F/2015/201501301400.dump.gz,130190319,127210123,67181337,13151404
http://mawi.nezu.wide.ad.jp/mawi/samplepoint-F/2015/201501311400.dump.gz,124482010,120566088,60215986,10179127
http://mawi.nezu.wide.ad.jp/mawi/samplepoint-F/2015/201502011400.dump.gz,92164469,89586743,44283709,4138870
http://mawi.nezu.wide.ad.jp/mawi/samplepoint-F/2015/201502021400.dump.gz,99718960,98326834,31073739,44741273
http://mawi.nezu.wide.ad.jp/mawi/samplepoint-F/2015/201502031400.dump.gz,130336938,122317301,71431969,9384015
http://mawi.nezu.wide.ad.jp/mawi/samplepoint-F/2015/201502041400.dump.gz,127069306,122864981,71108900,3134913
http://mawi.nezu.wide.ad.jp/mawi/samplepoint-F/2015/201502051400.dump.gz,99184555,98345179,70500930,3487394
http://mawi.nezu.wide.ad.jp/mawi/samplepoint-F/2015/201502061400.dump.gz,120747681,116844656,68570021,4214636
http://mawi.nezu.wide.ad.jp/mawi/samplepoint-F/2015/201502071400.dump.gz,47121616,45046123,39637956,2345427
http://mawi.nezu.wide.ad.jp/mawi/samplepoint-F/2015/201502081359.dump.gz,47600056,46068801,37263172,6198910
http://mawi.nezu.wide.ad.jp/mawi/samplepoint-F/2015/201502091400.dump.gz,82194452,78220557,67967461,7569167
http://mawi.nezu.wide.ad.jp/mawi/samplepoint-F/2015/201502101400.dump.gz,119697733,116781107,60085638,12664970
http://mawi.nezu.wide.ad.jp/mawi/samplepoint-F/2015/201502111400.dump.gz,98784355,95096386,52084831,3198146
http://mawi.nezu.wide.ad.jp/mawi/samplepoint-F/2015/201502121400.dump.gz,93180775,89576523,63228644,3579845
http://mawi.nezu.wide.ad.jp/mawi/samplepoint-F/2015/201502131359.dump.gz,101062074,99580476,31729549,56118373
http://mawi.nezu.wide.ad.jp/mawi/samplepoint-F/2015/201502141359.dump.gz,75818469,74229740,42890973,8883552
http://mawi.nezu.wide.ad.jp/mawi/samplepoint-F/2015/201502151400.dump.gz,100143643,99510937,22880117,64194931
http://mawi.nezu.wide.ad.jp/mawi/samplepoint-F/2015/201502161400.dump.gz,96228166,93448313,65713851,3597421
http://mawi.nezu.wide.ad.jp/mawi/samplepoint-F/2015/201502171400.dump.gz,90535933,87213807,60887422,3599860
http://mawi.nezu.wide.ad.jp/mawi/samplepoint-F/2015/201502181400.dump.gz,91751125,88422692,61035350,2557218
http://mawi.nezu.wide.ad.jp/mawi/samplepoint-F/2015/201502191400.dump.gz,91919199,89011077,53746782,11721492
http://mawi.nezu.wide.ad.jp/mawi/samplepoint-F/2015/201502201400.dump.gz,87466907,85106338,53325850,8467108
http://mawi.nezu.wide.ad.jp/mawi/samplepoint-F/2015/201502211359.dump.gz,58523738,57764062,30710580,3729433
http://mawi.nezu.wide.ad.jp/mawi/samplepoint-F/2015/201502221400.dump.gz,68375912,66744255,38646713,3764766
http://mawi.nezu.wide.ad.jp/mawi/samplepoint-F/2015/201502231359.dump.gz,91586715,88533452,57245696,7263302
http://mawi.nezu.wide.ad.jp/mawi/samplepoint-F/2015/201502241400.dump.gz,116475803,113764000,61680920,21434342
http://mawi.nezu.wide.ad.jp/mawi/samplepoint-F/2015/201502251400.dump.gz,103120209,99512534,69509053,2876403
http://mawi.nezu.wide.ad.jp/mawi/samplepoint-F/2015/201502261400.dump.gz,101675511,98785498,66062966,3951202
http://mawi.nezu.wide.ad.jp/mawi/samplepoint-F/2015/201502271400.dump.gz,107606356,103547428,61133489,14358223
http://mawi.nezu.wide.ad.jp/mawi/samplepoint-F/2015/201502281400.dump.gz,88150616,86001644,48955022,13845421
http://mawi.nezu.wide.ad.jp/mawi/samplepoint-F/2015/201503011400.dump.gz,81351944,80108524,47455153,8382589
http://mawi.nezu.wide.ad.jp/mawi/samplepoint-F/2015/201503021400.dump.gz,94003461,89800950,56526695,8844184
http://mawi.nezu.wide.ad.jp/mawi/samplepoint-F/2015/201503031400.dump.gz,91945906,88734851,62143603,3763892
http://mawi.nezu.wide.ad.jp/mawi/samplepoint-F/2015/201503041400.dump.gz,92575975,86938488,59173952,2802067
http://mawi.nezu.wide.ad.jp/mawi/samplepoint-F/2015/201503051400.dump.gz,100279987,95536702,62619428,9076782
http://mawi.nezu.wide.ad.jp/mawi/samplepoint-F/2015/201503061400.dump.gz,91779526,88203544,60129940,3795736
http://mawi.nezu.wide.ad.jp/mawi/samplepoint-F/2015/201503071359.dump.gz,72750674,71205271,44282869,3039391
http://mawi.nezu.wide.ad.jp/mawi/samplepoint-F/2015/201503081359.dump.gz,75378621,69893219,42599387,3880705
http://mawi.nezu.wide.ad.jp/mawi/samplepoint-F/2015/201503091400.dump.gz,96783412,92627480,65352259,2673068
http://mawi.nezu.wide.ad.jp/mawi/samplepoint-F/2015/201503101400.dump.gz,122460289,118910620,90116368,5185574
http://mawi.nezu.wide.ad.jp/mawi/samplepoint-F/2015/201503111400.dump.gz,110180881,107166607,75892130,4972719
http://mawi.nezu.wide.ad.jp/mawi/samplepoint-F/2015/201503121359.dump.gz,100326112,95361019,65890341,5143785
http://mawi.nezu.wide.ad.jp/mawi/samplepoint-F/2015/201503131400.dump.gz,95499116,91643156,64921689,3697417
http://mawi.nezu.wide.ad.jp/mawi/samplepoint-F/2015/201503141400.dump.gz,80218610,78724162,46098744,8866523
http://mawi.nezu.wide.ad.jp/mawi/samplepoint-F/2015/201503151359.dump.gz,75938378,73949935,39992223,10776295
http://mawi.nezu.wide.ad.jp/mawi/samplepoint-F/2015/201503161400.dump.gz,98304851,94795761,68136306,2477136
http://mawi.nezu.wide.ad.jp/mawi/samplepoint-F/2015/201503171400.dump.gz,98974810,96294408,56714060,16748084
http://mawi.nezu.wide.ad.jp/mawi/samplepoint-F/2015/201503181400.dump.gz,113228658,109397413,65482408,20102343
http://mawi.nezu.wide.ad.jp/mawi/samplepoint-F/2015/201503191400.dump.gz,93109431,89418184,58077801,8260982
http://mawi.nezu.wide.ad.jp/mawi/samplepoint-F/2015/201503201400.dump.gz,96400281,93380921,52649679,18311577
http://mawi.nezu.wide.ad.jp/mawi/samplepoint-F/2015/201503211400.dump.gz,91658997,90440475,44860389,22589737
http://mawi.nezu.wide.ad.jp/mawi/samplepoint-F/2015/201503221400.dump.gz,80262788,79082068,40827407,14843006
http://mawi.nezu.wide.ad.jp/mawi/samplepoint-F/2015/201503231400.dump.gz,100786344,97871949,54773435,19809891
http://mawi.nezu.wide.ad.jp/mawi/samplepoint-F/2015/201503241400.dump.gz,113688510,109773690,63821243,22509737
http://mawi.nezu.wide.ad.jp/mawi/samplepoint-F/2015/201503251359.dump.gz,118475535,115836680,80857888,10182113
http://mawi.nezu.wide.ad.jp/mawi/samplepoint-F/2015/201503261400.dump.gz,113379049,107295591,75289244,6650639
http://mawi.nezu.wide.ad.jp/mawi/samplepoint-F/2015/201503271400.dump.gz,92703413,90649283,58123129,8140429
http://mawi.nezu.wide.ad.jp/mawi/samplepoint-F/2015/201503281400.dump.gz,78758395,77423188,41324847,12325431
http://mawi.nezu.wide.ad.jp/mawi/samplepoint-F/2015/201503291400.dump.gz,78368682,76787716,39668191,13995163
http://mawi.nezu.wide.ad.jp/mawi/samplepoint-F/2015/201503301400.dump.gz,91800306,89033465,61351060,3461797
http://mawi.nezu.wide.ad.jp/mawi/samplepoint-F/2015/201503311400.dump.gz,118904854,115413365,73013817,19620438
http://mawi.nezu.wide.ad.jp/mawi/samplepoint-F/2015/201504011400.dump.gz,131101944,127313948,55734441,45629636
http://mawi.nezu.wide.ad.jp/mawi/samplepoint-F/2015/201504021400.dump.gz,170815374,165810612,53100074,80718540
http://mawi.nezu.wide.ad.jp/mawi/samplepoint-F/2015/201504031400.dump.gz,160628839,154379680,55465099,58405776
http://mawi.nezu.wide.ad.jp/mawi/samplepoint-F/2015/201504041400.dump.gz,184520636,179605503,41824015,96522114
http://mawi.nezu.wide.ad.jp/mawi/samplepoint-F/2015/201504051400.dump.gz,130924830,128245752,34738100,57961143
http://mawi.nezu.wide.ad.jp/mawi/samplepoint-F/2015/201504061400.dump.gz,96166617,92773032,65406934,3907860
http://mawi.nezu.wide.ad.jp/mawi/samplepoint-F/2015/201504071400.dump.gz,129842734,124467777,81796704,19643229
http://mawi.nezu.wide.ad.jp/mawi/samplepoint-F/2015/201504081400.dump.gz,148059645,141954450,81175390,37401373
http://mawi.nezu.wide.ad.jp/mawi/samplepoint-F/2015/201504091400.dump.gz,137083158,130851014,81782935,26089109
http://mawi.nezu.wide.ad.jp/mawi/samplepoint-F/2015/201504101400.dump.gz,135082507,130994688,94916503,12889826
http://mawi.nezu.wide.ad.jp/mawi/samplepoint-F/2015/201504111359.dump.gz,85312088,81835706,54120857,4199807
http://mawi.nezu.wide.ad.jp/mawi/samplepoint-F/2015/201504121400.dump.gz,88994533,86820613,37038422,27684898
http://mawi.nezu.wide.ad.jp/mawi/samplepoint-F/2015/201504131400.dump.gz,173072402,167572046,93369317,49404832
http://mawi.nezu.wide.ad.jp/mawi/samplepoint-F/2015/201504141400.dump.gz,166817692,160032397,89949177,44974984
http://mawi.nezu.wide.ad.jp/mawi/samplepoint-F/2015/201504151400.dump.gz,163836091,155149689,96023883,36156614
http://mawi.nezu.wide.ad.jp/mawi/samplepoint-F/2015/201504161400.dump.gz,134849687,127908534,82476584,21170436
http://mawi.nezu.wide.ad.jp/mawi/samplepoint-F/2015/201504171400.dump.gz,130510726,124428527,96243651,4084451
http://mawi.nezu.wide.ad.jp/mawi/samplepoint-F/2015/201504181400.dump.gz,81801338,79231423,44051989,10188677
http://mawi.nezu.wide.ad.jp/mawi/samplepoint-F/2015/201504191400.dump.gz,74624366,73396069,39732632,9662506
http://mawi.nezu.wide.ad.jp/mawi/samplepoint-F/2015/201504201400.dump.gz,126853352,119999631,89184235,5447742
http://mawi.nezu.wide.ad.jp/mawi/samplepoint-F/2015/201504211400.dump.gz,111582854,105391388,75563224,3205017
http://mawi.nezu.wide.ad.jp/mawi/samplepoint-F/2015/201504221400.dump.gz,129035019,122236888,91857992,4685899
http://mawi.nezu.wide.ad.jp/mawi/samplepoint-F/2015/201504231400.dump.gz,106609046,100733037,70203033,4156220
http://mawi.nezu.wide.ad.jp/mawi/samplepoint-F/2015/201504241400.dump.gz,124416126,119808578,91215423,4598888
http://mawi.nezu.wide.ad.jp/mawi/samplepoint-F/2015/201504251400.dump.gz,97385279,95767037,57249168,13971224
http://mawi.nezu.wide.ad.jp/mawi/samplepoint-F/2015/201504261400.dump.gz,70651746,68579245,40548080,2884572
http://mawi.nezu.wide.ad.jp/mawi/samplepoint-F/2015/201504271400.dump.gz,126645133,119850716,90310017,4239756
http://mawi.nezu.wide.ad.jp/mawi/samplepoint-F/2015/201504281400.dump.gz,131285367,124968796,91499184,8913806
http://mawi.nezu.wide.ad.jp/mawi/samplepoint-F/2015/201504291400.dump.gz,87904222,86202326,58684614,3696560
http://mawi.nezu.wide.ad.jp/mawi/samplepoint-F/2015/201504301400.dump.gz,113807685,109050187,73833860,10506114
http://mawi.nezu.wide.ad.jp/mawi/samplepoint-F/2015/201505011400.dump.gz,226855730,222376733,46197621,153113764
http://mawi.nezu.wide.ad.jp/mawi/samplepoint-F/2015/201505021400.dump.gz,78965271,77127397,41676003,6814548
http://mawi.nezu.wide.ad.jp/mawi/samplepoint-F/2015/201505031400.dump.gz,94567571,93309224,34398329,32228784
http://mawi.nezu.wide.ad.jp/mawi/samplepoint-F/2015/201505041359.dump.gz,90146694,88899703,43345466,18998652
http://mawi.nezu.wide.ad.jp/mawi/samplepoint-F/2015/201505051400.dump.gz,75681476,74344206,42828645,5532288
http://mawi.nezu.wide.ad.jp/mawi/samplepoint-F/2015/201505061400.dump.gz,80769639,77506463,46967717,2553281
http://mawi.nezu.wide.ad.jp/mawi/samplepoint-F/2015/201505071400.dump.gz,230745524,224077268,85882016,112010549
http://mawi.nezu.wide.ad.jp/mawi/samplepoint-F/2015/201505081400.dump.gz,117448011,113062033,79540426,4547512
http://mawi.nezu.wide.ad.jp/mawi/samplepoint-F/2015/201505091359.dump.gz,79368375,77326229,46566068,5465138
http://mawi.nezu.wide.ad.jp/mawi/samplepoint-F/2015/201505101359.dump.gz,102399281,101302151,35948252,37457294
http://mawi.nezu.wide.ad.jp/mawi/samplepoint-F/2015/201505111400.dump.gz,120892418,113865116,84360599,4358036
http://mawi.nezu.wide.ad.jp/mawi/samplepoint-F/2015/201505121400.dump.gz,150794365,146267392,115656464,5317079
http://mawi.nezu.wide.ad.jp/mawi/samplepoint-F/2015/201505131400.dump.gz,146841238,138811751,102265250,3528676
http://mawi.nezu.wide.ad.jp/mawi/samplepoint-F/2015/201505141400.dump.gz,136090999,128685051,93378974,3685108
http://mawi.nezu.wide.ad.jp/mawi/samplepoint-F/2015/201505151400.dump.gz,96964843,91270295,46753695,17040844
http://mawi.nezu.wide.ad.jp/mawi/samplepoint-F/2015/201505161400.dump.gz,92377305,90507696,50168076,1199992
http://mawi.nezu.wide.ad.jp/mawi/samplepoint-F/2015/201505171400.dump.gz,80071447,77406188,33869286,14705178
http://mawi.nezu.wide.ad.jp/mawi/samplepoint-F/2015/201505181400.dump.gz,139300553,134194273,62250519,38995525
http://mawi.nezu.wide.ad.jp/mawi/samplepoint-F/2015/201505191400.dump.gz,118306871,109813519,75551964,7576088
http://mawi.nezu.wide.ad.jp/mawi/samplepoint-F/2015/201505201400.dump.gz,113525148,106025012,74376509,4861857
http://mawi.nezu.wide.ad.jp/mawi/samplepoint-F/2015/201505211400.dump.gz,168382057,163103479,72604878,64501822
http://mawi.nezu.wide.ad.jp/mawi/samplepoint-F/2015/201505221400.dump.gz,105054267,100028599,68563259,4760144
http://mawi.nezu.wide.ad.jp/mawi/samplepoint-F/2015/201505231400.dump.gz,188507603,186958244,47495263,113172805
http://mawi.nezu.wide.ad.jp/mawi/samplepoint-F/2015/201505241400.dump.gz,141761131,139026765,39172826,71267353
http://mawi.nezu.wide.ad.jp/mawi/samplepoint-F/2015/201505251400.dump.gz,147360339,141543163,80781435,35657599
http://mawi.nezu.wide.ad.jp/mawi/samplepoint-F/2015/201505261400.dump.gz,124198997,119043181,67595338,18964507
http://mawi.nezu.wide.ad.jp/mawi/samplepoint-F/2015/201505271400.dump.gz,189892523,183719258,66861850,88310802
http://mawi.nezu.wide.ad.jp/mawi/samplepoint-F/2015/201505281400.dump.gz,217441347,210054080,90242561,85284619
http://mawi.nezu.wide.ad.jp/mawi/samplepoint-F/2015/201505291400.dump.gz,236036148,230622772,58216851,144730654
http://mawi.nezu.wide.ad.jp/mawi/samplepoint-F/2015/201505301400.dump.gz,238607158,233229728,47920139,154002928
http://mawi.nezu.wide.ad.jp/mawi/samplepoint-F/2015/201505311400.dump.gz,244878043,243378243,52915177,156204493
http://mawi.nezu.wide.ad.jp/mawi/samplepoint-F/2015/201506011400.dump.gz,263307401,256020825,118641146,64333889
http://mawi.nezu.wide.ad.jp/mawi/samplepoint-F/2015/201506021400.dump.gz,212532978,204076404,121235366,4079894
http://mawi.nezu.wide.ad.jp/mawi/samplepoint-F/2015/201506031400.dump.gz,218094967,210302469,113573561,8788758
http://mawi.nezu.wide.ad.jp/mawi/samplepoint-F/2015/201506041400.dump.gz,199537356,180984577,125243775,7561479
http://mawi.nezu.wide.ad.jp/mawi/samplepoint-F/2015/201506051400.dump.gz,193341563,181899030,126726051,5863631
http://mawi.nezu.wide.ad.jp/mawi/samplepoint-F/2015/201506061400.dump.gz,175746646,171743021,83621968,39251340
http://mawi.nezu.wide.ad.jp/mawi/samplepoint-F/2015/201506071400.dump.gz,176035372,172040786,77713557,46850593
http://mawi.nezu.wide.ad.jp/mawi/samplepoint-F/2015/201506081400.dump.gz,213017386,203336306,116955028,40623725
http://mawi.nezu.wide.ad.jp/mawi/samplepoint-F/2015/201506091400.dump.gz,222826898,216042329,124450594,45193523
http://mawi.nezu.wide.ad.jp/mawi/samplepoint-F/2015/201506101400.dump.gz,185452368,174353000,117779020,16165949
http://mawi.nezu.wide.ad.jp/mawi/samplepoint-F/2015/201506111400.dump.gz,189769729,179443280,126788778,8285127
http://mawi.nezu.wide.ad.jp/mawi/samplepoint-F/2015/201506121400.dump.gz,187771705,176325019,118329528,9699336
http://mawi.nezu.wide.ad.jp/mawi/samplepoint-F/2015/201506131400.dump.gz,180818263,175855578,99937824,25373582
http://mawi.nezu.wide.ad.jp/mawi/samplepoint-F/2015/201506141400.dump.gz,166328861,161027344,95762909,16889308
http://mawi.nezu.wide.ad.jp/mawi/samplepoint-F/2015/201506151400.dump.gz,206041302,196005028,134700890,13623921
http://mawi.nezu.wide.ad.jp/mawi/samplepoint-F/2015/201506161400.dump.gz,226088728,221629903,72100149,123564163
http://mawi.nezu.wide.ad.jp/mawi/samplepoint-F/2015/201506171400.dump.gz,202524684,194273377,137244665,9464748
http://mawi.nezu.wide.ad.jp/mawi/samplepoint-F/2015/201506181400.dump.gz,212868047,200875391,127661607,24045966
http://mawi.nezu.wide.ad.jp/mawi/samplepoint-F/2015/201506191400.dump.gz,236181026,226095993,123130742,55349503
http://mawi.nezu.wide.ad.jp/mawi/samplepoint-F/2015/201506201400.dump.gz,173475273,166016304,104756062,12265334
http://mawi.nezu.wide.ad.jp/mawi/samplepoint-F/2015/201506211400.dump.gz,214802600,207633053,94193751,64780496
http://mawi.nezu.wide.ad.jp/mawi/samplepoint-F/2015/201506221400.dump.gz,254655119,244844670,138601023,60052628
http://mawi.nezu.wide.ad.jp/mawi/samplepoint-F/2015/201506231400.dump.gz,240688602,227602522,147029710,30759586
http://mawi.nezu.wide.ad.jp/mawi/samplepoint-F/2015/201506241400.dump.gz,229562983,216942969,138015085,29124861
http://mawi.nezu.wide.ad.jp/mawi/samplepoint-F/2015/201506251400.dump.gz,221942613,212358899,131474251,33444866
http://mawi.nezu.wide.ad.jp/mawi/samplepoint-F/2015/201506261400.dump.gz,214708346,200724759,123433892,27576033
http://mawi.nezu.wide.ad.jp/mawi/samplepoint-F/2015/201506271400.dump.gz,217967467,211150920,96340913,65112016
http://mawi.nezu.wide.ad.jp/mawi/samplepoint-F/2015/201506281400.dump.gz,158353185,152094767,93745980,8914751
http://mawi.nezu.wide.ad.jp/mawi/samplepoint-F/2015/201506291400.dump.gz,209550789,200372865,121457950,33078661
http://mawi.nezu.wide.ad.jp/mawi/samplepoint-F/2015/201506301400.dump.gz,212377140,203803045,152338512,5962556
http://mawi.nezu.wide.ad.jp/mawi/samplepoint-F/2015/201507011400.dump.gz,219530230,211395302,145172453,20197857
http://mawi.nezu.wide.ad.jp/mawi/samplepoint-F/2015/201507021400.dump.gz,209193461,199743699,144068874,7766525
http://mawi.nezu.wide.ad.jp/mawi/samplepoint-F/2015/201507031400.dump.gz,207491481,196339105,137811273,13042272
http://mawi.nezu.wide.ad.jp/mawi/samplepoint-F/2015/201507041400.dump.gz,168020624,159224637,104827608,8247248
http://mawi.nezu.wide.ad.jp/mawi/samplepoint-F/2015/201507051400.dump.gz,154146630,149417194,79094172,12073358
http://mawi.nezu.wide.ad.jp/mawi/samplepoint-F/2015/201507061400.dump.gz,208926947,200461144,146212553,8376650
http://mawi.nezu.wide.ad.jp/mawi/samplepoint-F/2015/201507071400.dump.gz,217860055,204270489,143062080,13413395
http://mawi.nezu.wide.ad.jp/mawi/samplepoint-F/2015/201507081400.dump.gz,203965464,195234654,136416109,13658973
http://mawi.nezu.wide.ad.jp/mawi/samplepoint-F/2015/201507091400.dump.gz,199872273,185324185,133207776,9834867
http://mawi.nezu.wide.ad.jp/mawi/samplepoint-F/2015/201507101400.dump.gz,199995727,191299020,130114766,16902043
http://mawi.nezu.wide.ad.jp/mawi/samplepoint-F/2015/201507111400.dump.gz,187762571,181729293,118122284,17253477
http://mawi.nezu.wide.ad.jp/mawi/samplepoint-F/2015/201507121400.dump.gz,153697082,148190783,90985396,9912541
http://mawi.nezu.wide.ad.jp/mawi/samplepoint-F/2015/201507141400.dump.gz,202324716,189640188,134779779,8135981
http://mawi.nezu.wide.ad.jp/mawi/samplepoint-F/2015/201507151400.dump.gz,187945647,175610869,125770381,9073978
http://mawi.nezu.wide.ad.jp/mawi/samplepoint-F/2015/201507161400.dump.gz,206222201,193658758,140280954,8163963
http://mawi.nezu.wide.ad.jp/mawi/samplepoint-F/2015/201507171400.dump.gz,191205818,178213781,120723268,9295003
http://mawi.nezu.wide.ad.jp/mawi/samplepoint-F/2015/201507181400.dump.gz,180389660,167997225,113367197,7115994
http://mawi.nezu.wide.ad.jp/mawi/samplepoint-F/2015/201507191400.dump.gz,160445541,154632127,90610030,15004859
http://mawi.nezu.wide.ad.jp/mawi/samplepoint-F/2015/201507201400.dump.gz,197372852,187962376,123599158,11691710
http://mawi.nezu.wide.ad.jp/mawi/samplepoint-F/2015/201507211400.dump.gz,210822169,200322009,151665925,5832425
http://mawi.nezu.wide.ad.jp/mawi/samplepoint-F/2015/201507221400.dump.gz,186459320,179802824,138068700,4407162
http://mawi.nezu.wide.ad.jp/mawi/samplepoint-F/2015/201507231400.dump.gz,209003980,201293739,152281197,6290100
http://mawi.nezu.wide.ad.jp/mawi/samplepoint-F/2015/201507241400.dump.gz,201235539,193613505,145246024,6071500
http://mawi.nezu.wide.ad.jp/mawi/samplepoint-F/2015/201507251400.dump.gz,179585435,172842288,122672039,5525090
http://mawi.nezu.wide.ad.jp/mawi/samplepoint-F/2015/201507261400.dump.gz,149791913,144410865,88526928,6737217
http://mawi.nezu.wide.ad.jp/mawi/samplepoint-F/2015/201507271400.dump.gz,212688624,203383306,149606200,7793847
http://mawi.nezu.wide.ad.jp/mawi/samplepoint-F/2015/201507281400.dump.gz,198437047,185649853,131047371,9461369
http://mawi.nezu.wide.ad.jp/mawi/samplepoint-F/2015/201507291400.dump.gz,196733166,187971526,137439211,6708339
http://mawi.nezu.wide.ad.jp/mawi/samplepoint-F/2015/201507301400.dump.gz,204198322,192724807,139794763,6967042
http://mawi.nezu.wide.ad.jp/mawi/samplepoint-F/2015/201507311400.dump.gz,213758683,211102434,69728092,116153323
http://mawi.nezu.wide.ad.jp/mawi/samplepoint-F/2015/201508011400.dump.gz,185063276,180779716,127198131,8448954
http://mawi.nezu.wide.ad.jp/mawi/samplepoint-F/2015/201508021400.dump.gz,255139539,250277727,69150973,150318939
http://mawi.nezu.wide.ad.jp/mawi/samplepoint-F/2015/201508031400.dump.gz,198735806,190936273,137405016,9070002
http://mawi.nezu.wide.ad.jp/mawi/samplepoint-F/2015/201508041400.dump.gz,188110186,178617924,125945553,5870680
http://mawi.nezu.wide.ad.jp/mawi/samplepoint-F/2015/201508051400.dump.gz,187811144,183143197,128958734,6696219
http://mawi.nezu.wide.ad.jp/mawi/samplepoint-F/2015/201508061400.dump.gz,183558642,178837436,121085085,8220668
http://mawi.nezu.wide.ad.jp/mawi/samplepoint-F/2015/201508071400.dump.gz,188701392,179366468,126158815,6690604
http://mawi.nezu.wide.ad.jp/mawi/samplepoint-F/2015/201508081400.dump.gz,184465030,178562096,118327548,9310913
http://mawi.nezu.wide.ad.jp/mawi/samplepoint-F/2015/201508091400.dump.gz,133885276,130832221,74274279,6182306
http://mawi.nezu.wide.ad.jp/mawi/samplepoint-F/2015/201508101400.dump.gz,183218587,176754204,118679871,7873579
http://mawi.nezu.wide.ad.jp/mawi/samplepoint-F/2015/201508111400.dump.gz,181572105,175453182,119253821,6874687
http://mawi.nezu.wide.ad.jp/mawi/samplepoint-F/2015/201508121400.dump.gz,197140515,189567523,117805199,21604229
http://mawi.nezu.wide.ad.jp/mawi/samplepoint-F/2015/201508131400.dump.gz,184207377,178295527,101186528,27925092
http://mawi.nezu.wide.ad.jp/mawi/samplepoint-F/2015/201508141400.dump.gz,176024186,171503217,100188642,20778843
http://mawi.nezu.wide.ad.jp/mawi/samplepoint-F/2015/201508151400.dump.gz,161704059,153794891,80519001,22825586
http://mawi.nezu.wide.ad.jp/mawi/samplepoint-F/2015/201508161400.dump.gz,159600876,157222243,84021819,22452539
http://mawi.nezu.wide.ad.jp/mawi/samplepoint-F/2015/201508171400.dump.gz,200329637,187432763,121681683,19716987
http://mawi.nezu.wide.ad.jp/mawi/samplepoint-F/2015/201508181400.dump.gz,195818153,187145221,115224103,24001155
http://mawi.nezu.wide.ad.jp/mawi/samplepoint-F/2015/201508191400.dump.gz,204287118,195548018,121310766,26644330
http://mawi.nezu.wide.ad.jp/mawi/samplepoint-F/2015/201508201400.dump.gz,213832576,201533901,125131796,20439255
http://mawi.nezu.wide.ad.jp/mawi/samplepoint-F/2015/201508211400.dump.gz,196926692,188111223,119937619,21482574
http://mawi.nezu.wide.ad.jp/mawi/samplepoint-F/2015/201508221400.dump.gz,168555702,162683034,85473259,28561174
http://mawi.nezu.wide.ad.jp/mawi/samplepoint-F/2015/201508231400.dump.gz,163243522,158329255,83982911,23886169
http://mawi.nezu.wide.ad.jp/mawi/samplepoint-F/2015/201508241400.dump.gz,198521564,186510562,113990537,21454983
http://mawi.nezu.wide.ad.jp/mawi/samplepoint-F/2015/201508251400.dump.gz,181273252,174517297,112351443,12184206
http://mawi.nezu.wide.ad.jp/mawi/samplepoint-F/2015/201508261400.dump.gz,205075348,198920194,124816556,26352009
http://mawi.nezu.wide.ad.jp/mawi/samplepoint-F/2015/201508271400.dump.gz,201282991,194447596,125749148,22139155
http://mawi.nezu.wide.ad.jp/mawi/samplepoint-F/2015/201508281400.dump.gz,213170371,202477013,130030161,26305535
http://mawi.nezu.wide.ad.jp/mawi/samplepoint-F/2015/201508291400.dump.gz,184181003,179824505,110920793,21248237
http://mawi.nezu.wide.ad.jp/mawi/samplepoint-F/2015/201508301400.dump.gz,169476740,165497744,93867916,23485513
http://mawi.nezu.wide.ad.jp/mawi/samplepoint-F/2015/201508311400.dump.gz,208140788,200849271,125504235,27124066
http://mawi.nezu.wide.ad.jp/mawi/samplepoint-F/2015/201509011400.dump.gz,224968223,218306097,149265370,21486987
http://mawi.nezu.wide.ad.jp/mawi/samplepoint-F/2015/201509021400.dump.gz,226868404,218560637,146925642,23542422
http://mawi.nezu.wide.ad.jp/mawi/samplepoint-F/2015/201509031400.dump.gz,225064474,217903127,143764472,25190699
http://mawi.nezu.wide.ad.jp/mawi/samplepoint-F/2015/201509041400.dump.gz,118865910,115684265,78745445,12082878
http://mawi.nezu.wide.ad.jp/mawi/samplepoint-F/2015/201509051400.dump.gz,96890510,95296221,59074446,12115228
http://mawi.nezu.wide.ad.jp/mawi/samplepoint-F/2015/201509061400.dump.gz,100387272,98988461,61944406,12839426
http://mawi.nezu.wide.ad.jp/mawi/samplepoint-F/2015/201509071400.dump.gz,119260549,113787101,79425576,9321620
http://mawi.nezu.wide.ad.jp/mawi/samplepoint-F/2015/201509081400.dump.gz,123492247,113283299,75154427,13967914
http://mawi.nezu.wide.ad.jp/mawi/samplepoint-F/2015/201509091400.dump.gz,130168839,123884024,79487365,20791588
http://mawi.nezu.wide.ad.jp/mawi/samplepoint-F/2015/201509101400.dump.gz,137767036,133021033,82035909,26990432
http://mawi.nezu.wide.ad.jp/mawi/samplepoint-F/2015/201509111400.dump.gz,130818360,125037126,66569724,33931928
http://mawi.nezu.wide.ad.jp/mawi/samplepoint-F/2015/201509121400.dump.gz,122595997,119441929,46774315,46566823
http://mawi.nezu.wide.ad.jp/mawi/samplepoint-F/2015/201509131400.dump.gz,105832032,104099933,41434749,38185620
http://mawi.nezu.wide.ad.jp/mawi/samplepoint-F/2015/201509141400.dump.gz,134167493,130445686,67060657,37593395
http://mawi.nezu.wide.ad.jp/mawi/samplepoint-F/2015/201509151400.dump.gz,208404248,204721887,53516675,128020356
http://mawi.nezu.wide.ad.jp/mawi/samplepoint-F/2015/201509161400.dump.gz,113199789,108244977,63758800,18719776
http://mawi.nezu.wide.ad.jp/mawi/samplepoint-F/2015/201509171400.dump.gz,136194018,131640122,88029019,18280212
http://mawi.nezu.wide.ad.jp/mawi/samplepoint-F/2015/201509181400.dump.gz,109537345,101888137,63926987,11664992
http://mawi.nezu.wide.ad.jp/mawi/samplepoint-F/2015/201509191400.dump.gz,97818018,96295442,52089633,19465091
http://mawi.nezu.wide.ad.jp/mawi/samplepoint-F/2015/201509201400.dump.gz,131170531,129624232,45605702,57543763
http://mawi.nezu.wide.ad.jp/mawi/samplepoint-F/2015/201509211400.dump.gz,153786504,152947933,24661324,104604082
http://mawi.nezu.wide.ad.jp/mawi/samplepoint-F/2015/201509221400.dump.gz,149236563,148508391,24474771,100477593
http://mawi.nezu.wide.ad.jp/mawi/samplepoint-F/2015/201509231400.dump.gz,154796102,153915872,17877008,111646320
http://mawi.nezu.wide.ad.jp/mawi/samplepoint-F/2015/201509241400.dump.gz,166511094,158660251,82411427,47282222
http://mawi.nezu.wide.ad.jp/mawi/samplepoint-F/2015/201509251400.dump.gz,138305135,130960327,85161958,20101407
http://mawi.nezu.wide.ad.jp/mawi/samplepoint-F/2015/201509261400.dump.gz,117731939,114261248,55146740,33908428
http://mawi.nezu.wide.ad.jp/mawi/samplepoint-F/2015/201509271400.dump.gz,127907818,125420486,39819477,60447212
http://mawi.nezu.wide.ad.jp/mawi/samplepoint-F/2015/201509281400.dump.gz,145929621,140369335,95376371,20891851
http://mawi.nezu.wide.ad.jp/mawi/samplepoint-F/2015/201509291400.dump.gz,145032672,137999229,89607954,22517869
http://mawi.nezu.wide.ad.jp/mawi/samplepoint-F/2015/201509301400.dump.gz,144739769,137024579,86328271,25836177
http://mawi.nezu.wide.ad.jp/mawi/samplepoint-F/2015/201510011400.dump.gz,137942407,129245597,85126410,20272242
http://mawi.nezu.wide.ad.jp/mawi/samplepoint-F/2015/201510021400.dump.gz,135688702,124128555,78286257,21668943
http://mawi.nezu.wide.ad.jp/mawi/samplepoint-F/2015/201510031400.dump.gz,88274066,85702574,45390935,17137538
http://mawi.nezu.wide.ad.jp/mawi/samplepoint-F/2015/201510041400.dump.gz,95565789,93353114,43435763,24997156
http://mawi.nezu.wide.ad.jp/mawi/samplepoint-F/2015/201510051400.dump.gz,147757456,140021442,79892898,36493862
http://mawi.nezu.wide.ad.jp/mawi/samplepoint-F/2015/201510061400.dump.gz,148038525,139989206,81864054,33821609
http://mawi.nezu.wide.ad.jp/mawi/samplepoint-F/2015/201510071400.dump.gz,143915243,136751001,78882920,34109309
http://mawi.nezu.wide.ad.jp/mawi/samplepoint-F/2015/201510081400.dump.gz,143621134,135598748,75469930,37477090
http://mawi.nezu.wide.ad.jp/mawi/samplepoint-F/2015/201510091400.dump.gz,141689581,134855002,68401023,42607623
http://mawi.nezu.wide.ad.jp/mawi/samplepoint-F/2015/201510101400.dump.gz,95455706,92591047,49043760,37860396
http://mawi.nezu.wide.ad.jp/mawi/samplepoint-F/2015/201510111400.dump.gz,115392046,111762490,38215208,71516426
http://mawi.nezu.wide.ad.jp/mawi/samplepoint-F/2015/201510121400.dump.gz,117700292,115238953,51870486,61610405
http://mawi.nezu.wide.ad.jp/mawi/samplepoint-F/2015/201510131400.dump.gz,149866380,141105091,80275797,50240020
http://mawi.nezu.wide.ad.jp/mawi/samplepoint-F/2015/201510141400.dump.gz,160116016,154692035,84161905,50652103
http://mawi.nezu.wide.ad.jp/mawi/samplepoint-F/2015/201510151400.dump.gz,143378408,135825027,67169471,45597475
http://mawi.nezu.wide.ad.jp/mawi/samplepoint-F/2015/201510161400.dump.gz,119086952,114143992,77365500,13847637
http://mawi.nezu.wide.ad.jp/mawi/samplepoint-F/2015/201510171400.dump.gz,75454779,73363181,43908233,6808157
http://mawi.nezu.wide.ad.jp/mawi/samplepoint-F/2015/201510181400.dump.gz,71350005,70053909,33241299,12581658
http://mawi.nezu.wide.ad.jp/mawi/samplepoint-F/2015/201510191400.dump.gz,136783232,129176758,87981044,18228826
http://mawi.nezu.wide.ad.jp/mawi/samplepoint-F/2015/201510201400.dump.gz,127459290,120244234,81925589,15565670
http://mawi.nezu.wide.ad.jp/mawi/samplepoint-F/2015/201510211400.dump.gz,125675476,114467473,78048531,12924937
http://mawi.nezu.wide.ad.jp/mawi/samplepoint-F/2015/201510221400.dump.gz,143245536,132120104,84714842,22450026
http://mawi.nezu.wide.ad.jp/mawi/samplepoint-F/2015/201510231400.dump.gz,135043082,127376485,87929248,16365809
http://mawi.nezu.wide.ad.jp/mawi/samplepoint-F/2015/201510241400.dump.gz,101326105,99369184,55703797,20263299
http://mawi.nezu.wide.ad.jp/mawi/samplepoint-F/2015/201510251400.dump.gz,88713492,87360162,40259682,24044796
http://mawi.nezu.wide.ad.jp/mawi/samplepoint-F/2015/201510261400.dump.gz,129072529,122377882,84518132,15153088
http://mawi.nezu.wide.ad.jp/mawi/samplepoint-F/2015/201510271400.dump.gz,128013422,119958864,86507165,9298348
http://mawi.nezu.wide.ad.jp/mawi/samplepoint-F/2015/201510281400.dump.gz,132996716,126033798,83312252,18418961
http://mawi.nezu.wide.ad.jp/mawi/samplepoint-F/2015/201510291400.dump.gz,133896047,124966098,89272246,12665809
http://mawi.nezu.wide.ad.jp/mawi/samplepoint-F/2015/201510301400.dump.gz,129627211,119114271,77882029,17546804
http://mawi.nezu.wide.ad.jp/mawi/samplepoint-F/2015/201510311400.dump.gz,90131571,88249843,51678378,12661267
http://mawi.nezu.wide.ad.jp/mawi/samplepoint-F/2015/201511011400.dump.gz,82553479,78371365,38620161,16276101
http://mawi.nezu.wide.ad.jp/mawi/samplepoint-F/2015/201511021400.dump.gz,123745285,117254192,75834478,16560820
http://mawi.nezu.wide.ad.jp/mawi/samplepoint-F/2015/201511031400.dump.gz,110081442,103603844,62115824,17552241
http://mawi.nezu.wide.ad.jp/mawi/samplepoint-F/2015/201511041400.dump.gz,119470804,111953769,67763589,19589930
http://mawi.nezu.wide.ad.jp/mawi/samplepoint-F/2015/201511051400.dump.gz,134184210,125548705,83918966,16335294
http://mawi.nezu.wide.ad.jp/mawi/samplepoint-F/2015/201511061400.dump.gz,111960470,104862055,61315385,17870667
http://mawi.nezu.wide.ad.jp/mawi/samplepoint-F/2015/201511071400.dump.gz,91636976,89273779,45928751,18751906
http://mawi.nezu.wide.ad.jp/mawi/samplepoint-F/2015/201511081400.dump.gz,79794801,77756296,41532615,11132837
http://mawi.nezu.wide.ad.jp/mawi/samplepoint-F/2015/201511091400.dump.gz,128277870,120490034,87881277,7774468
http://mawi.nezu.wide.ad.jp/mawi/samplepoint-F/2015/201511101400.dump.gz,134094400,125803206,92156949,9899334
http://mawi.nezu.wide.ad.jp/mawi/samplepoint-F/2015/201511111400.dump.gz,139749237,120034704,86430493,10347368
http://mawi.nezu.wide.ad.jp/mawi/samplepoint-F/2015/201511121400.dump.gz,135007699,124635733,89957638,10477395
http://mawi.nezu.wide.ad.jp/mawi/samplepoint-F/2015/201511131400.dump.gz,132661246,123298994,87123808,11502467
http://mawi.nezu.wide.ad.jp/mawi/samplepoint-F/2015/201511141400.dump.gz,140507110,137407738,105682468,8864588
http://mawi.nezu.wide.ad.jp/mawi/samplepoint-F/2015/201511151400.dump.gz,133028755,130997634,98794198,8371360
http://mawi.nezu.wide.ad.jp/mawi/samplepoint-F/2015/201511161400.dump.gz,151222092,143950095,115678416,6057943
http://mawi.nezu.wide.ad.jp/mawi/samplepoint-F/2015/201511171400.dump.gz,139356211,132350391,101153274,6765936
http://mawi.nezu.wide.ad.jp/mawi/samplepoint-F/2015/201511181400.dump.gz,120013659,114872080,80832410,7412540
http://mawi.nezu.wide.ad.jp/mawi/samplepoint-F/2015/201511191400.dump.gz,110210771,103907929,71465231,6432731
http://mawi.nezu.wide.ad.jp/mawi/samplepoint-F/2015/201511201400.dump.gz,108231658,102686444,71045913,7573713
http://mawi.nezu.wide.ad.jp/mawi/samplepoint-F/2015/201511211400.dump.gz,74173776,71540095,41159997,6728569
http://mawi.nezu.wide.ad.jp/mawi/samplepoint-F/2015/201511221400.dump.gz,71049541,64844467,34936707,5693491
http://mawi.nezu.wide.ad.jp/mawi/samplepoint-F/2015/201511231400.dump.gz,97035459,94010512,58292204,10897268
http://mawi.nezu.wide.ad.jp/mawi/samplepoint-F/2015/201511251400.dump.gz,130038239,120631401,88449865,7647671
http://mawi.nezu.wide.ad.jp/mawi/samplepoint-F/2015/201511261400.dump.gz,127305523,120275913,82685743,13552576
http://mawi.nezu.wide.ad.jp/mawi/samplepoint-F/2015/201511271400.dump.gz,115430862,108498831,74975912,8145436
http://mawi.nezu.wide.ad.jp/mawi/samplepoint-F/2015/201511281400.dump.gz,78691342,76524297,44027550,6885819
http://mawi.nezu.wide.ad.jp/mawi/samplepoint-F/2015/201511291400.dump.gz,69653708,67532366,38527398,5437239
http://mawi.nezu.wide.ad.jp/mawi/samplepoint-F/2015/201511301400.dump.gz,111658067,105073482,75313181,5390324
http://mawi.nezu.wide.ad.jp/mawi/samplepoint-F/2015/201512011400.dump.gz,126233650,116507479,86900932,5659181
http://mawi.nezu.wide.ad.jp/mawi/samplepoint-F/2015/201512021400.dump.gz,123282520,113253294,83365509,4022040
http://mawi.nezu.wide.ad.jp/mawi/samplepoint-F/2015/201512031400.dump.gz,114996414,106400675,76718370,4225431
http://mawi.nezu.wide.ad.jp/mawi/samplepoint-F/2015/201512041400.dump.gz,109389100,99612883,69338475,4594434
http://mawi.nezu.wide.ad.jp/mawi/samplepoint-F/2015/201512051400.dump.gz,86609190,82843917,52460318,5989330
http://mawi.nezu.wide.ad.jp/mawi/samplepoint-F/2015/201512061400.dump.gz,75928156,73418608,43103893,4567906
http://mawi.nezu.wide.ad.jp/mawi/samplepoint-F/2015/201512071400.dump.gz,133481033,125090262,91849636,7678884
http://mawi.nezu.wide.ad.jp/mawi/samplepoint-F/2015/201512081400.pcap.gz,135665673,125529100,95978141,4491232
http://mawi.nezu.wide.ad.jp/mawi/samplepoint-F/2015/201512091400.pcap.gz,136200270,121921282,93160037,4749820
http://mawi.nezu.wide.ad.jp/mawi/samplepoint-F/2015/201512101400.pcap.gz,134812102,123600354,94091466,4648756
http://mawi.nezu.wide.ad.jp/mawi/samplepoint-F/2015/201512111400.pcap.gz,130597132,122565101,90467943,6594354
http://mawi.nezu.wide.ad.jp/mawi/samplepoint-F/2015/201512121400.pcap.gz,102560273,97767944,66471137,6537984
http://mawi.nezu.wide.ad.jp/mawi/samplepoint-F/2015/201512131400.pcap.gz,90455223,88257354,52537637,9203224
http://mawi.nezu.wide.ad.jp/mawi/samplepoint-F/2015/201512141400.pcap.gz,140308829,127203572,94065226,8653984
http://mawi.nezu.wide.ad.jp/mawi/samplepoint-F/2015/201512151400.pcap.gz,143659794,131595752,100096699,6919395
http://mawi.nezu.wide.ad.jp/mawi/samplepoint-F/2015/201512161400.pcap.gz,139098637,119273138,86666742,7556217
http://mawi.nezu.wide.ad.jp/mawi/samplepoint-F/2015/201512171400.pcap.gz,140946531,126860524,91276156,8215337
http://mawi.nezu.wide.ad.jp/mawi/samplepoint-F/2015/201512181400.pcap.gz,129022620,121594335,90594265,5596664
http://mawi.nezu.wide.ad.jp/mawi/samplepoint-F/2015/201512191400.pcap.gz,76761306,69542339,38694438,5244743
http://mawi.nezu.wide.ad.jp/mawi/samplepoint-F/2015/201512201400.pcap.gz,81557106,78089867,44932960,6930532
http://mawi.nezu.wide.ad.jp/mawi/samplepoint-F/2015/201512211400.pcap.gz,128841223,118479572,84181225,6815889
http://mawi.nezu.wide.ad.jp/mawi/samplepoint-F/2015/201512221400.pcap.gz,121509443,113334563,80910228,6574143
http://mawi.nezu.wide.ad.jp/mawi/samplepoint-F/2015/201512231400.pcap.gz,100695834,97663525,66238823,5941686
http://mawi.nezu.wide.ad.jp/mawi/samplepoint-F/2015/201512241400.pcap.gz,105958002,99089402,66403068,6424022
http://mawi.nezu.wide.ad.jp/mawi/samplepoint-F/2015/201512251400.pcap.gz,100274172,94470498,64857142,4451522
http://mawi.nezu.wide.ad.jp/mawi/samplepoint-F/2015/201512261400.pcap.gz,79589590,77293360,46123853,5266271
http://mawi.nezu.wide.ad.jp/mawi/samplepoint-F/2015/201512271400.pcap.gz,74716389,73014187,43554362,4625705
http://mawi.nezu.wide.ad.jp/mawi/samplepoint-F/2015/201512281400.pcap.gz,86612567,83561299,53481342,5572846
http://mawi.nezu.wide.ad.jp/mawi/samplepoint-F/2015/201512291400.pcap.gz,87492313,81564009,50436713,6035169
http://mawi.nezu.wide.ad.jp/mawi/samplepoint-F/2015/201512301400.pcap.gz,74563657,72636973,41654672,5766524
http://mawi.nezu.wide.ad.jp/mawi/samplepoint-F/2015/201512311400.pcap.gz,89006738,87589070,55374506,7668393
