url,total,ip,tcp,udp
http://mawi.nezu.wide.ad.jp/mawi/samplepoint-B/20050107/200501070000.dump.gz,4334991,4291796,3413946,649136
http://mawi.nezu.wide.ad.jp/mawi/samplepoint-B/20050107/200501070015.dump.gz,4259600,4217659,3351036,670852
http://mawi.nezu.wide.ad.jp/mawi/samplepoint-B/20050107/200501070030.dump.gz,4080583,4041980,3167048,671370
http://mawi.nezu.wide.ad.jp/mawi/samplepoint-B/20050107/200501070045.dump.gz,4190117,4149866,3233125,626518
http://mawi.nezu.wide.ad.jp/mawi/samplepoint-B/20050107/200501070100.dump.gz,3995088,3957995,3240130,512261
http://mawi.nezu.wide.ad.jp/mawi/samplepoint-B/20050107/200501070115.dump.gz,4011353,3974542,3206269,508911
http://mawi.nezu.wide.ad.jp/mawi/samplepoint-B/20050107/200501070130.dump.gz,5058729,5010120,3349364,1439929
http://mawi.nezu.wide.ad.jp/mawi/samplepoint-B/20050107/200501070145.dump.gz,4494813,4450233,3313419,934548
http://mawi.nezu.wide.ad.jp/mawi/samplepoint-B/20050107/200501070200.dump.gz,4013228,3976189,3222360,532514
http://mawi.nezu.wide.ad.jp/mawi/samplepoint-B/20050107/200501070215.dump.gz,4166182,4125210,3365846,545719
http://mawi.nezu.wide.ad.jp/mawi/samplepoint-B/20050107/200501070230.dump.gz,3897148,3862552,3132535,544870
http://mawi.nezu.wide.ad.jp/mawi/samplepoint-B/20050107/200501070245.dump.gz,3789509,3756290,3138181,437302
http://mawi.nezu.wide.ad.jp/mawi/samplepoint-B/20050107/200501070300.dump.gz,3680722,3649899,2995273,469396
http://mawi.nezu.wide.ad.jp/mawi/samplepoint-B/20050107/200501070315.dump.gz,3689162,3658918,2969900,509210
http://mawi.nezu.wide.ad.jp/mawi/samplepoint-B/20050107/200501070330.dump.gz,3673982,3644383,3022405,433167
http://mawi.nezu.wide.ad.jp/mawi/samplepoint-B/20050107/200501070345.dump.gz,3746624,3715451,3105173,452017
http://mawi.nezu.wide.ad.jp/mawi/samplepoint-B/20050107/200501070400.dump.gz,3710808,3680384,2996064,547331
http://mawi.nezu.wide.ad.jp/mawi/samplepoint-B/20050107/200501070415.dump.gz,3588996,3560332,2972994,451711
http://mawi.nezu.wide.ad.jp/mawi/samplepoint-B/20050107/200501070430.dump.gz,3515601,3489407,2865667,483839
http://mawi.nezu.wide.ad.jp/mawi/samplepoint-B/20050107/200501070445.dump.gz,3247044,3224979,2550564,514586
http://mawi.nezu.wide.ad.jp/mawi/samplepoint-B/20050107/200501070500.dump.gz,3142728,3122290,2507095,445363
http://mawi.nezu.wide.ad.jp/mawi/samplepoint-B/20050107/200501070515.dump.gz,3073198,3053406,2481279,409903
http://mawi.nezu.wide.ad.jp/mawi/samplepoint-B/20050107/200501070530.dump.gz,3109306,3089335,2393341,507177
http://mawi.nezu.wide.ad.jp/mawi/samplepoint-B/20050107/200501070545.dump.gz,3069141,3049738,2428630,463711
http://mawi.nezu.wide.ad.jp/mawi/samplepoint-B/20050107/200501070600.dump.gz,3212790,3190498,2577625,456676
http://mawi.nezu.wide.ad.jp/mawi/samplepoint-B/20050107/200501070615.dump.gz,3119957,3099749,2521338,433395
http://mawi.nezu.wide.ad.jp/mawi/samplepoint-B/20050107/200501070630.dump.gz,3131542,3110656,2524974,391194
http://mawi.nezu.wide.ad.jp/mawi/samplepoint-B/20050107/200501070645.dump.gz,3360483,3336157,2684818,394220
http://mawi.nezu.wide.ad.jp/mawi/samplepoint-B/20050107/200501070700.dump.gz,3386948,3361407,2752772,407252
http://mawi.nezu.wide.ad.jp/mawi/samplepoint-B/20050107/200501070715.dump.gz,3085675,3065547,2430929,428923
http://mawi.nezu.wide.ad.jp/mawi/samplepoint-B/20050107/200501070730.dump.gz,3092307,3072333,2455888,418114
http://mawi.nezu.wide.ad.jp/mawi/samplepoint-B/20050107/200501070745.dump.gz,3179371,3157986,2598946,374245
http://mawi.nezu.wide.ad.jp/mawi/samplepoint-B/20050107/200501070800.dump.gz,3401508,3375647,2774214,401114
http://mawi.nezu.wide.ad.jp/mawi/samplepoint-B/20050107/200501070815.dump.gz,3360258,3334757,2718721,443509
http://mawi.nezu.wide.ad.jp/mawi/samplepoint-B/20050107/200501070830.dump.gz,3411373,3385633,2818458,429100
http://mawi.nezu.wide.ad.jp/mawi/samplepoint-B/20050107/200501070845.dump.gz,3510022,3483273,2926328,411613
http://mawi.nezu.wide.ad.jp/mawi/samplepoint-B/20050107/200501070900.dump.gz,3703439,3673302,3089057,412346
http://mawi.nezu.wide.ad.jp/mawi/samplepoint-B/20050107/200501070915.dump.gz,3869067,3836728,3166812,443910
http://mawi.nezu.wide.ad.jp/mawi/samplepoint-B/20050107/200501070930.dump.gz,4176736,4137513,3449164,447216
http://mawi.nezu.wide.ad.jp/mawi/samplepoint-B/20050107/200501070945.dump.gz,4252910,4213310,3430414,507447
http://mawi.nezu.wide.ad.jp/mawi/samplepoint-B/20050107/200501071000.dump.gz,4550439,4504963,3603452,596083
http://mawi.nezu.wide.ad.jp/mawi/samplepoint-B/20050107/200501071015.dump.gz,4989375,4932739,3983844,593556
http://mawi.nezu.wide.ad.jp/mawi/samplepoint-B/20050107/200501071030.dump.gz,5430747,5364559,4432510,584921
http://mawi.nezu.wide.ad.jp/mawi/samplepoint-B/20050107/200501071045.dump.gz,5596650,5526337,4588899,597234
http://mawi.nezu.wide.ad.jp/mawi/samplepoint-B/20050107/200501071100.dump.gz,5981175,5898548,4852826,675658
http://mawi.nezu.wide.ad.jp/mawi/samplepoint-B/20050107/200501071115.dump.gz,5469220,5401667,4450066,580082
http://mawi.nezu.wide.ad.jp/mawi/samplepoint-B/20050107/200501071130.dump.gz,5784885,5708658,4747723,596514
http://mawi.nezu.wide.ad.jp/mawi/samplepoint-B/20050107/200501071145.dump.gz,5747468,5671531,4682346,644282
http://mawi.nezu.wide.ad.jp/mawi/samplepoint-B/20050107/200501071200.dump.gz,6051518,5967149,4896862,739488
http://mawi.nezu.wide.ad.jp/mawi/samplepoint-B/20050107/200501071215.dump.gz,6350476,6257816,5159075,786489
http://mawi.nezu.wide.ad.jp/mawi/samplepoint-B/20050107/200501071230.dump.gz,6646791,6541978,5453063,761394
http://mawi.nezu.wide.ad.jp/mawi/samplepoint-B/20050107/200501071245.dump.gz,6834288,6726555,5701406,748845
http://mawi.nezu.wide.ad.jp/mawi/samplepoint-B/20050107/200501071300.dump.gz,7035803,6922287,5947292,710077
http://mawi.nezu.wide.ad.jp/mawi/samplepoint-B/20050107/200501071315.dump.gz,6855238,6747614,5819007,646167
http://mawi.nezu.wide.ad.jp/mawi/samplepoint-B/20050107/200501071330.dump.gz,7397687,7280512,6382289,608927
http://mawi.nezu.wide.ad.jp/mawi/samplepoint-B/20050107/200501071345.dump.gz,11275445,11108325,10196777,579303
http://mawi.nezu.wide.ad.jp/mawi/samplepoint-B/20050107/200501071400.dump.gz,6636731,6533602,5664160,614603
http://mawi.nezu.wide.ad.jp/mawi/samplepoint-B/20050107/200501071415.dump.gz,6036155,5952228,5139080,566870
http://mawi.nezu.wide.ad.jp/mawi/samplepoint-B/20050107/200501071430.dump.gz,6303772,6213197,5314932,599362
http://mawi.nezu.wide.ad.jp/mawi/samplepoint-B/20050107/200501071445.dump.gz,6620123,6517819,5639501,586761
http://mawi.nezu.wide.ad.jp/mawi/samplepoint-B/20050107/200501071500.dump.gz,6577824,6474380,5684680,595766
http://mawi.nezu.wide.ad.jp/mawi/samplepoint-B/20050107/200501071515.dump.gz,6926381,6813361,5965748,622683
http://mawi.nezu.wide.ad.jp/mawi/samplepoint-B/20050107/200501071530.dump.gz,8929492,8770473,7806808,698575
http://mawi.nezu.wide.ad.jp/mawi/samplepoint-B/20050107/200501071545.dump.gz,6957687,6842373,5976622,596385
http://mawi.nezu.wide.ad.jp/mawi/samplepoint-B/20050107/200501071600.dump.gz,7347675,7222464,6269612,671215
http://mawi.nezu.wide.ad.jp/mawi/samplepoint-B/20050107/200501071615.dump.gz,7523811,7390932,6540393,583123
http://mawi.nezu.wide.ad.jp/mawi/samplepoint-B/20050107/200501071630.dump.gz,6738217,6632376,5711482,664918
http://mawi.nezu.wide.ad.jp/mawi/samplepoint-B/20050107/200501071645.dump.gz,8210208,8071311,7239295,619848
http://mawi.nezu.wide.ad.jp/mawi/samplepoint-B/20050107/200501071700.dump.gz,8266807,8129011,7209934,670911
http://mawi.nezu.wide.ad.jp/mawi/samplepoint-B/20050107/200501071715.dump.gz,6864875,6753561,5822591,684113
http://mawi.nezu.wide.ad.jp/mawi/samplepoint-B/20050107/200501071730.dump.gz,7486813,7369749,6447473,670261
http://mawi.nezu.wide.ad.jp/mawi/samplepoint-B/20050107/200501071745.dump.gz,6843419,6733478,5693502,747685
http://mawi.nezu.wide.ad.jp/mawi/samplepoint-B/20050107/200501071800.dump.gz,6591721,6490917,5546244,669153
http://mawi.nezu.wide.ad.jp/mawi/samplepoint-B/20050107/200501071815.dump.gz,6335947,6240948,5439505,549239
http://mawi.nezu.wide.ad.jp/mawi/samplepoint-B/20050107/200501071830.dump.gz,6353146,6257676,5343042,650380
http://mawi.nezu.wide.ad.jp/mawi/samplepoint-B/20050107/200501071845.dump.gz,6351381,6253984,5259912,745628
http://mawi.nezu.wide.ad.jp/mawi/samplepoint-B/20050107/200501071900.dump.gz,9142742,9011604,4962253,3809452
http://mawi.nezu.wide.ad.jp/mawi/samplepoint-B/20050107/200501071915.dump.gz,5710785,5634646,4665763,656591
http://mawi.nezu.wide.ad.jp/mawi/samplepoint-B/20050107/200501071930.dump.gz,5618472,5545134,4556671,696453
http://mawi.nezu.wide.ad.jp/mawi/samplepoint-B/20050107/200501071945.dump.gz,5505440,5435463,4436538,754526
http://mawi.nezu.wide.ad.jp/mawi/samplepoint-B/20050107/200501072000.dump.gz,5346293,5280341,4365229,713186
http://mawi.nezu.wide.ad.jp/mawi/samplepoint-B/20050107/200501072015.dump.gz,5424006,5355856,4370654,794795
http://mawi.nezu.wide.ad.jp/mawi/samplepoint-B/20050107/200501072030.dump.gz,5416615,5347747,4357381,787693
http://mawi.nezu.wide.ad.jp/mawi/samplepoint-B/20050107/200501072045.dump.gz,5765754,5689295,4661252,769114
http://mawi.nezu.wide.ad.jp/mawi/samplepoint-B/20050107/200501072100.dump.gz,5234812,5171591,4229834,674803
http://mawi.nezu.wide.ad.jp/mawi/samplepoint-B/20050107/200501072115.dump.gz,5675889,5605711,4573878,774879
http://mawi.nezu.wide.ad.jp/mawi/samplepoint-B/20050107/200501072130.dump.gz,13525127,13357874,3478581,9656432
http://mawi.nezu.wide.ad.jp/mawi/samplepoint-B/20050107/200501072145.dump.gz,26599620,26296244,2757789,23338068
http://mawi.nezu.wide.ad.jp/mawi/samplepoint-B/20050107/200501072200.dump.gz,26398127,26105852,2713771,23149352
http://mawi.nezu.wide.ad.jp/mawi/samplepoint-B/20050107/200501072215.dump.gz,26802736,26468735,3049561,23174313
http://mawi.nezu.wide.ad.jp/mawi/samplepoint-B/20050107/200501072230.dump.gz,26711749,26351626,3154345,23000290
http://mawi.nezu.wide.ad.jp/mawi/samplepoint-B/20050107/200501072245.dump.gz,26939388,26594572,3140093,23225975
http://mawi.nezu.wide.ad.jp/mawi/samplepoint-B/20050107/200501072300.dump.gz,26981690,26636855,3206459,23194399
http://mawi.nezu.wide.ad.jp/mawi/samplepoint-B/20050107/200501072315.dump.gz,15901744,15710018,1662122,13897579
http://mawi.nezu.wide.ad.jp/mawi/samplepoint-B/20050107/200501072330.dump.gz,8144112,8042737,960737,7009833
http://mawi.nezu.wide.ad.jp/mawi/samplepoint-B/20050107/200501072345.dump.gz,8747830,8649961,888240,7711961
