url,total,ip,tcp,udp
http://mawi.nezu.wide.ad.jp/mawi/samplepoint-F/2007/197001010900.dump.gz,,,,
http://mawi.nezu.wide.ad.jp/mawi/samplepoint-F/2007/200612311400.dump.gz,7150380,7069684,5477876,1223061
http://mawi.nezu.wide.ad.jp/mawi/samplepoint-F/2007/200701011400.dump.gz,6948502,6901513,5190569,1248025
http://mawi.nezu.wide.ad.jp/mawi/samplepoint-F/2007/200701021400.dump.gz,9034366,8973354,7416748,1309398
http://mawi.nezu.wide.ad.jp/mawi/samplepoint-F/2007/200701031400.dump.gz,8350321,8299905,6440916,1503872
http://mawi.nezu.wide.ad.jp/mawi/samplepoint-F/2007/200701041400.dump.gz,10444144,10384330,8614468,1464778
http://mawi.nezu.wide.ad.jp/mawi/samplepoint-F/2007/200701051400.dump.gz,10162231,10108102,8431558,1319198
http://mawi.nezu.wide.ad.jp/mawi/samplepoint-F/2007/200701061400.dump.gz,10858939,10811310,9271671,1206007
http://mawi.nezu.wide.ad.jp/mawi/samplepoint-F/2007/200701071400.dump.gz,7524267,7477074,5912838,1268376
http://mawi.nezu.wide.ad.jp/mawi/samplepoint-F/2007/200701081400.dump.gz,11245904,11194578,9475432,1473848
http://mawi.nezu.wide.ad.jp/mawi/samplepoint-F/2007/200701091400.dump.gz,16703680,16631169,14496398,1650970
http://mawi.nezu.wide.ad.jp/mawi/samplepoint-F/2007/200701101400.dump.gz,14431719,14342717,12134036,1813362
http://mawi.nezu.wide.ad.jp/mawi/samplepoint-F/2007/200701111400.dump.gz,17929601,17847991,15700563,1744921
http://mawi.nezu.wide.ad.jp/mawi/samplepoint-F/2007/200701121400.dump.gz,18031672,17893573,15551222,1777746
http://mawi.nezu.wide.ad.jp/mawi/samplepoint-F/2007/200701131400.dump.gz,12635699,12578848,10281441,1785484
http://mawi.nezu.wide.ad.jp/mawi/samplepoint-F/2007/200701141400.dump.gz,10361629,10305248,8321791,1562347
http://mawi.nezu.wide.ad.jp/mawi/samplepoint-F/2007/200701151400.dump.gz,19032375,18817099,16722845,1815032
http://mawi.nezu.wide.ad.jp/mawi/samplepoint-F/2007/200701161400.dump.gz,17030445,16969655,14888878,1892235
http://mawi.nezu.wide.ad.jp/mawi/samplepoint-F/2007/200701171400.dump.gz,19968791,19903230,17139622,2218600
http://mawi.nezu.wide.ad.jp/mawi/samplepoint-F/2007/200701181400.dump.gz,16182714,16116373,13794674,1819714
http://mawi.nezu.wide.ad.jp/mawi/samplepoint-F/2007/200701191400.dump.gz,20724008,20656943,18424599,1581239
http://mawi.nezu.wide.ad.jp/mawi/samplepoint-F/2007/200701201400.dump.gz,12271318,12213276,10256885,1700314
http://mawi.nezu.wide.ad.jp/mawi/samplepoint-F/2007/200701211400.dump.gz,11013844,10958246,8501347,2158825
http://mawi.nezu.wide.ad.jp/mawi/samplepoint-F/2007/200701221400.dump.gz,20732068,20664757,18332827,1934763
http://mawi.nezu.wide.ad.jp/mawi/samplepoint-F/2007/200701231400.dump.gz,20356592,20295395,18138686,1744433
http://mawi.nezu.wide.ad.jp/mawi/samplepoint-F/2007/200701241400.dump.gz,18787582,18737660,16757300,1616114
http://mawi.nezu.wide.ad.jp/mawi/samplepoint-F/2007/200701251400.dump.gz,19582794,19525474,17254559,1803499
http://mawi.nezu.wide.ad.jp/mawi/samplepoint-F/2007/200701261400.dump.gz,18795196,18733044,16891475,1579704
http://mawi.nezu.wide.ad.jp/mawi/samplepoint-F/2007/200701271400.dump.gz,13885932,13790016,11830966,1529939
http://mawi.nezu.wide.ad.jp/mawi/samplepoint-F/2007/200701281400.dump.gz,12832951,12781981,10863695,1654278
http://mawi.nezu.wide.ad.jp/mawi/samplepoint-F/2007/200701291400.dump.gz,23213896,23106582,20948507,1669104
http://mawi.nezu.wide.ad.jp/mawi/samplepoint-F/2007/200701301400.dump.gz,19760221,19654164,17576804,1640287
http://mawi.nezu.wide.ad.jp/mawi/samplepoint-F/2007/200701311400.dump.gz,19703026,19631731,16519822,1835295
http://mawi.nezu.wide.ad.jp/mawi/samplepoint-F/2007/200702011400.dump.gz,20074663,20012626,17640538,1919449
http://mawi.nezu.wide.ad.jp/mawi/samplepoint-F/2007/200702021400.dump.gz,15895723,15763905,13426501,1982139
http://mawi.nezu.wide.ad.jp/mawi/samplepoint-F/2007/200702031400.dump.gz,12431834,12322794,10396256,1502245
http://mawi.nezu.wide.ad.jp/mawi/samplepoint-F/2007/200702041400.dump.gz,9564702,9515438,7938935,1334539
http://mawi.nezu.wide.ad.jp/mawi/samplepoint-F/2007/200702051400.dump.gz,19543470,19442548,17430896,1601168
http://mawi.nezu.wide.ad.jp/mawi/samplepoint-F/2007/200702061400.dump.gz,16431149,16368802,14402415,1603168
http://mawi.nezu.wide.ad.jp/mawi/samplepoint-F/2007/200702071400.dump.gz,19917914,19851512,17749174,1532887
http://mawi.nezu.wide.ad.jp/mawi/samplepoint-F/2007/200702081400.dump.gz,16242612,16030206,13791145,1590709
http://mawi.nezu.wide.ad.jp/mawi/samplepoint-F/2007/200702091400.dump.gz,16258686,16145209,14026752,1582556
http://mawi.nezu.wide.ad.jp/mawi/samplepoint-F/2007/200702101400.dump.gz,14487390,14380725,12604443,1365373
http://mawi.nezu.wide.ad.jp/mawi/samplepoint-F/2007/200702111400.dump.gz,10863649,10739313,8319413,1807393
http://mawi.nezu.wide.ad.jp/mawi/samplepoint-F/2007/200702121400.dump.gz,12998767,12854408,10956670,1690631
http://mawi.nezu.wide.ad.jp/mawi/samplepoint-F/2007/200702131400.dump.gz,17480326,17342917,15270752,1613610
http://mawi.nezu.wide.ad.jp/mawi/samplepoint-F/2007/200702141400.dump.gz,17766110,17616064,15361796,1573790
http://mawi.nezu.wide.ad.jp/mawi/samplepoint-F/2007/200702151400.dump.gz,16909182,16739498,14669061,1642442
http://mawi.nezu.wide.ad.jp/mawi/samplepoint-F/2007/200702161400.dump.gz,16022892,15880832,13438572,1460772
http://mawi.nezu.wide.ad.jp/mawi/samplepoint-F/2007/200702171400.dump.gz,13043675,12959467,9803112,2248818
http://mawi.nezu.wide.ad.jp/mawi/samplepoint-F/2007/200702181400.dump.gz,9470964,9409761,7488222,1147590
http://mawi.nezu.wide.ad.jp/mawi/samplepoint-F/2007/200702191400.dump.gz,14242217,14168579,11791288,1465579
http://mawi.nezu.wide.ad.jp/mawi/samplepoint-F/2007/200702201400.dump.gz,16227413,16138142,14145165,1562948
http://mawi.nezu.wide.ad.jp/mawi/samplepoint-F/2007/200702211400.dump.gz,17315204,17242472,15294364,1524372
http://mawi.nezu.wide.ad.jp/mawi/samplepoint-F/2007/200702221400.dump.gz,17638506,17572410,15631248,1464940
http://mawi.nezu.wide.ad.jp/mawi/samplepoint-F/2007/200702231400.dump.gz,15956155,15847501,13715827,1614027
http://mawi.nezu.wide.ad.jp/mawi/samplepoint-F/2007/200702241400.dump.gz,13394790,13337372,10969170,1647980
http://mawi.nezu.wide.ad.jp/mawi/samplepoint-F/2007/200702251400.dump.gz,15999928,15946465,13899156,1443381
http://mawi.nezu.wide.ad.jp/mawi/samplepoint-F/2007/200702261400.dump.gz,18633085,18558527,16162091,1707796
http://mawi.nezu.wide.ad.jp/mawi/samplepoint-F/2007/200702271400.dump.gz,17805767,17718499,15416141,1800910
http://mawi.nezu.wide.ad.jp/mawi/samplepoint-F/2007/200702281400.dump.gz,21697095,21512489,19280613,1751540
http://mawi.nezu.wide.ad.jp/mawi/samplepoint-F/2007/200703011400.dump.gz,18740333,18533976,16217936,1609097
http://mawi.nezu.wide.ad.jp/mawi/samplepoint-F/2007/200703021400.dump.gz,20136965,19979553,17807635,1526374
http://mawi.nezu.wide.ad.jp/mawi/samplepoint-F/2007/200703031400.dump.gz,15120331,14748975,12887587,1390301
http://mawi.nezu.wide.ad.jp/mawi/samplepoint-F/2007/200703041400.dump.gz,11614551,11449917,8968747,1532663
http://mawi.nezu.wide.ad.jp/mawi/samplepoint-F/2007/200703051400.dump.gz,19256110,19187613,17077533,1555634
http://mawi.nezu.wide.ad.jp/mawi/samplepoint-F/2007/200703061400.dump.gz,17446713,17371149,15112290,1829963
http://mawi.nezu.wide.ad.jp/mawi/samplepoint-F/2007/200703071400.dump.gz,17533122,17346936,13733342,2736944
http://mawi.nezu.wide.ad.jp/mawi/samplepoint-F/2007/200703081400.dump.gz,19857720,19804276,17473190,1760973
http://mawi.nezu.wide.ad.jp/mawi/samplepoint-F/2007/200703091400.dump.gz,18063064,18002356,15419226,1701679
http://mawi.nezu.wide.ad.jp/mawi/samplepoint-F/2007/200703101400.dump.gz,14003167,13957328,11808943,1645046
http://mawi.nezu.wide.ad.jp/mawi/samplepoint-F/2007/200703111400.dump.gz,13351756,13251739,10481667,1578212
http://mawi.nezu.wide.ad.jp/mawi/samplepoint-F/2007/200703121400.dump.gz,16788688,16702968,14537432,1667703
http://mawi.nezu.wide.ad.jp/mawi/samplepoint-F/2007/200703131400.dump.gz,17505632,17393050,14558520,1767801
http://mawi.nezu.wide.ad.jp/mawi/samplepoint-F/2007/200703141400.dump.gz,15484460,15367933,13183125,1698399
http://mawi.nezu.wide.ad.jp/mawi/samplepoint-F/2007/200703151400.dump.gz,17261234,17168488,14828009,1702776
http://mawi.nezu.wide.ad.jp/mawi/samplepoint-F/2007/200703161400.dump.gz,17693016,17579572,13944687,1893278
http://mawi.nezu.wide.ad.jp/mawi/samplepoint-F/2007/200703171400.dump.gz,14403750,14337936,11262687,2135277
http://mawi.nezu.wide.ad.jp/mawi/samplepoint-F/2007/200703181400.dump.gz,11363505,11315172,9278920,1423550
http://mawi.nezu.wide.ad.jp/mawi/samplepoint-F/2007/200703191400.dump.gz,18827754,18730830,16881086,1290784
http://mawi.nezu.wide.ad.jp/mawi/samplepoint-F/2007/200703201400.dump.gz,20059033,19853616,17667973,1779746
http://mawi.nezu.wide.ad.jp/mawi/samplepoint-F/2007/200703211400.dump.gz,13123004,13040247,10933410,1626238
http://mawi.nezu.wide.ad.jp/mawi/samplepoint-F/2007/200703221400.dump.gz,16751378,16618536,14431212,1610754
http://mawi.nezu.wide.ad.jp/mawi/samplepoint-F/2007/200703231400.dump.gz,16594956,16493778,14133907,1665270
http://mawi.nezu.wide.ad.jp/mawi/samplepoint-F/2007/200703241400.dump.gz,13988917,13909920,11858442,1459235
http://mawi.nezu.wide.ad.jp/mawi/samplepoint-F/2007/200703251400.dump.gz,14666678,14548004,12839337,1397982
http://mawi.nezu.wide.ad.jp/mawi/samplepoint-F/2007/200703261400.dump.gz,18571807,18466854,16501451,1527135
http://mawi.nezu.wide.ad.jp/mawi/samplepoint-F/2007/200703271400.dump.gz,17237300,17137278,15280501,1566505
http://mawi.nezu.wide.ad.jp/mawi/samplepoint-F/2007/200703281400.dump.gz,14939305,14815368,12874625,1594768
http://mawi.nezu.wide.ad.jp/mawi/samplepoint-F/2007/200703291400.dump.gz,18665514,18541749,15438105,2395030
http://mawi.nezu.wide.ad.jp/mawi/samplepoint-F/2007/200703301400.dump.gz,16348022,16237750,13641437,1517496
http://mawi.nezu.wide.ad.jp/mawi/samplepoint-F/2007/200703311400.dump.gz,15333287,15252101,10848332,3956098
http://mawi.nezu.wide.ad.jp/mawi/samplepoint-F/2007/200704011400.dump.gz,9503556,9413521,6887157,2161348
http://mawi.nezu.wide.ad.jp/mawi/samplepoint-F/2007/200704021400.dump.gz,17266433,17160411,14773750,1632335
http://mawi.nezu.wide.ad.jp/mawi/samplepoint-F/2007/200704031400.dump.gz,22525679,22364681,15316979,6561502
http://mawi.nezu.wide.ad.jp/mawi/samplepoint-F/2007/200704041400.dump.gz,19976026,19894790,18161262,1354549
http://mawi.nezu.wide.ad.jp/mawi/samplepoint-F/2007/200704051400.dump.gz,16193683,16086134,14178556,1628257
http://mawi.nezu.wide.ad.jp/mawi/samplepoint-F/2007/200704061400.dump.gz,16228107,16102167,13645392,2182884
http://mawi.nezu.wide.ad.jp/mawi/samplepoint-F/2007/200704071400.dump.gz,12614027,12541595,9806953,1659991
http://mawi.nezu.wide.ad.jp/mawi/samplepoint-F/2007/200704081400.dump.gz,10458705,10405497,8548087,1494656
http://mawi.nezu.wide.ad.jp/mawi/samplepoint-F/2007/200704091400.dump.gz,20078581,19957793,17648667,1842390
http://mawi.nezu.wide.ad.jp/mawi/samplepoint-F/2007/200704101400.dump.gz,16854264,16752447,14214507,1893431
http://mawi.nezu.wide.ad.jp/mawi/samplepoint-F/2007/200704111400.dump.gz,21104839,20967626,18321082,2000707
http://mawi.nezu.wide.ad.jp/mawi/samplepoint-F/2007/200704121400.dump.gz,23481099,23300283,20414700,2169587
http://mawi.nezu.wide.ad.jp/mawi/samplepoint-F/2007/200704131400.dump.gz,23099769,22983446,20021522,2200613
http://mawi.nezu.wide.ad.jp/mawi/samplepoint-F/2007/200704141400.dump.gz,16220089,16113287,13227697,2179075
http://mawi.nezu.wide.ad.jp/mawi/samplepoint-F/2007/200704151400.dump.gz,12550521,12462309,9835308,1902649
http://mawi.nezu.wide.ad.jp/mawi/samplepoint-F/2007/200704161400.dump.gz,23476196,23323516,19984531,1984419
http://mawi.nezu.wide.ad.jp/mawi/samplepoint-F/2007/200704171400.dump.gz,26160610,26023676,23306277,1991848
http://mawi.nezu.wide.ad.jp/mawi/samplepoint-F/2007/200704181400.dump.gz,21496048,21353220,18697218,2099171
http://mawi.nezu.wide.ad.jp/mawi/samplepoint-F/2007/200704191400.dump.gz,27404285,27280605,24175860,2427509
http://mawi.nezu.wide.ad.jp/mawi/samplepoint-F/2007/200704201400.dump.gz,23734818,23637959,21121157,1962007
http://mawi.nezu.wide.ad.jp/mawi/samplepoint-F/2007/200704211400.dump.gz,16331177,16244141,13436125,2105748
http://mawi.nezu.wide.ad.jp/mawi/samplepoint-F/2007/200704221400.dump.gz,12661244,12569879,10425741,1735410
http://mawi.nezu.wide.ad.jp/mawi/samplepoint-F/2007/200704231400.dump.gz,18333157,18151356,15276893,2225509
http://mawi.nezu.wide.ad.jp/mawi/samplepoint-F/2007/200704241400.dump.gz,25140158,25065013,22543372,1918275
http://mawi.nezu.wide.ad.jp/mawi/samplepoint-F/2007/200704251400.dump.gz,24192927,24051384,21529440,1684357
http://mawi.nezu.wide.ad.jp/mawi/samplepoint-F/2007/200704261400.dump.gz,26178851,26086150,23506553,1714747
http://mawi.nezu.wide.ad.jp/mawi/samplepoint-F/2007/200704271400.dump.gz,24196520,23928374,21217052,1812572
http://mawi.nezu.wide.ad.jp/mawi/samplepoint-F/2007/200704281400.dump.gz,15303797,15210623,12868392,1594768
http://mawi.nezu.wide.ad.jp/mawi/samplepoint-F/2007/200704291400.dump.gz,11918679,11794346,10028033,1406392
http://mawi.nezu.wide.ad.jp/mawi/samplepoint-F/2007/200704301400.dump.gz,13425329,13299882,11255928,1575154
http://mawi.nezu.wide.ad.jp/mawi/samplepoint-F/2007/200705011400.dump.gz,24937582,24757182,22675867,1528466
http://mawi.nezu.wide.ad.jp/mawi/samplepoint-F/2007/200705021400.dump.gz,19445964,19296555,16740016,1973715
http://mawi.nezu.wide.ad.jp/mawi/samplepoint-F/2007/200705031400.dump.gz,14046351,13959964,11460885,1904909
http://mawi.nezu.wide.ad.jp/mawi/samplepoint-F/2007/200705041400.dump.gz,12991061,12886104,10696624,1597508
http://mawi.nezu.wide.ad.jp/mawi/samplepoint-F/2007/200705051400.dump.gz,12488313,12384206,10221462,1626864
http://mawi.nezu.wide.ad.jp/mawi/samplepoint-F/2007/200705061400.dump.gz,12620894,12514135,10181667,1954425
http://mawi.nezu.wide.ad.jp/mawi/samplepoint-F/2007/200705071400.dump.gz,23292902,23188196,21104984,1582403
http://mawi.nezu.wide.ad.jp/mawi/samplepoint-F/2007/200705081400.dump.gz,25091640,24988258,22303251,1956471
http://mawi.nezu.wide.ad.jp/mawi/samplepoint-F/2007/200705091400.dump.gz,23456053,23327903,20808153,1663904
http://mawi.nezu.wide.ad.jp/mawi/samplepoint-F/2007/200705101400.dump.gz,24959850,24695944,22359761,1797362
http://mawi.nezu.wide.ad.jp/mawi/samplepoint-F/2007/200705111400.dump.gz,23281848,23120650,20611187,1926282
http://mawi.nezu.wide.ad.jp/mawi/samplepoint-F/2007/200705121400.dump.gz,16812625,16752950,14089915,2189297
http://mawi.nezu.wide.ad.jp/mawi/samplepoint-F/2007/200705131400.dump.gz,14015547,13914373,10918790,2714000
http://mawi.nezu.wide.ad.jp/mawi/samplepoint-F/2007/200705141400.dump.gz,22352193,22177232,18841662,2380040
http://mawi.nezu.wide.ad.jp/mawi/samplepoint-F/2007/200705151400.dump.gz,23871682,23680319,21175943,2065487
http://mawi.nezu.wide.ad.jp/mawi/samplepoint-F/2007/200705161400.dump.gz,25664823,25470561,22046313,2528276
http://mawi.nezu.wide.ad.jp/mawi/samplepoint-F/2007/200705171400.dump.gz,23512184,23192311,19874262,2624719
http://mawi.nezu.wide.ad.jp/mawi/samplepoint-F/2007/200705181400.dump.gz,22374739,22194803,19099270,2243282
http://mawi.nezu.wide.ad.jp/mawi/samplepoint-F/2007/200705191400.dump.gz,15716761,15584195,12387076,2670853
http://mawi.nezu.wide.ad.jp/mawi/samplepoint-F/2007/200705201400.dump.gz,12669662,12545684,10060478,2050898
http://mawi.nezu.wide.ad.jp/mawi/samplepoint-F/2007/200705211400.dump.gz,23790596,23622831,20821991,2119009
http://mawi.nezu.wide.ad.jp/mawi/samplepoint-F/2007/200705221400.dump.gz,23904834,23821102,20708194,2252698
http://mawi.nezu.wide.ad.jp/mawi/samplepoint-F/2007/200705231400.dump.gz,22701125,22540757,19912805,1885938
http://mawi.nezu.wide.ad.jp/mawi/samplepoint-F/2007/200705241400.dump.gz,26342057,26179167,23572537,1974423
http://mawi.nezu.wide.ad.jp/mawi/samplepoint-F/2007/200705251400.dump.gz,20426820,20253167,17426214,2134662
http://mawi.nezu.wide.ad.jp/mawi/samplepoint-F/2007/200705261400.dump.gz,18255653,18153172,15282749,2236965
http://mawi.nezu.wide.ad.jp/mawi/samplepoint-F/2007/200705271400.dump.gz,14104992,14001663,11195911,1874563
http://mawi.nezu.wide.ad.jp/mawi/samplepoint-F/2007/200705281400.dump.gz,19272051,19196850,16235537,2253722
http://mawi.nezu.wide.ad.jp/mawi/samplepoint-F/2007/200705291400.dump.gz,19961016,19862246,16884976,2294997
http://mawi.nezu.wide.ad.jp/mawi/samplepoint-F/2007/200705301400.dump.gz,19408446,19339589,16206046,2302597
http://mawi.nezu.wide.ad.jp/mawi/samplepoint-F/2007/200705311400.dump.gz,25981544,25820705,20734494,4272787
http://mawi.nezu.wide.ad.jp/mawi/samplepoint-F/2007/200706121400.dump.gz,23415441,23319343,20420651,2033026
http://mawi.nezu.wide.ad.jp/mawi/samplepoint-F/2007/200706131400.dump.gz,26844634,26724961,23832440,2227162
http://mawi.nezu.wide.ad.jp/mawi/samplepoint-F/2007/200706141400.dump.gz,27494754,27379771,24333506,2387761
http://mawi.nezu.wide.ad.jp/mawi/samplepoint-F/2007/200706151400.dump.gz,23354513,23286455,20466668,2260781
http://mawi.nezu.wide.ad.jp/mawi/samplepoint-F/2007/200706161400.dump.gz,15134023,15085697,12300240,2116514
http://mawi.nezu.wide.ad.jp/mawi/samplepoint-F/2007/200706171400.dump.gz,12785400,12524492,10365670,1619113
http://mawi.nezu.wide.ad.jp/mawi/samplepoint-F/2007/200706181400.dump.gz,24179624,24016687,21126357,2383333
http://mawi.nezu.wide.ad.jp/mawi/samplepoint-F/2007/200706191400.dump.gz,24005079,23914304,20483705,2686091
http://mawi.nezu.wide.ad.jp/mawi/samplepoint-F/2007/200706201400.dump.gz,22791546,22691140,19676053,2359845
http://mawi.nezu.wide.ad.jp/mawi/samplepoint-F/2007/200706211400.dump.gz,29500434,29318619,26155790,2329144
http://mawi.nezu.wide.ad.jp/mawi/samplepoint-F/2007/200706221400.dump.gz,24708124,24583885,21100038,2768487
http://mawi.nezu.wide.ad.jp/mawi/samplepoint-F/2007/200706231400.dump.gz,14234851,14181820,10682001,2952572
http://mawi.nezu.wide.ad.jp/mawi/samplepoint-F/2007/200706241400.dump.gz,9791159,9743442,7394735,1878054
http://mawi.nezu.wide.ad.jp/mawi/samplepoint-F/2007/200706251400.dump.gz,24424198,24294910,19753415,2965222
http://mawi.nezu.wide.ad.jp/mawi/samplepoint-F/2007/200706261400.dump.gz,25293239,25214127,21953707,2387048
http://mawi.nezu.wide.ad.jp/mawi/samplepoint-F/2007/200706271400.dump.gz,26275094,26134642,23054337,2318336
http://mawi.nezu.wide.ad.jp/mawi/samplepoint-F/2007/200706281400.dump.gz,26019124,25867928,22630195,2472398
http://mawi.nezu.wide.ad.jp/mawi/samplepoint-F/2007/200706291400.dump.gz,25909126,25831671,22340623,2789805
http://mawi.nezu.wide.ad.jp/mawi/samplepoint-F/2007/200706301400.dump.gz,16010444,15946311,13362486,2114700
http://mawi.nezu.wide.ad.jp/mawi/samplepoint-F/2007/200707011400.dump.gz,14441131,14330677,11814527,1973856
http://mawi.nezu.wide.ad.jp/mawi/samplepoint-F/2007/200707021400.dump.gz,25189175,25026550,21768748,2409813
http://mawi.nezu.wide.ad.jp/mawi/samplepoint-F/2007/200707031400.dump.gz,30332584,30172858,26449554,2966549
http://mawi.nezu.wide.ad.jp/mawi/samplepoint-F/2007/200707041400.dump.gz,31615772,31518339,27317605,3576179
http://mawi.nezu.wide.ad.jp/mawi/samplepoint-F/2007/200707051400.dump.gz,30469548,30366977,26443626,3039651
http://mawi.nezu.wide.ad.jp/mawi/samplepoint-F/2007/200707061400.dump.gz,23771618,23695739,20491073,2466810
http://mawi.nezu.wide.ad.jp/mawi/samplepoint-F/2007/200707071400.dump.gz,19943146,19879936,16491632,2904759
http://mawi.nezu.wide.ad.jp/mawi/samplepoint-F/2007/200707081400.dump.gz,12694480,12544148,9774458,2381233
http://mawi.nezu.wide.ad.jp/mawi/samplepoint-F/2007/200707091400.dump.gz,27700823,27624827,23740086,3029267
http://mawi.nezu.wide.ad.jp/mawi/samplepoint-F/2007/200707101400.dump.gz,31673828,31581866,21511395,9260424
http://mawi.nezu.wide.ad.jp/mawi/samplepoint-F/2007/200707111400.dump.gz,35474545,35410483,27234068,7739343
http://mawi.nezu.wide.ad.jp/mawi/samplepoint-F/2007/200707121400.dump.gz,29178758,29114739,25680083,2831811
http://mawi.nezu.wide.ad.jp/mawi/samplepoint-F/2007/200707131400.dump.gz,24807843,24743972,21473206,2509822
http://mawi.nezu.wide.ad.jp/mawi/samplepoint-F/2007/200707141400.dump.gz,16557901,16498953,14261812,1846840
http://mawi.nezu.wide.ad.jp/mawi/samplepoint-F/2007/200707151400.dump.gz,13072668,13024360,10787125,1895070
http://mawi.nezu.wide.ad.jp/mawi/samplepoint-F/2007/200707161400.dump.gz,20785658,20668278,17459025,2604990
http://mawi.nezu.wide.ad.jp/mawi/samplepoint-F/2007/200707171400.dump.gz,24416240,24296368,21691816,2206282
http://mawi.nezu.wide.ad.jp/mawi/samplepoint-F/2007/200707181400.dump.gz,26317365,26244528,23238433,2626194
http://mawi.nezu.wide.ad.jp/mawi/samplepoint-F/2007/200707191400.dump.gz,27794274,27720553,24764672,2493253
http://mawi.nezu.wide.ad.jp/mawi/samplepoint-F/2007/200707201400.dump.gz,24128203,24024875,21242402,2435016
http://mawi.nezu.wide.ad.jp/mawi/samplepoint-F/2007/200707211400.dump.gz,20167635,20096668,17102522,2458450
http://mawi.nezu.wide.ad.jp/mawi/samplepoint-F/2007/200707221400.dump.gz,15134129,15068652,12490686,2061311
http://mawi.nezu.wide.ad.jp/mawi/samplepoint-F/2007/200707231400.dump.gz,21872537,21775469,18411659,2550964
http://mawi.nezu.wide.ad.jp/mawi/samplepoint-F/2007/200707241400.dump.gz,24489052,24284247,21185426,2412033
http://mawi.nezu.wide.ad.jp/mawi/samplepoint-F/2007/200707251400.dump.gz,23104957,23018278,20003764,2511732
http://mawi.nezu.wide.ad.jp/mawi/samplepoint-F/2007/200707261400.dump.gz,23276885,23203223,20600970,2249887
http://mawi.nezu.wide.ad.jp/mawi/samplepoint-F/2007/200707271400.dump.gz,32477063,32404623,21568483,10432815
http://mawi.nezu.wide.ad.jp/mawi/samplepoint-F/2007/200707281400.dump.gz,15100398,14981072,12844826,1761362
http://mawi.nezu.wide.ad.jp/mawi/samplepoint-F/2007/200707291400.dump.gz,14645053,14581225,12643230,1593603
http://mawi.nezu.wide.ad.jp/mawi/samplepoint-F/2007/200707301400.dump.gz,22524415,22427487,20189348,1801862
http://mawi.nezu.wide.ad.jp/mawi/samplepoint-F/2007/200707311400.dump.gz,23768970,23647308,20949343,2152248
http://mawi.nezu.wide.ad.jp/mawi/samplepoint-F/2007/200708011400.dump.gz,21991337,21822515,18829991,2455601
http://mawi.nezu.wide.ad.jp/mawi/samplepoint-F/2007/200708021400.dump.gz,23858314,23752349,20917886,2479448
http://mawi.nezu.wide.ad.jp/mawi/samplepoint-F/2007/200708031400.dump.gz,21162540,21080977,18388844,2225456
http://mawi.nezu.wide.ad.jp/mawi/samplepoint-F/2007/200708041400.dump.gz,23102634,22970055,20361269,2128344
http://mawi.nezu.wide.ad.jp/mawi/samplepoint-F/2007/200708051400.dump.gz,18642247,18579292,16190814,1983234
http://mawi.nezu.wide.ad.jp/mawi/samplepoint-F/2007/200708061400.dump.gz,22576108,22420553,19396297,2237886
http://mawi.nezu.wide.ad.jp/mawi/samplepoint-F/2007/200708071400.dump.gz,22418929,22294817,19286113,2456247
http://mawi.nezu.wide.ad.jp/mawi/samplepoint-F/2007/200708081400.dump.gz,22691185,22613619,19382487,2768427
http://mawi.nezu.wide.ad.jp/mawi/samplepoint-F/2007/200708091400.dump.gz,19186142,19101777,16131441,2374928
http://mawi.nezu.wide.ad.jp/mawi/samplepoint-F/2007/200708101400.dump.gz,19945414,19876315,16925088,2320806
http://mawi.nezu.wide.ad.jp/mawi/samplepoint-F/2007/200708111400.dump.gz,21561828,21492964,16248647,4687704
http://mawi.nezu.wide.ad.jp/mawi/samplepoint-F/2007/200708121400.dump.gz,16467735,16106813,12309569,3326891
http://mawi.nezu.wide.ad.jp/mawi/samplepoint-F/2007/200708131400.dump.gz,21221869,21160289,18052929,2641615
http://mawi.nezu.wide.ad.jp/mawi/samplepoint-F/2007/200708141400.dump.gz,23440664,23350129,18034345,4230109
http://mawi.nezu.wide.ad.jp/mawi/samplepoint-F/2007/200708151400.dump.gz,23580396,23400608,19618644,3323220
http://mawi.nezu.wide.ad.jp/mawi/samplepoint-F/2007/200708161400.dump.gz,25507239,25379723,22076803,2521746
http://mawi.nezu.wide.ad.jp/mawi/samplepoint-F/2007/200708171400.dump.gz,25414858,25325486,21160861,3552078
http://mawi.nezu.wide.ad.jp/mawi/samplepoint-F/2007/200708181400.dump.gz,21394286,21316693,17195438,3518143
http://mawi.nezu.wide.ad.jp/mawi/samplepoint-F/2007/200708191400.dump.gz,13384798,13307019,11075404,1882702
http://mawi.nezu.wide.ad.jp/mawi/samplepoint-F/2007/200708201400.dump.gz,28819249,28693679,24476880,3305126
http://mawi.nezu.wide.ad.jp/mawi/samplepoint-F/2007/200708211400.dump.gz,28321197,28239083,23742031,3481650
http://mawi.nezu.wide.ad.jp/mawi/samplepoint-F/2007/200708221400.dump.gz,27518478,27433738,23824519,2656970
http://mawi.nezu.wide.ad.jp/mawi/samplepoint-F/2007/200708231400.dump.gz,24475937,24260733,20604745,2457199
http://mawi.nezu.wide.ad.jp/mawi/samplepoint-F/2007/200708241400.dump.gz,24689382,24597870,21146182,2669441
http://mawi.nezu.wide.ad.jp/mawi/samplepoint-F/2007/200708251400.dump.gz,18361710,18248080,14687995,2059124
http://mawi.nezu.wide.ad.jp/mawi/samplepoint-F/2007/200708261400.dump.gz,16130424,16053912,13448251,1948255
http://mawi.nezu.wide.ad.jp/mawi/samplepoint-F/2007/200708271400.dump.gz,24434296,24304350,20770548,2554436
http://mawi.nezu.wide.ad.jp/mawi/samplepoint-F/2007/200708281400.dump.gz,26074727,25911227,21513792,3472531
http://mawi.nezu.wide.ad.jp/mawi/samplepoint-F/2007/200708291400.dump.gz,26807813,26613285,22049716,3742896
http://mawi.nezu.wide.ad.jp/mawi/samplepoint-F/2007/200708301400.dump.gz,23399605,23289375,20041400,2473044
http://mawi.nezu.wide.ad.jp/mawi/samplepoint-F/2007/200708311400.dump.gz,20528444,20440849,17269065,2330820
http://mawi.nezu.wide.ad.jp/mawi/samplepoint-F/2007/200709011400.dump.gz,19249661,19179222,15588925,2716754
http://mawi.nezu.wide.ad.jp/mawi/samplepoint-F/2007/200709021400.dump.gz,15535606,15459672,11829018,2824690
http://mawi.nezu.wide.ad.jp/mawi/samplepoint-F/2007/200709031400.dump.gz,23116120,23027561,19846195,2297352
http://mawi.nezu.wide.ad.jp/mawi/samplepoint-F/2007/200709041400.dump.gz,25079257,24938975,21142890,2921602
http://mawi.nezu.wide.ad.jp/mawi/samplepoint-F/2007/200709051400.dump.gz,25751083,25681038,22212598,2566510
http://mawi.nezu.wide.ad.jp/mawi/samplepoint-F/2007/200709061400.dump.gz,23280169,23155945,20253270,2260413
http://mawi.nezu.wide.ad.jp/mawi/samplepoint-F/2007/200709071400.dump.gz,25901883,25785243,21514759,3401338
http://mawi.nezu.wide.ad.jp/mawi/samplepoint-F/2007/200709081400.dump.gz,18049311,17930470,14737925,2334354
http://mawi.nezu.wide.ad.jp/mawi/samplepoint-F/2007/200709091400.dump.gz,15001689,14932815,11098985,3149202
http://mawi.nezu.wide.ad.jp/mawi/samplepoint-F/2007/200709101400.dump.gz,27844911,27669338,22761221,3930075
http://mawi.nezu.wide.ad.jp/mawi/samplepoint-F/2007/200709111400.dump.gz,29670026,29551626,20886640,7782527
http://mawi.nezu.wide.ad.jp/mawi/samplepoint-F/2007/200709121400.dump.gz,23943317,23725353,19910751,2865864
http://mawi.nezu.wide.ad.jp/mawi/samplepoint-F/2007/200709131400.dump.gz,24764552,24618985,21001985,2841344
http://mawi.nezu.wide.ad.jp/mawi/samplepoint-F/2007/200709141400.dump.gz,22647287,22382576,18250706,3431749
http://mawi.nezu.wide.ad.jp/mawi/samplepoint-F/2007/200709151400.dump.gz,19774355,19583975,14889541,3220549
http://mawi.nezu.wide.ad.jp/mawi/samplepoint-F/2007/200709161400.dump.gz,14703736,14616385,10556527,3259859
http://mawi.nezu.wide.ad.jp/mawi/samplepoint-F/2007/200709171400.dump.gz,21195010,21103051,17166513,3002037
http://mawi.nezu.wide.ad.jp/mawi/samplepoint-F/2007/200709181400.dump.gz,29817628,29608383,24966610,3740524
http://mawi.nezu.wide.ad.jp/mawi/samplepoint-F/2007/200709191400.dump.gz,25655505,25417686,20904939,3405098
http://mawi.nezu.wide.ad.jp/mawi/samplepoint-F/2007/200709201400.dump.gz,28229188,28144491,23317404,4093287
http://mawi.nezu.wide.ad.jp/mawi/samplepoint-F/2007/200709211400.dump.gz,25782989,25551527,20885130,3717904
http://mawi.nezu.wide.ad.jp/mawi/samplepoint-F/2007/200709221400.dump.gz,21530243,21371034,17264794,2914818
http://mawi.nezu.wide.ad.jp/mawi/samplepoint-F/2007/200709231400.dump.gz,17731598,17536280,14157082,2697381
http://mawi.nezu.wide.ad.jp/mawi/samplepoint-F/2007/200709241400.dump.gz,20317010,20099794,16882181,2515724
http://mawi.nezu.wide.ad.jp/mawi/samplepoint-F/2007/200709251400.dump.gz,30016677,29912417,26447496,2686947
http://mawi.nezu.wide.ad.jp/mawi/samplepoint-F/2007/200709261400.dump.gz,25815763,25708146,21268598,3656152
http://mawi.nezu.wide.ad.jp/mawi/samplepoint-F/2007/200709271400.dump.gz,26220025,26085488,21598804,3458898
http://mawi.nezu.wide.ad.jp/mawi/samplepoint-F/2007/200709281400.dump.gz,27506735,27405617,21896780,4934183
http://mawi.nezu.wide.ad.jp/mawi/samplepoint-F/2007/200709291400.dump.gz,20665008,20474131,16733922,2779420
http://mawi.nezu.wide.ad.jp/mawi/samplepoint-F/2007/200709301400.dump.gz,17205634,17092047,13573613,2912617
http://mawi.nezu.wide.ad.jp/mawi/samplepoint-F/2007/200710011400.dump.gz,29803571,29659012,24709682,4008674
http://mawi.nezu.wide.ad.jp/mawi/samplepoint-F/2007/200710021400.dump.gz,28604071,28451637,24100102,3407031
http://mawi.nezu.wide.ad.jp/mawi/samplepoint-F/2007/200710031400.dump.gz,26759219,26607159,23088924,2716854
http://mawi.nezu.wide.ad.jp/mawi/samplepoint-F/2007/200710041400.dump.gz,31153233,30922111,26166340,3893787
http://mawi.nezu.wide.ad.jp/mawi/samplepoint-F/2007/200710051400.dump.gz,30354749,30232553,25850975,3282274
http://mawi.nezu.wide.ad.jp/mawi/samplepoint-F/2007/200710061400.dump.gz,23827114,23695880,18991470,3944298
http://mawi.nezu.wide.ad.jp/mawi/samplepoint-F/2007/200710071400.dump.gz,15590853,15461057,12376187,2318214
http://mawi.nezu.wide.ad.jp/mawi/samplepoint-F/2007/200710081400.dump.gz,21676107,21574119,17763706,2761624
http://mawi.nezu.wide.ad.jp/mawi/samplepoint-F/2007/200710091400.dump.gz,29080688,28927906,24923423,3084679
http://mawi.nezu.wide.ad.jp/mawi/samplepoint-F/2007/200710101400.dump.gz,30949638,30530830,26109953,2988102
http://mawi.nezu.wide.ad.jp/mawi/samplepoint-F/2007/200710111400.dump.gz,31614181,31275565,27402753,2796395
http://mawi.nezu.wide.ad.jp/mawi/samplepoint-F/2007/200710121400.dump.gz,29297680,29188246,24503581,3757771
http://mawi.nezu.wide.ad.jp/mawi/samplepoint-F/2007/200710131400.dump.gz,20106850,19962246,16805510,2566396
http://mawi.nezu.wide.ad.jp/mawi/samplepoint-F/2007/200710141400.dump.gz,15703639,15594498,12977108,1943683
http://mawi.nezu.wide.ad.jp/mawi/samplepoint-F/2007/200710151400.dump.gz,28364159,28253626,25407750,2344369
http://mawi.nezu.wide.ad.jp/mawi/samplepoint-F/2007/200710161400.dump.gz,27785035,27509033,24160259,2863904
http://mawi.nezu.wide.ad.jp/mawi/samplepoint-F/2007/200710171400.dump.gz,29158049,28062424,24931798,2358304
http://mawi.nezu.wide.ad.jp/mawi/samplepoint-F/2007/200710181400.dump.gz,30668449,30466015,26870107,3277081
http://mawi.nezu.wide.ad.jp/mawi/samplepoint-F/2007/200710191400.dump.gz,29578693,29404481,26079209,2169587
http://mawi.nezu.wide.ad.jp/mawi/samplepoint-F/2007/200710201400.dump.gz,22739211,22468043,17904158,4001559
http://mawi.nezu.wide.ad.jp/mawi/samplepoint-F/2007/200710211400.dump.gz,18948993,18906739,14049613,4138671
http://mawi.nezu.wide.ad.jp/mawi/samplepoint-F/2007/200710221400.dump.gz,30527721,30054544,27062000,2429370
http://mawi.nezu.wide.ad.jp/mawi/samplepoint-F/2007/200710231400.dump.gz,30574227,30517675,26349893,3473182
http://mawi.nezu.wide.ad.jp/mawi/samplepoint-F/2007/200710241400.dump.gz,29203568,29158838,25369438,2481757
http://mawi.nezu.wide.ad.jp/mawi/samplepoint-F/2007/200710251400.dump.gz,33697273,33536043,30718225,2258222
http://mawi.nezu.wide.ad.jp/mawi/samplepoint-F/2007/200710261400.dump.gz,29616221,29567530,24558113,4590300
http://mawi.nezu.wide.ad.jp/mawi/samplepoint-F/2007/200710271400.dump.gz,16737433,16698234,14045054,2134613
http://mawi.nezu.wide.ad.jp/mawi/samplepoint-F/2007/200711011400.dump.gz,29531834,29413452,26202048,2514721
http://mawi.nezu.wide.ad.jp/mawi/samplepoint-F/2007/200711021400.dump.gz,25354338,25306610,22267988,2458688
http://mawi.nezu.wide.ad.jp/mawi/samplepoint-F/2007/200711031400.dump.gz,17559504,17428516,14318253,2317855
http://mawi.nezu.wide.ad.jp/mawi/samplepoint-F/2007/200711041400.dump.gz,16176551,16040299,11989722,3440184
http://mawi.nezu.wide.ad.jp/mawi/samplepoint-F/2007/200711051400.dump.gz,28900346,28844969,24141427,4038678
http://mawi.nezu.wide.ad.jp/mawi/samplepoint-F/2007/200711061400.dump.gz,28493994,28454169,25684973,2287220
http://mawi.nezu.wide.ad.jp/mawi/samplepoint-F/2007/200711071400.dump.gz,33146629,33023570,28613494,3794134
http://mawi.nezu.wide.ad.jp/mawi/samplepoint-F/2007/200711081400.dump.gz,29198970,29161154,24745280,3404727
http://mawi.nezu.wide.ad.jp/mawi/samplepoint-F/2007/200711091400.dump.gz,27198978,27158094,23631051,2396795
http://mawi.nezu.wide.ad.jp/mawi/samplepoint-F/2007/200711101400.dump.gz,22617072,22477581,16707960,4594658
http://mawi.nezu.wide.ad.jp/mawi/samplepoint-F/2007/200711111400.dump.gz,18661241,18613631,15261137,2518837
http://mawi.nezu.wide.ad.jp/mawi/samplepoint-F/2007/200711121400.dump.gz,29884325,29838134,25744078,2895035
http://mawi.nezu.wide.ad.jp/mawi/samplepoint-F/2007/200711131400.dump.gz,28745766,28695718,25014284,2571201
http://mawi.nezu.wide.ad.jp/mawi/samplepoint-F/2007/200711141400.dump.gz,28361117,28320813,24210796,3232874
http://mawi.nezu.wide.ad.jp/mawi/samplepoint-F/2007/200711151400.dump.gz,30883940,30731988,26313712,3942984
http://mawi.nezu.wide.ad.jp/mawi/samplepoint-F/2007/200711161400.dump.gz,23832238,23774862,20389583,2791635
http://mawi.nezu.wide.ad.jp/mawi/samplepoint-F/2007/200711171400.dump.gz,17705439,17549356,14820812,2284141
http://mawi.nezu.wide.ad.jp/mawi/samplepoint-F/2007/200711181400.dump.gz,13488877,13452755,10907981,2162512
http://mawi.nezu.wide.ad.jp/mawi/samplepoint-F/2007/200711191400.dump.gz,30713592,30606610,25712780,4216427
http://mawi.nezu.wide.ad.jp/mawi/samplepoint-F/2007/200711201400.dump.gz,26045888,25983954,22130299,3196467
http://mawi.nezu.wide.ad.jp/mawi/samplepoint-F/2007/200711211400.dump.gz,25582558,25539558,21853011,3080690
http://mawi.nezu.wide.ad.jp/mawi/samplepoint-F/2007/200711221400.dump.gz,26064822,26022571,21203247,4009916
http://mawi.nezu.wide.ad.jp/mawi/samplepoint-F/2007/200711231400.dump.gz,18647627,18611040,14725642,2943709
http://mawi.nezu.wide.ad.jp/mawi/samplepoint-F/2007/200711241400.dump.gz,18576982,18529047,14837302,3073374
http://mawi.nezu.wide.ad.jp/mawi/samplepoint-F/2007/200711251400.dump.gz,16975085,16943496,12854600,3565260
http://mawi.nezu.wide.ad.jp/mawi/samplepoint-F/2007/200711261400.dump.gz,24087050,24054793,20281967,3048909
http://mawi.nezu.wide.ad.jp/mawi/samplepoint-F/2007/200711271400.dump.gz,27458728,27168074,23808014,2637379
http://mawi.nezu.wide.ad.jp/mawi/samplepoint-F/2007/200711281400.dump.gz,30285155,29970464,26614870,2712030
http://mawi.nezu.wide.ad.jp/mawi/samplepoint-F/2007/200711291400.dump.gz,33321912,32867136,29621256,2781062
http://mawi.nezu.wide.ad.jp/mawi/samplepoint-F/2007/200711301400.dump.gz,23887076,23505394,20105670,2718019
http://mawi.nezu.wide.ad.jp/mawi/samplepoint-F/2007/200712011400.dump.gz,21366822,20948013,16874459,3386705
http://mawi.nezu.wide.ad.jp/mawi/samplepoint-F/2007/200712021400.dump.gz,13226030,13181787,10643668,2067569
http://mawi.nezu.wide.ad.jp/mawi/samplepoint-F/2007/200712031400.dump.gz,26137819,25908231,21758129,3518387
http://mawi.nezu.wide.ad.jp/mawi/samplepoint-F/2007/200712041400.dump.gz,27256860,26995233,22880439,3276588
http://mawi.nezu.wide.ad.jp/mawi/samplepoint-F/2007/200712051400.dump.gz,25318665,25129119,20693655,3959138
http://mawi.nezu.wide.ad.jp/mawi/samplepoint-F/2007/200712061400.dump.gz,29603845,29430259,23911871,5069893
http://mawi.nezu.wide.ad.jp/mawi/samplepoint-F/2007/200712071400.dump.gz,23665254,23474612,20592560,2420240
http://mawi.nezu.wide.ad.jp/mawi/samplepoint-F/2007/200712081400.dump.gz,20897790,20755755,17685831,2284405
http://mawi.nezu.wide.ad.jp/mawi/samplepoint-F/2007/200712091400.dump.gz,16922513,16892848,13897747,2337492
http://mawi.nezu.wide.ad.jp/mawi/samplepoint-F/2007/200712101400.dump.gz,27659679,27504568,23054918,3462929
http://mawi.nezu.wide.ad.jp/mawi/samplepoint-F/2007/200712111400.dump.gz,29539976,29231582,25274799,3048076
http://mawi.nezu.wide.ad.jp/mawi/samplepoint-F/2007/200712121400.dump.gz,26430776,26395360,22334660,3237536
http://mawi.nezu.wide.ad.jp/mawi/samplepoint-F/2007/200712131400.dump.gz,26632729,26588832,22703038,2993950
http://mawi.nezu.wide.ad.jp/mawi/samplepoint-F/2007/200712141400.dump.gz,23454110,23414569,19713868,2891480
http://mawi.nezu.wide.ad.jp/mawi/samplepoint-F/2007/200712151400.dump.gz,18469883,18436246,14405133,2975848
http://mawi.nezu.wide.ad.jp/mawi/samplepoint-F/2007/200712161400.dump.gz,17760312,17733759,13429071,3448733
http://mawi.nezu.wide.ad.jp/mawi/samplepoint-F/2007/200712171400.dump.gz,26237307,26176157,21519264,3566584
http://mawi.nezu.wide.ad.jp/mawi/samplepoint-F/2007/200712181400.dump.gz,19020099,18979867,14239218,3529851
http://mawi.nezu.wide.ad.jp/mawi/samplepoint-F/2007/200712191400.dump.gz,18181216,18140691,13928956,3159453
http://mawi.nezu.wide.ad.jp/mawi/samplepoint-F/2007/200712201400.dump.gz,21334875,21309152,16932059,3576051
http://mawi.nezu.wide.ad.jp/mawi/samplepoint-F/2007/200712211400.dump.gz,18836817,18794625,14251210,3640121
http://mawi.nezu.wide.ad.jp/mawi/samplepoint-F/2007/200712221400.dump.gz,15509536,15480851,11935393,2804673
http://mawi.nezu.wide.ad.jp/mawi/samplepoint-F/2007/200712231400.dump.gz,11991488,11973528,8067007,3090573
http://mawi.nezu.wide.ad.jp/mawi/samplepoint-F/2007/200712241400.dump.gz,12802476,12774878,9383466,2763326
http://mawi.nezu.wide.ad.jp/mawi/samplepoint-F/2007/200712251400.dump.gz,19756574,19737056,15174024,3865090
http://mawi.nezu.wide.ad.jp/mawi/samplepoint-F/2007/200712261400.dump.gz,17759961,17739755,11236218,5640561
http://mawi.nezu.wide.ad.jp/mawi/samplepoint-F/2007/200712271400.dump.gz,16050778,16027618,10762756,4429419
http://mawi.nezu.wide.ad.jp/mawi/samplepoint-F/2007/200712281400.dump.gz,12595276,12574114,9582143,2382078
http://mawi.nezu.wide.ad.jp/mawi/samplepoint-F/2007/200712291400.dump.gz,13440027,13418303,8706264,4162261
http://mawi.nezu.wide.ad.jp/mawi/samplepoint-F/2007/200712301400.dump.gz,12247129,12223688,9783411,1922433
