url,total,ip,tcp,udp
http://mawi.nezu.wide.ad.jp/mawi/samplepoint-A/2000/200001011359.dump.gz,2095192,2095156,911497,239449
http://mawi.nezu.wide.ad.jp/mawi/samplepoint-A/2000/200001021359.dump.gz,2095224,2095188,989638,288591
http://mawi.nezu.wide.ad.jp/mawi/samplepoint-A/2000/200001031359.dump.gz,2095433,2095413,1679225,294608
http://mawi.nezu.wide.ad.jp/mawi/samplepoint-A/2000/200001041359.dump.gz,2095706,2095686,1772967,212388
http://mawi.nezu.wide.ad.jp/mawi/samplepoint-A/2000/200001051359.dump.gz,2095416,2095390,1755106,250813
http://mawi.nezu.wide.ad.jp/mawi/samplepoint-A/2000/200001061359.dump.gz,2095619,2095595,1826424,203356
http://mawi.nezu.wide.ad.jp/mawi/samplepoint-A/2000/200001071359.dump.gz,2095726,2095708,1794462,247922
http://mawi.nezu.wide.ad.jp/mawi/samplepoint-A/2000/200001081359.dump.gz,2095614,2095573,1676207,165333
http://mawi.nezu.wide.ad.jp/mawi/samplepoint-A/2000/200001091359.dump.gz,2095120,2095086,1835062,188848
http://mawi.nezu.wide.ad.jp/mawi/samplepoint-A/2000/200001101359.dump.gz,2095285,2095251,1699085,234347
http://mawi.nezu.wide.ad.jp/mawi/samplepoint-A/2000/200001111359.dump.gz,2095604,2095584,1704342,352572
http://mawi.nezu.wide.ad.jp/mawi/samplepoint-A/2000/200001121359.dump.gz,2095544,2095522,1760047,255896
http://mawi.nezu.wide.ad.jp/mawi/samplepoint-A/2000/200001131359.dump.gz,2095526,2095504,1760444,283967
http://mawi.nezu.wide.ad.jp/mawi/samplepoint-A/2000/200001141359.dump.gz,2095860,2095844,1614079,331640
http://mawi.nezu.wide.ad.jp/mawi/samplepoint-A/2000/200001151359.dump.gz,2095671,2095643,1816515,230955
http://mawi.nezu.wide.ad.jp/mawi/samplepoint-A/2000/200001161359.dump.gz,2095398,2095380,1793786,254003
http://mawi.nezu.wide.ad.jp/mawi/samplepoint-A/2000/200001171359.dump.gz,2095717,2095707,1788598,252360
http://mawi.nezu.wide.ad.jp/mawi/samplepoint-A/2000/200001181359.dump.gz,2096041,2096023,1810848,232267
http://mawi.nezu.wide.ad.jp/mawi/samplepoint-A/2000/200001191359.dump.gz,2096009,2095997,1795524,270300
http://mawi.nezu.wide.ad.jp/mawi/samplepoint-A/2000/200001201359.dump.gz,2095721,2095709,1762468,296101
http://mawi.nezu.wide.ad.jp/mawi/samplepoint-A/2000/200001211359.dump.gz,2095992,2095982,1811402,252713
http://mawi.nezu.wide.ad.jp/mawi/samplepoint-A/2000/200001221359.dump.gz,2095609,2095599,1786005,155580
http://mawi.nezu.wide.ad.jp/mawi/samplepoint-A/2000/200001231359.dump.gz,2095260,2095240,1833071,212039
http://mawi.nezu.wide.ad.jp/mawi/samplepoint-A/2000/200001241359.dump.gz,2096099,2096089,1867802,199650
http://mawi.nezu.wide.ad.jp/mawi/samplepoint-A/2000/200001251359.dump.gz,2095892,2095882,1706965,220295
http://mawi.nezu.wide.ad.jp/mawi/samplepoint-A/2000/200001261359.dump.gz,2096048,2096028,1802669,186615
http://mawi.nezu.wide.ad.jp/mawi/samplepoint-A/2000/200001271359.dump.gz,2096274,2096270,1635213,255797
http://mawi.nezu.wide.ad.jp/mawi/samplepoint-A/2000/200001281359.dump.gz,2096268,2096252,1892883,170406
http://mawi.nezu.wide.ad.jp/mawi/samplepoint-A/2000/200001291359.dump.gz,2096312,2096304,1677687,250658
http://mawi.nezu.wide.ad.jp/mawi/samplepoint-A/2000/200001301359.dump.gz,2095459,2095447,1580155,389808
http://mawi.nezu.wide.ad.jp/mawi/samplepoint-A/2000/200001311359.dump.gz,2096315,2096305,1777355,259723
http://mawi.nezu.wide.ad.jp/mawi/samplepoint-A/2000/200002011359.dump.gz,2096461,2096455,1816351,228320
http://mawi.nezu.wide.ad.jp/mawi/samplepoint-A/2000/200002021359.dump.gz,2096155,2096138,1758838,305764
http://mawi.nezu.wide.ad.jp/mawi/samplepoint-A/2000/200002031359.dump.gz,2096346,2096342,1798032,256057
http://mawi.nezu.wide.ad.jp/mawi/samplepoint-A/2000/200002041359.dump.gz,2096307,2096297,1813492,251451
http://mawi.nezu.wide.ad.jp/mawi/samplepoint-A/2000/200002051359.dump.gz,2096284,2096278,1313012,473183
http://mawi.nezu.wide.ad.jp/mawi/samplepoint-A/2000/200002061359.dump.gz,2096018,2096010,1723142,336065
http://mawi.nezu.wide.ad.jp/mawi/samplepoint-A/2000/200002071359.dump.gz,2096220,2096212,1448864,406443
http://mawi.nezu.wide.ad.jp/mawi/samplepoint-A/2000/200002081359.dump.gz,2096273,2096267,1714827,288765
http://mawi.nezu.wide.ad.jp/mawi/samplepoint-A/2000/200002091359.dump.gz,2096388,2096378,1354297,719277
http://mawi.nezu.wide.ad.jp/mawi/samplepoint-A/2000/200002101359.dump.gz,2096140,2096132,1697849,324169
http://mawi.nezu.wide.ad.jp/mawi/samplepoint-A/2000/200002111359.dump.gz,2095911,2095901,1831440,199356
http://mawi.nezu.wide.ad.jp/mawi/samplepoint-A/2000/200002121359.dump.gz,2095754,2095736,1768533,264967
http://mawi.nezu.wide.ad.jp/mawi/samplepoint-A/2000/200002131359.dump.gz,2095129,2095101,1675045,350196
http://mawi.nezu.wide.ad.jp/mawi/samplepoint-A/2000/200002141359.dump.gz,2096553,2096549,1422969,637570
http://mawi.nezu.wide.ad.jp/mawi/samplepoint-A/2000/200002151359.dump.gz,2096385,2096381,1502177,529945
http://mawi.nezu.wide.ad.jp/mawi/samplepoint-A/2000/200002161359.dump.gz,2089565,2089233,1033571,885307
http://mawi.nezu.wide.ad.jp/mawi/samplepoint-A/2000/200002171359.dump.gz,2096312,2096306,1403524,645986
http://mawi.nezu.wide.ad.jp/mawi/samplepoint-A/2000/200002181359.dump.gz,2096400,2096394,1413747,601193
http://mawi.nezu.wide.ad.jp/mawi/samplepoint-A/2000/200002191359.dump.gz,2096363,2096355,1323152,740300
http://mawi.nezu.wide.ad.jp/mawi/samplepoint-A/2000/200002201359.dump.gz,2095798,2095788,1119861,924942
http://mawi.nezu.wide.ad.jp/mawi/samplepoint-A/2000/200002211359.dump.gz,2096391,2096385,1538194,511048
http://mawi.nezu.wide.ad.jp/mawi/samplepoint-A/2000/200002221359.dump.gz,2096257,2096249,1454518,531917
http://mawi.nezu.wide.ad.jp/mawi/samplepoint-A/2000/200002231359.dump.gz,2096252,2096246,1444808,602456
http://mawi.nezu.wide.ad.jp/mawi/samplepoint-A/2000/200002241359.dump.gz,2096399,2096391,1437572,623578
http://mawi.nezu.wide.ad.jp/mawi/samplepoint-A/2000/200002251359.dump.gz,2096242,2096236,1444714,597394
http://mawi.nezu.wide.ad.jp/mawi/samplepoint-A/2000/200002261359.dump.gz,2095593,2095585,1670867,373032
http://mawi.nezu.wide.ad.jp/mawi/samplepoint-A/2000/200002271359.dump.gz,2095128,2095112,1535724,515340
http://mawi.nezu.wide.ad.jp/mawi/samplepoint-A/2000/200002281359.dump.gz,2096510,2096508,1869125,202029
http://mawi.nezu.wide.ad.jp/mawi/samplepoint-A/2000/200002291359.dump.gz,2096470,2096464,1303440,157143
http://mawi.nezu.wide.ad.jp/mawi/samplepoint-A/2000/200003011359.dump.gz,2095952,2095946,1820878,182933
http://mawi.nezu.wide.ad.jp/mawi/samplepoint-A/2000/200003021359.dump.gz,2096330,2096322,907409,636056
http://mawi.nezu.wide.ad.jp/mawi/samplepoint-A/2000/200003031359.dump.gz,2096332,2096326,1924616,144535
http://mawi.nezu.wide.ad.jp/mawi/samplepoint-A/2000/200003041359.dump.gz,2096784,2096782,344230,602105
http://mawi.nezu.wide.ad.jp/mawi/samplepoint-A/2000/200003051359.dump.gz,2096208,2096198,1533342,529458
http://mawi.nezu.wide.ad.jp/mawi/samplepoint-A/2000/200003061359.dump.gz,2096290,2096282,1380019,165844
http://mawi.nezu.wide.ad.jp/mawi/samplepoint-A/2000/200003071359.dump.gz,2095923,2095917,1795983,253819
http://mawi.nezu.wide.ad.jp/mawi/samplepoint-A/2000/200003081359.dump.gz,2096168,2096160,1751696,276744
http://mawi.nezu.wide.ad.jp/mawi/samplepoint-A/2000/200003091359.dump.gz,2096385,2096381,1459524,278342
http://mawi.nezu.wide.ad.jp/mawi/samplepoint-A/2000/200003101359.dump.gz,2096149,2096141,1839624,211468
http://mawi.nezu.wide.ad.jp/mawi/samplepoint-A/2000/200003111359.dump.gz,2095885,2095875,1777869,266573
http://mawi.nezu.wide.ad.jp/mawi/samplepoint-A/2000/200003121359.dump.gz,2094800,2094774,1657469,373081
http://mawi.nezu.wide.ad.jp/mawi/samplepoint-A/2000/200003131359.dump.gz,2096049,2096041,1815235,201809
http://mawi.nezu.wide.ad.jp/mawi/samplepoint-A/2000/200003141359.dump.gz,2096266,2096258,1220948,812920
http://mawi.nezu.wide.ad.jp/mawi/samplepoint-A/2000/200003151359.dump.gz,2096054,2096040,1763370,267458
http://mawi.nezu.wide.ad.jp/mawi/samplepoint-A/2000/200003161359.dump.gz,2095760,2095748,1747027,298685
http://mawi.nezu.wide.ad.jp/mawi/samplepoint-A/2000/200003171359.dump.gz,2096101,2096091,1752751,301375
http://mawi.nezu.wide.ad.jp/mawi/samplepoint-A/2000/200003181359.dump.gz,2096959,2096959,1847634,93204
http://mawi.nezu.wide.ad.jp/mawi/samplepoint-A/2000/200003191359.dump.gz,2096309,2096301,1907855,132043
http://mawi.nezu.wide.ad.jp/mawi/samplepoint-A/2000/200003201359.dump.gz,2096301,2096295,1798467,170586
http://mawi.nezu.wide.ad.jp/mawi/samplepoint-A/2000/200003211359.dump.gz,2096058,2096046,1461559,537236
http://mawi.nezu.wide.ad.jp/mawi/samplepoint-A/2000/200003221359.dump.gz,2096066,2096058,1677196,336051
http://mawi.nezu.wide.ad.jp/mawi/samplepoint-A/2000/200003231359.dump.gz,2096117,2096107,1652361,250430
http://mawi.nezu.wide.ad.jp/mawi/samplepoint-A/2000/200003241359.dump.gz,2096001,2095993,1355225,412091
http://mawi.nezu.wide.ad.jp/mawi/samplepoint-A/2000/200003251359.dump.gz,2095745,2095719,1570511,316552
http://mawi.nezu.wide.ad.jp/mawi/samplepoint-A/2000/200003261359.dump.gz,2094818,2094782,1713706,284924
http://mawi.nezu.wide.ad.jp/mawi/samplepoint-A/2000/200003271359.dump.gz,2095999,2095977,1596902,243880
http://mawi.nezu.wide.ad.jp/mawi/samplepoint-A/2000/200003281359.dump.gz,2095865,2095845,1614717,332736
http://mawi.nezu.wide.ad.jp/mawi/samplepoint-A/2000/200003291359.dump.gz,2095934,2095912,1727441,322145
http://mawi.nezu.wide.ad.jp/mawi/samplepoint-A/2000/200003301359.dump.gz,2095708,2095688,1783093,236185
http://mawi.nezu.wide.ad.jp/mawi/samplepoint-A/2000/200003311359.dump.gz,2095816,2095794,1711653,319511
http://mawi.nezu.wide.ad.jp/mawi/samplepoint-A/2000/200004011359.dump.gz,2095751,2095733,1537307,490417
http://mawi.nezu.wide.ad.jp/mawi/samplepoint-A/2000/200004021359.dump.gz,2095272,2095250,1764791,286842
http://mawi.nezu.wide.ad.jp/mawi/samplepoint-A/2000/200004031359.dump.gz,2095479,2095461,1706575,340273
http://mawi.nezu.wide.ad.jp/mawi/samplepoint-A/2000/200004041359.dump.gz,2095930,2095914,1753745,300360
http://mawi.nezu.wide.ad.jp/mawi/samplepoint-A/2000/200004051359.dump.gz,2096430,2096416,1891503,176968
http://mawi.nezu.wide.ad.jp/mawi/samplepoint-A/2000/200004061359.dump.gz,2095942,2095920,1814399,240115
http://mawi.nezu.wide.ad.jp/mawi/samplepoint-A/2000/200004071359.dump.gz,2095927,2095909,1887037,184534
http://mawi.nezu.wide.ad.jp/mawi/samplepoint-A/2000/200004081359.dump.gz,2095553,2095533,1710123,283171
http://mawi.nezu.wide.ad.jp/mawi/samplepoint-A/2000/200004091359.dump.gz,2094541,2094509,1613762,321725
http://mawi.nezu.wide.ad.jp/mawi/samplepoint-A/2000/200004101359.dump.gz,2095968,2095950,1734661,306625
http://mawi.nezu.wide.ad.jp/mawi/samplepoint-A/2000/200004111359.dump.gz,2095855,2095831,1718740,321009
http://mawi.nezu.wide.ad.jp/mawi/samplepoint-A/2000/200004121359.dump.gz,2095818,2095802,1701464,310341
http://mawi.nezu.wide.ad.jp/mawi/samplepoint-A/2000/200004131359.dump.gz,2095991,2095975,1904202,165440
http://mawi.nezu.wide.ad.jp/mawi/samplepoint-A/2000/200004141359.dump.gz,2095976,2095956,1769615,275146
http://mawi.nezu.wide.ad.jp/mawi/samplepoint-A/2000/200004151359.dump.gz,2095422,2095398,1769703,280832
http://mawi.nezu.wide.ad.jp/mawi/samplepoint-A/2000/200004161359.dump.gz,2094957,2094931,1513166,500974
http://mawi.nezu.wide.ad.jp/mawi/samplepoint-A/2000/200004171359.dump.gz,2096180,2096168,1832577,218459
http://mawi.nezu.wide.ad.jp/mawi/samplepoint-A/2000/200004181359.dump.gz,2096361,2096351,1825699,237529
http://mawi.nezu.wide.ad.jp/mawi/samplepoint-A/2000/200004191359.dump.gz,2096235,2096217,1886820,170726
http://mawi.nezu.wide.ad.jp/mawi/samplepoint-A/2000/200004201359.dump.gz,2096242,2096228,1863519,196653
http://mawi.nezu.wide.ad.jp/mawi/samplepoint-A/2000/200004211359.dump.gz,2095755,2095733,1877080,163477
http://mawi.nezu.wide.ad.jp/mawi/samplepoint-A/2000/200004221359.dump.gz,2095711,2095691,1828882,217408
http://mawi.nezu.wide.ad.jp/mawi/samplepoint-A/2000/200004231359.dump.gz,2094332,2094292,1654002,389450
http://mawi.nezu.wide.ad.jp/mawi/samplepoint-A/2000/200004241359.dump.gz,2096099,2096083,1806539,248771
http://mawi.nezu.wide.ad.jp/mawi/samplepoint-A/2000/200004251359.dump.gz,2096010,2095992,1861506,205035
http://mawi.nezu.wide.ad.jp/mawi/samplepoint-A/2000/200004261359.dump.gz,2095919,2095901,1837908,219645
http://mawi.nezu.wide.ad.jp/mawi/samplepoint-A/2000/200004271359.dump.gz,2096100,2096084,1918766,156525
http://mawi.nezu.wide.ad.jp/mawi/samplepoint-A/2000/200004281359.dump.gz,2096812,2096802,2025511,62185
http://mawi.nezu.wide.ad.jp/mawi/samplepoint-A/2000/200004291359.dump.gz,2095537,2095507,1597741,430932
http://mawi.nezu.wide.ad.jp/mawi/samplepoint-A/2000/200004301359.dump.gz,2095157,2095113,1681659,333760
http://mawi.nezu.wide.ad.jp/mawi/samplepoint-A/2000/200005011359.dump.gz,2096278,2096268,1844196,214737
http://mawi.nezu.wide.ad.jp/mawi/samplepoint-A/2000/200005021359.dump.gz,2095725,2095692,1783170,263665
http://mawi.nezu.wide.ad.jp/mawi/samplepoint-A/2000/200005031359.dump.gz,2095238,2095206,1684765,345168
http://mawi.nezu.wide.ad.jp/mawi/samplepoint-A/2000/200005041359.dump.gz,2095466,2095438,1536705,469178
http://mawi.nezu.wide.ad.jp/mawi/samplepoint-A/2000/200005051359.dump.gz,2095028,2094990,1640017,401275
http://mawi.nezu.wide.ad.jp/mawi/samplepoint-A/2000/200005061359.dump.gz,2095945,2095925,1839937,211170
http://mawi.nezu.wide.ad.jp/mawi/samplepoint-A/2000/200005071359.dump.gz,2094799,2094769,1673911,378677
http://mawi.nezu.wide.ad.jp/mawi/samplepoint-A/2000/200005081359.dump.gz,2095895,2095879,1770799,290163
http://mawi.nezu.wide.ad.jp/mawi/samplepoint-A/2000/200005091359.dump.gz,2096499,2096489,1033731,1040845
http://mawi.nezu.wide.ad.jp/mawi/samplepoint-A/2000/200005101359.dump.gz,2096575,2096567,1116311,939339
http://mawi.nezu.wide.ad.jp/mawi/samplepoint-A/2000/200005111359.dump.gz,2096830,2096822,718560,1364397
http://mawi.nezu.wide.ad.jp/mawi/samplepoint-A/2000/200005121359.dump.gz,2096467,2096455,1137976,926532
http://mawi.nezu.wide.ad.jp/mawi/samplepoint-A/2000/200005131359.dump.gz,2096434,2096430,748425,1331291
http://mawi.nezu.wide.ad.jp/mawi/samplepoint-A/2000/200005141359.dump.gz,2096401,2096395,651088,1423912
http://mawi.nezu.wide.ad.jp/mawi/samplepoint-A/2000/200005151359.dump.gz,2096521,2096515,1068656,1002525
http://mawi.nezu.wide.ad.jp/mawi/samplepoint-A/2000/200005161359.dump.gz,2095791,2095775,1875948,190421
http://mawi.nezu.wide.ad.jp/mawi/samplepoint-A/2000/200005171359.dump.gz,2095808,2095792,1847326,218437
http://mawi.nezu.wide.ad.jp/mawi/samplepoint-A/2000/200005181359.dump.gz,2096070,2096058,1906651,167911
http://mawi.nezu.wide.ad.jp/mawi/samplepoint-A/2000/200005191359.dump.gz,2096094,2096078,1866739,189696
http://mawi.nezu.wide.ad.jp/mawi/samplepoint-A/2000/200005201359.dump.gz,2095566,2095540,1856197,214526
http://mawi.nezu.wide.ad.jp/mawi/samplepoint-A/2000/200005211359.dump.gz,2095497,2095473,1876131,182479
http://mawi.nezu.wide.ad.jp/mawi/samplepoint-A/2000/200005221359.dump.gz,2095948,2095932,1846990,219569
http://mawi.nezu.wide.ad.jp/mawi/samplepoint-A/2000/200005231359.dump.gz,2096026,2096008,1851641,220809
http://mawi.nezu.wide.ad.jp/mawi/samplepoint-A/2000/200005241359.dump.gz,2096178,2096164,1886467,190084
http://mawi.nezu.wide.ad.jp/mawi/samplepoint-A/2000/200005251359.dump.gz,2096034,2096020,1826980,228700
http://mawi.nezu.wide.ad.jp/mawi/samplepoint-A/2000/200005261359.dump.gz,2095979,2095963,1835081,235838
http://mawi.nezu.wide.ad.jp/mawi/samplepoint-A/2000/200005271359.dump.gz,2095852,2095836,1681368,187863
http://mawi.nezu.wide.ad.jp/mawi/samplepoint-A/2000/200005281359.dump.gz,2094554,2094520,1781988,270923
http://mawi.nezu.wide.ad.jp/mawi/samplepoint-A/2000/200005291359.dump.gz,2095899,2095879,1818632,249833
http://mawi.nezu.wide.ad.jp/mawi/samplepoint-A/2000/200005301359.dump.gz,2096004,2095990,1852702,219707
http://mawi.nezu.wide.ad.jp/mawi/samplepoint-A/2000/200005311359.dump.gz,2096874,2096872,2042311,47647
http://mawi.nezu.wide.ad.jp/mawi/samplepoint-A/2000/200006011359.dump.gz,2096037,2096021,1894067,180426
http://mawi.nezu.wide.ad.jp/mawi/samplepoint-A/2000/200006021359.dump.gz,2096361,2096357,1520947,552293
http://mawi.nezu.wide.ad.jp/mawi/samplepoint-A/2000/200006031359.dump.gz,2095952,2095938,1785892,282502
http://mawi.nezu.wide.ad.jp/mawi/samplepoint-A/2000/200006041359.dump.gz,2096143,2096133,762120,1312492
http://mawi.nezu.wide.ad.jp/mawi/samplepoint-A/2000/200006061359.dump.gz,2096520,2096516,1028188,1051067
http://mawi.nezu.wide.ad.jp/mawi/samplepoint-A/2000/200006071359.dump.gz,2096386,2096380,1375912,699342
http://mawi.nezu.wide.ad.jp/mawi/samplepoint-A/2000/200006081359.dump.gz,2096546,2096542,1408588,673257
http://mawi.nezu.wide.ad.jp/mawi/samplepoint-A/2000/200006091359.dump.gz,2096561,2096551,1161994,918193
http://mawi.nezu.wide.ad.jp/mawi/samplepoint-A/2000/200006101359.dump.gz,2096502,2096496,949125,1126547
http://mawi.nezu.wide.ad.jp/mawi/samplepoint-A/2000/200006111359.dump.gz,2095916,2095902,820904,1242078
http://mawi.nezu.wide.ad.jp/mawi/samplepoint-A/2000/200006121359.dump.gz,2096478,2096468,1240617,837662
http://mawi.nezu.wide.ad.jp/mawi/samplepoint-A/2000/200006131359.dump.gz,2096521,2096505,1183524,886938
http://mawi.nezu.wide.ad.jp/mawi/samplepoint-A/2000/200006141359.dump.gz,2096639,2096631,1186864,895765
http://mawi.nezu.wide.ad.jp/mawi/samplepoint-A/2000/200006151359.dump.gz,2096466,2096458,1289334,788270
http://mawi.nezu.wide.ad.jp/mawi/samplepoint-A/2000/200006161359.dump.gz,2096571,2096563,1228945,852176
http://mawi.nezu.wide.ad.jp/mawi/samplepoint-A/2000/200006171359.dump.gz,2096372,2096366,929470,824670
http://mawi.nezu.wide.ad.jp/mawi/samplepoint-A/2000/200006181359.dump.gz,2096143,2096135,878383,1200377
http://mawi.nezu.wide.ad.jp/mawi/samplepoint-A/2000/200006191359.dump.gz,2096239,2096231,1877455,191725
http://mawi.nezu.wide.ad.jp/mawi/samplepoint-A/2000/200006201359.dump.gz,2096257,2096249,1886264,184725
http://mawi.nezu.wide.ad.jp/mawi/samplepoint-A/2000/200006211359.dump.gz,2095962,2095954,1848063,216047
http://mawi.nezu.wide.ad.jp/mawi/samplepoint-A/2000/200006221359.dump.gz,2096377,2096371,1904730,158805
http://mawi.nezu.wide.ad.jp/mawi/samplepoint-A/2000/200006231359.dump.gz,2096329,2096321,1832644,233817
http://mawi.nezu.wide.ad.jp/mawi/samplepoint-A/2000/200006241359.dump.gz,2096222,2096208,1914138,161384
http://mawi.nezu.wide.ad.jp/mawi/samplepoint-A/2000/200006251359.dump.gz,2095655,2095637,1908734,153421
http://mawi.nezu.wide.ad.jp/mawi/samplepoint-A/2000/200006261359.dump.gz,2096217,2096209,1902086,166753
http://mawi.nezu.wide.ad.jp/mawi/samplepoint-A/2000/200006271359.dump.gz,2096622,2096616,1991314,89823
http://mawi.nezu.wide.ad.jp/mawi/samplepoint-A/2000/200006281359.dump.gz,2096256,2096248,1882874,177071
http://mawi.nezu.wide.ad.jp/mawi/samplepoint-A/2000/200006291359.dump.gz,2096417,2096409,1936240,138342
http://mawi.nezu.wide.ad.jp/mawi/samplepoint-A/2000/200006301359.dump.gz,2095990,2095976,1796768,253538
http://mawi.nezu.wide.ad.jp/mawi/samplepoint-A/2000/200007011359.dump.gz,2095646,2095597,1835853,225196
http://mawi.nezu.wide.ad.jp/mawi/samplepoint-A/2000/200007021359.dump.gz,2088700,2086169,1550310,470415
http://mawi.nezu.wide.ad.jp/mawi/samplepoint-A/2000/200007031359.dump.gz,2096474,2096464,1714120,352663
http://mawi.nezu.wide.ad.jp/mawi/samplepoint-A/2000/200007041359.dump.gz,2096436,2096424,1863030,208469
http://mawi.nezu.wide.ad.jp/mawi/samplepoint-A/2000/200007051359.dump.gz,2096671,2096663,1967728,112814
http://mawi.nezu.wide.ad.jp/mawi/samplepoint-A/2000/200007061359.dump.gz,2096451,2096437,1835056,228405
http://mawi.nezu.wide.ad.jp/mawi/samplepoint-A/2000/200007071359.dump.gz,2096581,2096571,1938994,130474
http://mawi.nezu.wide.ad.jp/mawi/samplepoint-A/2000/200007081359.dump.gz,2096550,2096538,1916913,154730
http://mawi.nezu.wide.ad.jp/mawi/samplepoint-A/2000/200007091359.dump.gz,2096523,2096515,1894752,107992
http://mawi.nezu.wide.ad.jp/mawi/samplepoint-A/2000/200007101359.dump.gz,2096705,2096695,1943654,133931
http://mawi.nezu.wide.ad.jp/mawi/samplepoint-A/2000/200007111359.dump.gz,2096649,2096641,1932647,140663
http://mawi.nezu.wide.ad.jp/mawi/samplepoint-A/2000/200007121359.dump.gz,2096527,2096521,1876385,185357
http://mawi.nezu.wide.ad.jp/mawi/samplepoint-A/2000/200007131359.dump.gz,2096427,2096417,1839538,218442
http://mawi.nezu.wide.ad.jp/mawi/samplepoint-A/2000/200007141359.dump.gz,2092731,2092655,1370023,671409
http://mawi.nezu.wide.ad.jp/mawi/samplepoint-A/2000/200007151359.dump.gz,2094007,2093957,1364113,690190
http://mawi.nezu.wide.ad.jp/mawi/samplepoint-A/2000/200007161359.dump.gz,2091894,2091806,1526579,509748
http://mawi.nezu.wide.ad.jp/mawi/samplepoint-A/2000/200007171359.dump.gz,2094309,2094273,1685307,375522
http://mawi.nezu.wide.ad.jp/mawi/samplepoint-A/2000/200007181359.dump.gz,2094291,2094245,1662352,401381
http://mawi.nezu.wide.ad.jp/mawi/samplepoint-A/2000/200007191359.dump.gz,2096121,2096105,1941977,140834
http://mawi.nezu.wide.ad.jp/mawi/samplepoint-A/2000/200007201359.dump.gz,2089825,2089705,1228000,778919
http://mawi.nezu.wide.ad.jp/mawi/samplepoint-A/2000/200007211359.dump.gz,2092613,2092531,1404184,618559
http://mawi.nezu.wide.ad.jp/mawi/samplepoint-A/2000/200007221359.dump.gz,2089847,2089737,1406060,607069
http://mawi.nezu.wide.ad.jp/mawi/samplepoint-A/2000/200007231359.dump.gz,2095807,2095783,1964176,113639
http://mawi.nezu.wide.ad.jp/mawi/samplepoint-A/2000/200007241359.dump.gz,2092546,2092478,1381982,658669
http://mawi.nezu.wide.ad.jp/mawi/samplepoint-A/2000/200007251359.dump.gz,2092550,2092470,1369429,674971
http://mawi.nezu.wide.ad.jp/mawi/samplepoint-A/2000/200007261359.dump.gz,2094453,2094409,1664567,402225
http://mawi.nezu.wide.ad.jp/mawi/samplepoint-A/2000/200007271359.dump.gz,2091675,2091597,1306052,728159
http://mawi.nezu.wide.ad.jp/mawi/samplepoint-A/2000/200007281359.dump.gz,2090871,2090783,1298918,729511
http://mawi.nezu.wide.ad.jp/mawi/samplepoint-A/2000/200007291359.dump.gz,2089157,2089043,1384615,603389
http://mawi.nezu.wide.ad.jp/mawi/samplepoint-A/2000/200007301359.dump.gz,2089569,2089447,1547675,463752
http://mawi.nezu.wide.ad.jp/mawi/samplepoint-A/2000/200007311359.dump.gz,2096346,2096336,1819106,224208
http://mawi.nezu.wide.ad.jp/mawi/samplepoint-A/2000/200008011359.dump.gz,2096357,2096347,1858873,210582
http://mawi.nezu.wide.ad.jp/mawi/samplepoint-A/2000/200008021359.dump.gz,2096275,2096253,1873336,197723
http://mawi.nezu.wide.ad.jp/mawi/samplepoint-A/2000/200008031359.dump.gz,2096311,2096291,1847040,222178
http://mawi.nezu.wide.ad.jp/mawi/samplepoint-A/2000/200008041359.dump.gz,2096226,2096212,1869143,206995
http://mawi.nezu.wide.ad.jp/mawi/samplepoint-A/2000/200008051359.dump.gz,2095810,2095792,1800432,260641
http://mawi.nezu.wide.ad.jp/mawi/samplepoint-A/2000/200008061359.dump.gz,2095650,2095626,1792251,269025
http://mawi.nezu.wide.ad.jp/mawi/samplepoint-A/2000/200008071359.dump.gz,2096144,2096128,1778807,280388
http://mawi.nezu.wide.ad.jp/mawi/samplepoint-A/2000/200008081359.dump.gz,2096320,2096310,1868800,203409
http://mawi.nezu.wide.ad.jp/mawi/samplepoint-A/2000/200008091359.dump.gz,2096249,2096235,1753259,296221
http://mawi.nezu.wide.ad.jp/mawi/samplepoint-A/2000/200008161359.dump.gz,2095989,2095958,1663014,398427
http://mawi.nezu.wide.ad.jp/mawi/samplepoint-A/2000/200008171359.dump.gz,2088507,2088349,1233762,783397
http://mawi.nezu.wide.ad.jp/mawi/samplepoint-A/2000/200008181359.dump.gz,2088682,2088524,1210129,804679
http://mawi.nezu.wide.ad.jp/mawi/samplepoint-A/2000/200008191359.dump.gz,2086725,2086507,1288587,724311
http://mawi.nezu.wide.ad.jp/mawi/samplepoint-A/2000/200008201359.dump.gz,2095861,2095833,1985887,85077
http://mawi.nezu.wide.ad.jp/mawi/samplepoint-A/2000/200008211359.dump.gz,2087217,2087037,1070512,944908
http://mawi.nezu.wide.ad.jp/mawi/samplepoint-A/2000/200008221359.dump.gz,2088058,2087880,1123737,890030
http://mawi.nezu.wide.ad.jp/mawi/samplepoint-A/2000/200008231359.dump.gz,2091135,2091009,1434716,608419
http://mawi.nezu.wide.ad.jp/mawi/samplepoint-A/2000/200008241359.dump.gz,2093519,2093445,1583060,476499
http://mawi.nezu.wide.ad.jp/mawi/samplepoint-A/2000/200008251359.dump.gz,2093927,2093871,1697730,367063
http://mawi.nezu.wide.ad.jp/mawi/samplepoint-A/2000/200008261359.dump.gz,2087586,2087402,984069,1022937
http://mawi.nezu.wide.ad.jp/mawi/samplepoint-A/2000/200008271359.dump.gz,2087564,2087356,945531,1071153
http://mawi.nezu.wide.ad.jp/mawi/samplepoint-A/2000/200008281359.dump.gz,2094157,2094089,1677795,389940
http://mawi.nezu.wide.ad.jp/mawi/samplepoint-A/2000/200008291359.dump.gz,2094333,2094280,1700744,369514
http://mawi.nezu.wide.ad.jp/mawi/samplepoint-A/2000/200008301359.dump.gz,2095527,2095493,1892217,188256
http://mawi.nezu.wide.ad.jp/mawi/samplepoint-A/2000/200008311359.dump.gz,2094022,2093960,1583182,356125
http://mawi.nezu.wide.ad.jp/mawi/samplepoint-A/2000/200009011359.dump.gz,2093675,2093607,1610920,426586
http://mawi.nezu.wide.ad.jp/mawi/samplepoint-A/2000/200009021359.dump.gz,2090648,2090532,1499863,537024
http://mawi.nezu.wide.ad.jp/mawi/samplepoint-A/2000/200009031359.dump.gz,2090689,2090553,1623014,415453
http://mawi.nezu.wide.ad.jp/mawi/samplepoint-A/2000/200009041359.dump.gz,2094229,2094169,1671999,398577
http://mawi.nezu.wide.ad.jp/mawi/samplepoint-A/2000/200009051359.dump.gz,2094145,2094081,1688829,372392
http://mawi.nezu.wide.ad.jp/mawi/samplepoint-A/2000/200009061359.dump.gz,2095253,2095213,1712923,363271
http://mawi.nezu.wide.ad.jp/mawi/samplepoint-A/2000/200009071359.dump.gz,2094804,2094760,1606030,459468
http://mawi.nezu.wide.ad.jp/mawi/samplepoint-A/2000/200009081359.dump.gz,2094644,2094584,1626151,443388
http://mawi.nezu.wide.ad.jp/mawi/samplepoint-A/2000/200009091359.dump.gz,2092103,2091995,1561359,473044
http://mawi.nezu.wide.ad.jp/mawi/samplepoint-A/2000/200009101359.dump.gz,2091127,2091001,1512957,513670
http://mawi.nezu.wide.ad.jp/mawi/samplepoint-A/2000/200009111359.dump.gz,2094106,2094048,1560170,500574
http://mawi.nezu.wide.ad.jp/mawi/samplepoint-A/2000/200009121359.dump.gz,2095555,2095517,1098246,785023
http://mawi.nezu.wide.ad.jp/mawi/samplepoint-A/2000/200009131359.dump.gz,2095181,2095137,994166,1073628
http://mawi.nezu.wide.ad.jp/mawi/samplepoint-A/2000/200009141359.dump.gz,2094158,2094104,1483787,578805
http://mawi.nezu.wide.ad.jp/mawi/samplepoint-A/2000/200009151359.dump.gz,2093202,2093062,1043553,997577
http://mawi.nezu.wide.ad.jp/mawi/samplepoint-A/2000/200009161359.dump.gz,2092254,2092043,1194275,754252
http://mawi.nezu.wide.ad.jp/mawi/samplepoint-A/2000/200009171359.dump.gz,2092574,2092406,1401832,634203
http://mawi.nezu.wide.ad.jp/mawi/samplepoint-A/2000/200009181359.dump.gz,2093645,2093525,1225186,816144
http://mawi.nezu.wide.ad.jp/mawi/samplepoint-A/2000/200009191359.dump.gz,2093854,2093726,1208956,834537
http://mawi.nezu.wide.ad.jp/mawi/samplepoint-A/2000/200009201359.dump.gz,2094361,2094251,1486364,569511
http://mawi.nezu.wide.ad.jp/mawi/samplepoint-A/2000/200009211359.dump.gz,2094332,2094216,1342995,684012
http://mawi.nezu.wide.ad.jp/mawi/samplepoint-A/2000/200009221359.dump.gz,2094485,2094387,1292990,763884
http://mawi.nezu.wide.ad.jp/mawi/samplepoint-A/2000/200009231359.dump.gz,2092039,2091847,1073302,950425
http://mawi.nezu.wide.ad.jp/mawi/samplepoint-A/2000/200009241359.dump.gz,2091565,2091351,1187264,770595
http://mawi.nezu.wide.ad.jp/mawi/samplepoint-A/2000/200009251359.dump.gz,2094622,2094518,1511204,482915
http://mawi.nezu.wide.ad.jp/mawi/samplepoint-A/2000/200009261359.dump.gz,2094249,2094133,1489487,563089
http://mawi.nezu.wide.ad.jp/mawi/samplepoint-A/2000/200009271359.dump.gz,2093924,2093810,1284126,768441
http://mawi.nezu.wide.ad.jp/mawi/samplepoint-A/2000/200010241400.dump.gz,1999990,1999990,1673618,302024
http://mawi.nezu.wide.ad.jp/mawi/samplepoint-A/2000/200010251400.dump.gz,1999960,1999960,1391529,539915
http://mawi.nezu.wide.ad.jp/mawi/samplepoint-A/2000/200010291400.dump.gz,10390,10390,917,901
http://mawi.nezu.wide.ad.jp/mawi/samplepoint-A/2000/200011041400.dump.gz,20396,20396,1220,2081
http://mawi.nezu.wide.ad.jp/mawi/samplepoint-A/2000/200011091400.dump.gz,1999982,1999982,943080,1020443
