url,total,ip,tcp,udp
http://mawi.nezu.wide.ad.jp/mawi/samplepoint-F/2012/201112311400.dump.gz,35089509,34738744,30322495,3145490
http://mawi.nezu.wide.ad.jp/mawi/samplepoint-F/2012/201201011400.dump.gz,38298486,38075436,32367046,3524840
http://mawi.nezu.wide.ad.jp/mawi/samplepoint-F/2012/201201021400.dump.gz,30572041,30381818,24208589,3357677
http://mawi.nezu.wide.ad.jp/mawi/samplepoint-F/2012/201201031400.dump.gz,38197611,38055056,31359626,3436409
http://mawi.nezu.wide.ad.jp/mawi/samplepoint-F/2012/201201041400.dump.gz,31580761,31057334,24798074,3812311
http://mawi.nezu.wide.ad.jp/mawi/samplepoint-F/2012/201201051400.dump.gz,48480933,48161073,42619249,3444324
http://mawi.nezu.wide.ad.jp/mawi/samplepoint-F/2012/201201061400.dump.gz,41298452,39820621,32851058,3941282
http://mawi.nezu.wide.ad.jp/mawi/samplepoint-F/2012/201201071400.dump.gz,40914640,40480655,33296494,4735660
http://mawi.nezu.wide.ad.jp/mawi/samplepoint-F/2012/201201081400.dump.gz,42159325,41891049,35206782,4259406
http://mawi.nezu.wide.ad.jp/mawi/samplepoint-F/2012/201201091400.dump.gz,32132537,31904144,26272832,3261865
http://mawi.nezu.wide.ad.jp/mawi/samplepoint-F/2012/201201101400.dump.gz,35158160,34789883,29159249,3449567
http://mawi.nezu.wide.ad.jp/mawi/samplepoint-F/2012/201201111400.dump.gz,43352126,43157435,35447709,5304399
http://mawi.nezu.wide.ad.jp/mawi/samplepoint-F/2012/201201121400.dump.gz,49005532,48656429,40805565,4884004
http://mawi.nezu.wide.ad.jp/mawi/samplepoint-F/2012/201201131400.dump.gz,42323067,41732965,34329717,4908071
http://mawi.nezu.wide.ad.jp/mawi/samplepoint-F/2012/201201141400.dump.gz,29427126,29024218,22297556,4018000
http://mawi.nezu.wide.ad.jp/mawi/samplepoint-F/2012/201201151400.dump.gz,36744360,36522353,29623623,4181394
http://mawi.nezu.wide.ad.jp/mawi/samplepoint-F/2012/201201161400.dump.gz,39009006,38613723,29947809,5753846
http://mawi.nezu.wide.ad.jp/mawi/samplepoint-F/2012/201201171400.dump.gz,49450818,48185548,35406751,6351247
http://mawi.nezu.wide.ad.jp/mawi/samplepoint-F/2012/201201181400.dump.gz,44850495,44534082,36110090,4473703
http://mawi.nezu.wide.ad.jp/mawi/samplepoint-F/2012/201201191400.dump.gz,46056430,45802952,37408626,5781924
http://mawi.nezu.wide.ad.jp/mawi/samplepoint-F/2012/201201201400.dump.gz,51379616,51040834,42526658,5487065
http://mawi.nezu.wide.ad.jp/mawi/samplepoint-F/2012/201201211400.dump.gz,39432024,39180777,30918253,5911638
http://mawi.nezu.wide.ad.jp/mawi/samplepoint-F/2012/201201221400.dump.gz,30097365,29978444,23654279,3949956
http://mawi.nezu.wide.ad.jp/mawi/samplepoint-F/2012/201201231400.dump.gz,38768403,38227051,28306595,5982686
http://mawi.nezu.wide.ad.jp/mawi/samplepoint-F/2012/201201241400.dump.gz,37107238,36613109,28885969,5268801
http://mawi.nezu.wide.ad.jp/mawi/samplepoint-F/2012/201201251400.dump.gz,45363506,45151062,36392598,6301554
http://mawi.nezu.wide.ad.jp/mawi/samplepoint-F/2012/201201261400.dump.gz,42465304,42246892,33881208,6003135
http://mawi.nezu.wide.ad.jp/mawi/samplepoint-F/2012/201201271400.dump.gz,56646143,56069947,49609145,4214089
http://mawi.nezu.wide.ad.jp/mawi/samplepoint-F/2012/201201281400.dump.gz,37287377,37089347,30205436,4569662
http://mawi.nezu.wide.ad.jp/mawi/samplepoint-F/2012/201201291400.dump.gz,30272267,30084624,23285052,4351850
http://mawi.nezu.wide.ad.jp/mawi/samplepoint-F/2012/201201301400.dump.gz,41771101,41518519,31772252,7125152
http://mawi.nezu.wide.ad.jp/mawi/samplepoint-F/2012/201201311400.dump.gz,44137429,43660231,36208618,4970107
http://mawi.nezu.wide.ad.jp/mawi/samplepoint-F/2012/201202011400.dump.gz,64632346,64186728,37140641,5737316
http://mawi.nezu.wide.ad.jp/mawi/samplepoint-F/2012/201202021400.dump.gz,57688165,56821156,33354801,4474000
http://mawi.nezu.wide.ad.jp/mawi/samplepoint-F/2012/201202031400.dump.gz,59473273,59136786,34352287,5136832
http://mawi.nezu.wide.ad.jp/mawi/samplepoint-F/2012/201202041400.dump.gz,51505191,51282223,25987914,3602718
http://mawi.nezu.wide.ad.jp/mawi/samplepoint-F/2012/201202051400.dump.gz,50464438,49751545,28026688,4577871
http://mawi.nezu.wide.ad.jp/mawi/samplepoint-F/2012/201202061400.dump.gz,51400037,51246560,29258679,4788664
http://mawi.nezu.wide.ad.jp/mawi/samplepoint-F/2012/201202071400.dump.gz,55324913,55032796,32128417,4810908
http://mawi.nezu.wide.ad.jp/mawi/samplepoint-F/2012/201202081400.dump.gz,52481410,51832132,26831705,6054946
http://mawi.nezu.wide.ad.jp/mawi/samplepoint-F/2012/201202091400.dump.gz,50132675,49695783,29203504,3561596
http://mawi.nezu.wide.ad.jp/mawi/samplepoint-F/2012/201202101400.dump.gz,50265666,49975350,29880674,3624860
http://mawi.nezu.wide.ad.jp/mawi/samplepoint-F/2012/201202111400.dump.gz,43208670,42572690,21618951,3913185
http://mawi.nezu.wide.ad.jp/mawi/samplepoint-F/2012/201202121400.dump.gz,46024907,45830077,23982529,3442601
http://mawi.nezu.wide.ad.jp/mawi/samplepoint-F/2012/201202131400.dump.gz,58363761,57257576,36311656,3933397
http://mawi.nezu.wide.ad.jp/mawi/samplepoint-F/2012/201202141400.dump.gz,52262938,51997897,31138438,4008374
http://mawi.nezu.wide.ad.jp/mawi/samplepoint-F/2012/201202151400.dump.gz,42414299,42224858,33710369,4877728
http://mawi.nezu.wide.ad.jp/mawi/samplepoint-F/2012/201202161400.dump.gz,50927407,50715291,42012947,4787827
http://mawi.nezu.wide.ad.jp/mawi/samplepoint-F/2012/201202171400.dump.gz,38994707,38469685,29537965,4770707
http://mawi.nezu.wide.ad.jp/mawi/samplepoint-F/2012/201202181400.dump.gz,32273722,31935936,23173547,5070100
http://mawi.nezu.wide.ad.jp/mawi/samplepoint-F/2012/201202191400.dump.gz,34755243,34547201,24976641,5788591
http://mawi.nezu.wide.ad.jp/mawi/samplepoint-F/2012/201202201400.dump.gz,38863481,38421561,28422770,6513071
http://mawi.nezu.wide.ad.jp/mawi/samplepoint-F/2012/201202211400.dump.gz,35239549,34655365,25865738,4774562
http://mawi.nezu.wide.ad.jp/mawi/samplepoint-F/2012/201202221400.dump.gz,30469355,30165297,22231924,4651944
http://mawi.nezu.wide.ad.jp/mawi/samplepoint-F/2012/201202231400.dump.gz,34168375,33890571,26161181,4879003
http://mawi.nezu.wide.ad.jp/mawi/samplepoint-F/2012/201202241400.dump.gz,41018963,40743982,31318696,5677859
http://mawi.nezu.wide.ad.jp/mawi/samplepoint-F/2012/201202251400.dump.gz,49368448,49236603,37746150,5560826
http://mawi.nezu.wide.ad.jp/mawi/samplepoint-F/2012/201202261400.dump.gz,48461615,48250178,38231257,4927358
http://mawi.nezu.wide.ad.jp/mawi/samplepoint-F/2012/201202271400.dump.gz,38287368,37933430,28425945,5526697
http://mawi.nezu.wide.ad.jp/mawi/samplepoint-F/2012/201202281400.dump.gz,43231565,43006922,30080478,8700072
http://mawi.nezu.wide.ad.jp/mawi/samplepoint-F/2012/201202291400.dump.gz,33745227,33469345,25028002,4680428
http://mawi.nezu.wide.ad.jp/mawi/samplepoint-F/2012/201203011400.dump.gz,39209221,38469826,30106005,4520245
http://mawi.nezu.wide.ad.jp/mawi/samplepoint-F/2012/201203021400.dump.gz,40035640,39580263,32806531,3820730
http://mawi.nezu.wide.ad.jp/mawi/samplepoint-F/2012/201203031400.dump.gz,35192851,34924056,26411122,5309401
http://mawi.nezu.wide.ad.jp/mawi/samplepoint-F/2012/201203041400.dump.gz,37451961,37296071,27953520,5620097
http://mawi.nezu.wide.ad.jp/mawi/samplepoint-F/2012/201203051400.dump.gz,26362574,25866052,21116023,2436871
http://mawi.nezu.wide.ad.jp/mawi/samplepoint-F/2012/201203061400.dump.gz,28698033,28329498,23964753,2144037
http://mawi.nezu.wide.ad.jp/mawi/samplepoint-F/2012/201203071400.dump.gz,42686858,42415742,38013647,2232713
http://mawi.nezu.wide.ad.jp/mawi/samplepoint-F/2012/201203081400.dump.gz,34847737,34399172,30647831,2067214
http://mawi.nezu.wide.ad.jp/mawi/samplepoint-F/2012/201203091400.dump.gz,43704319,43350898,36858329,3789046
http://mawi.nezu.wide.ad.jp/mawi/samplepoint-F/2012/201203101400.dump.gz,37245108,36621349,27256279,4893830
http://mawi.nezu.wide.ad.jp/mawi/samplepoint-F/2012/201203111400.dump.gz,39230406,38994357,28290902,5854410
http://mawi.nezu.wide.ad.jp/mawi/samplepoint-F/2012/201203121400.dump.gz,33941661,33705351,22885458,5020734
http://mawi.nezu.wide.ad.jp/mawi/samplepoint-F/2012/201203131400.dump.gz,42180784,41463256,29696517,7219222
http://mawi.nezu.wide.ad.jp/mawi/samplepoint-F/2012/201203141400.dump.gz,36504878,36164444,27589364,5052458
http://mawi.nezu.wide.ad.jp/mawi/samplepoint-F/2012/201203151400.dump.gz,38184645,37857017,29110285,4998526
http://mawi.nezu.wide.ad.jp/mawi/samplepoint-F/2012/201203161400.dump.gz,40507919,39958198,31395510,5185886
http://mawi.nezu.wide.ad.jp/mawi/samplepoint-F/2012/201203171400.dump.gz,39160054,38921836,29953636,5060367
http://mawi.nezu.wide.ad.jp/mawi/samplepoint-F/2012/201203181400.dump.gz,34571838,34379434,25129091,4508405
http://mawi.nezu.wide.ad.jp/mawi/samplepoint-F/2012/201203191400.dump.gz,33600254,33219494,26355390,3592238
http://mawi.nezu.wide.ad.jp/mawi/samplepoint-F/2012/201203201400.dump.gz,36573267,36351396,26689979,5201667
http://mawi.nezu.wide.ad.jp/mawi/samplepoint-F/2012/201203211400.dump.gz,42044715,41669557,32511921,4512016
http://mawi.nezu.wide.ad.jp/mawi/samplepoint-F/2012/201203221400.dump.gz,27923448,27414166,21067473,3616330
http://mawi.nezu.wide.ad.jp/mawi/samplepoint-F/2012/201203231400.dump.gz,32474693,32189648,26191158,3155545
http://mawi.nezu.wide.ad.jp/mawi/samplepoint-F/2012/201203241400.dump.gz,44057162,43675657,35791471,4821247
http://mawi.nezu.wide.ad.jp/mawi/samplepoint-F/2012/201203251400.dump.gz,39236776,38324601,26586137,6331214
http://mawi.nezu.wide.ad.jp/mawi/samplepoint-F/2012/201203261400.dump.gz,34043836,33738972,26930206,3846907
http://mawi.nezu.wide.ad.jp/mawi/samplepoint-F/2012/201203271400.dump.gz,31886112,31546073,25591664,2786803
http://mawi.nezu.wide.ad.jp/mawi/samplepoint-F/2012/201203281400.dump.gz,36894761,36472902,28089079,5102995
http://mawi.nezu.wide.ad.jp/mawi/samplepoint-F/2012/201203291400.dump.gz,37011721,36515327,30332312,3226125
http://mawi.nezu.wide.ad.jp/mawi/samplepoint-F/2012/201203301400.dump.gz,37587830,35164363,26925744,4368409
http://mawi.nezu.wide.ad.jp/mawi/samplepoint-F/2012/201203311400.dump.gz,34340109,34103915,27303085,3028556
http://mawi.nezu.wide.ad.jp/mawi/samplepoint-F/2012/201204011400.dump.gz,32113623,31988405,23331488,4663620
http://mawi.nezu.wide.ad.jp/mawi/samplepoint-F/2012/201204021400.dump.gz,35783258,35478318,28590306,3521945
http://mawi.nezu.wide.ad.jp/mawi/samplepoint-F/2012/201204031400.dump.gz,29094387,28725696,21193224,3462315
http://mawi.nezu.wide.ad.jp/mawi/samplepoint-F/2012/201204041400.dump.gz,29978501,29715632,23329673,3429982
http://mawi.nezu.wide.ad.jp/mawi/samplepoint-F/2012/201204051400.dump.gz,26608386,25821570,19806598,2606949
http://mawi.nezu.wide.ad.jp/mawi/samplepoint-F/2012/201204061400.dump.gz,25351621,24699680,17790681,3214231
http://mawi.nezu.wide.ad.jp/mawi/samplepoint-F/2012/201204071400.dump.gz,31287198,31029484,23636237,4114016
http://mawi.nezu.wide.ad.jp/mawi/samplepoint-F/2012/201204081400.dump.gz,30902024,30516229,22891505,4155450
http://mawi.nezu.wide.ad.jp/mawi/samplepoint-F/2012/201204091400.dump.gz,34062865,33301586,26025361,3882879
http://mawi.nezu.wide.ad.jp/mawi/samplepoint-F/2012/201204101400.dump.gz,33652317,33083730,25217190,4648386
http://mawi.nezu.wide.ad.jp/mawi/samplepoint-F/2012/201204111400.dump.gz,48523930,46869478,38969566,4495365
http://mawi.nezu.wide.ad.jp/mawi/samplepoint-F/2012/201204121400.dump.gz,29039065,28479799,22155047,3143804
http://mawi.nezu.wide.ad.jp/mawi/samplepoint-F/2012/201204131400.dump.gz,55437012,54278643,30838619,3770094
http://mawi.nezu.wide.ad.jp/mawi/samplepoint-F/2012/201204141400.dump.gz,56230810,55766175,31949888,3915711
http://mawi.nezu.wide.ad.jp/mawi/samplepoint-F/2012/201204151400.dump.gz,51661028,51294183,28808396,4249932
http://mawi.nezu.wide.ad.jp/mawi/samplepoint-F/2012/201204161400.dump.gz,54683919,54127700,31452146,4163734
http://mawi.nezu.wide.ad.jp/mawi/samplepoint-F/2012/201204171400.dump.gz,52271781,51794968,30141450,4178250
http://mawi.nezu.wide.ad.jp/mawi/samplepoint-F/2012/201204181400.dump.gz,63635028,62877779,41199091,4313911
http://mawi.nezu.wide.ad.jp/mawi/samplepoint-F/2012/201204191400.dump.gz,52396705,52044217,30356604,4217609
http://mawi.nezu.wide.ad.jp/mawi/samplepoint-F/2012/201204201400.dump.gz,64861761,63344043,36723811,6442005
http://mawi.nezu.wide.ad.jp/mawi/samplepoint-F/2012/201204211400.dump.gz,48967807,47620470,24795773,3748714
http://mawi.nezu.wide.ad.jp/mawi/samplepoint-F/2012/201204221400.dump.gz,44311392,43006168,19141869,4733603
http://mawi.nezu.wide.ad.jp/mawi/samplepoint-F/2012/201204231400.dump.gz,50602290,49778883,28221883,4152392
http://mawi.nezu.wide.ad.jp/mawi/samplepoint-F/2012/201204241400.dump.gz,55723899,54993702,30635121,5417274
http://mawi.nezu.wide.ad.jp/mawi/samplepoint-F/2012/201204251400.dump.gz,55364568,54834798,33543064,3752342
http://mawi.nezu.wide.ad.jp/mawi/samplepoint-F/2012/201204261400.dump.gz,50713467,50356368,28398236,4844539
http://mawi.nezu.wide.ad.jp/mawi/samplepoint-F/2012/201204271400.dump.gz,37561692,36684376,28816561,4816376
http://mawi.nezu.wide.ad.jp/mawi/samplepoint-F/2012/201204281400.dump.gz,33042566,32588250,26065121,3312402
http://mawi.nezu.wide.ad.jp/mawi/samplepoint-F/2012/201204291400.dump.gz,27500872,27009408,20251113,3995664
http://mawi.nezu.wide.ad.jp/mawi/samplepoint-F/2012/201204301400.dump.gz,31103470,30658037,23327560,3794587
http://mawi.nezu.wide.ad.jp/mawi/samplepoint-F/2012/201205011400.dump.gz,40383244,39443239,32719266,3021623
http://mawi.nezu.wide.ad.jp/mawi/samplepoint-F/2012/201205021400.dump.gz,39014160,38572629,32100883,3794597
http://mawi.nezu.wide.ad.jp/mawi/samplepoint-F/2012/201205031400.dump.gz,29698877,29191644,23392898,2911369
http://mawi.nezu.wide.ad.jp/mawi/samplepoint-F/2012/201205041400.dump.gz,37398509,36318987,29679570,3258908
http://mawi.nezu.wide.ad.jp/mawi/samplepoint-F/2012/201205051400.dump.gz,29929362,29166917,21637252,3825346
http://mawi.nezu.wide.ad.jp/mawi/samplepoint-F/2012/201205061400.dump.gz,24569717,22796045,14922586,3110404
http://mawi.nezu.wide.ad.jp/mawi/samplepoint-F/2012/201205071400.dump.gz,38553867,37805772,29602845,4340683
http://mawi.nezu.wide.ad.jp/mawi/samplepoint-F/2012/201205081400.dump.gz,43995124,42948972,34320862,4720508
http://mawi.nezu.wide.ad.jp/mawi/samplepoint-F/2012/201205091400.dump.gz,39911658,39233607,32051859,4017215
http://mawi.nezu.wide.ad.jp/mawi/samplepoint-F/2012/201205101400.dump.gz,42707933,41801923,34644990,3318594
http://mawi.nezu.wide.ad.jp/mawi/samplepoint-F/2012/201205111400.dump.gz,37956134,37064108,30800202,3507851
http://mawi.nezu.wide.ad.jp/mawi/samplepoint-F/2012/201205121400.dump.gz,31926066,31130782,24159361,2952413
http://mawi.nezu.wide.ad.jp/mawi/samplepoint-F/2012/201205131400.dump.gz,34593334,34212949,25372700,5840835
http://mawi.nezu.wide.ad.jp/mawi/samplepoint-F/2012/201205141400.dump.gz,38051050,37500003,31033736,4289326
http://mawi.nezu.wide.ad.jp/mawi/samplepoint-F/2012/201205151400.dump.gz,37161943,36675484,30683100,3397411
http://mawi.nezu.wide.ad.jp/mawi/samplepoint-F/2012/201205161400.dump.gz,42182823,41415876,35258198,3378228
http://mawi.nezu.wide.ad.jp/mawi/samplepoint-F/2012/201205171400.dump.gz,39863314,38932998,33024013,2990226
http://mawi.nezu.wide.ad.jp/mawi/samplepoint-F/2012/201205181400.dump.gz,34708446,34115661,28476883,3122618
http://mawi.nezu.wide.ad.jp/mawi/samplepoint-F/2012/201205191400.dump.gz,34207509,33514127,26968849,3675708
http://mawi.nezu.wide.ad.jp/mawi/samplepoint-F/2012/201205201400.dump.gz,36892398,35999634,29971251,3391778
http://mawi.nezu.wide.ad.jp/mawi/samplepoint-F/2012/201205221400.dump.gz,40301189,37977861,31654471,3205554
http://mawi.nezu.wide.ad.jp/mawi/samplepoint-F/2012/201205241400.dump.gz,38677661,37822803,32030868,3181119
http://mawi.nezu.wide.ad.jp/mawi/samplepoint-F/2012/201205251400.dump.gz,36553471,35631633,29162285,3329706
http://mawi.nezu.wide.ad.jp/mawi/samplepoint-F/2012/201205261400.dump.gz,41843480,37834114,29031962,5804101
http://mawi.nezu.wide.ad.jp/mawi/samplepoint-F/2012/201205271400.dump.gz,31028224,29911306,23572342,3241071
http://mawi.nezu.wide.ad.jp/mawi/samplepoint-F/2012/201205281400.dump.gz,35889970,34975177,28413076,3305630
http://mawi.nezu.wide.ad.jp/mawi/samplepoint-F/2012/201205291400.dump.gz,45693767,44583376,37542596,3694058
http://mawi.nezu.wide.ad.jp/mawi/samplepoint-F/2012/201205301400.dump.gz,60150187,58298825,34713184,4156817
http://mawi.nezu.wide.ad.jp/mawi/samplepoint-F/2012/201205311400.dump.gz,49899924,48419708,24816893,7411300
http://mawi.nezu.wide.ad.jp/mawi/samplepoint-F/2012/201206011400.dump.gz,51819593,49032048,28663011,3227325
http://mawi.nezu.wide.ad.jp/mawi/samplepoint-F/2012/201206021400.dump.gz,45594205,44279266,24747975,2457509
http://mawi.nezu.wide.ad.jp/mawi/samplepoint-F/2012/201206031400.dump.gz,50373946,49512046,28551152,4059629
http://mawi.nezu.wide.ad.jp/mawi/samplepoint-F/2012/201206041400.dump.gz,53565277,51921771,30258888,4059019
http://mawi.nezu.wide.ad.jp/mawi/samplepoint-F/2012/201206051400.dump.gz,48306570,46598227,25485524,3408921
http://mawi.nezu.wide.ad.jp/mawi/samplepoint-F/2012/201206061400.dump.gz,59523502,57367349,37380890,2871200
http://mawi.nezu.wide.ad.jp/mawi/samplepoint-F/2012/201206071400.dump.gz,62992323,61084749,39927996,3559886
http://mawi.nezu.wide.ad.jp/mawi/samplepoint-F/2012/201206081400.dump.gz,47033626,45438305,25406675,2702904
http://mawi.nezu.wide.ad.jp/mawi/samplepoint-F/2012/201206091400.dump.gz,47330407,46622071,24859550,4320249
http://mawi.nezu.wide.ad.jp/mawi/samplepoint-F/2012/201206101400.dump.gz,42042312,40956802,21384407,2897110
http://mawi.nezu.wide.ad.jp/mawi/samplepoint-F/2012/201206111400.dump.gz,53070094,51245126,30345115,3191197
http://mawi.nezu.wide.ad.jp/mawi/samplepoint-F/2012/201206121400.dump.gz,54848291,52804704,30966192,4135549
http://mawi.nezu.wide.ad.jp/mawi/samplepoint-F/2012/201206131400.dump.gz,33070782,31057110,25679793,3562519
http://mawi.nezu.wide.ad.jp/mawi/samplepoint-F/2012/201206141400.dump.gz,30009674,28799458,23859635,3098948
http://mawi.nezu.wide.ad.jp/mawi/samplepoint-F/2012/201206151400.dump.gz,35861021,34689236,28998496,4098977
http://mawi.nezu.wide.ad.jp/mawi/samplepoint-F/2012/201206161400.dump.gz,37603391,36891764,31686870,2543591
http://mawi.nezu.wide.ad.jp/mawi/samplepoint-F/2012/201206171400.dump.gz,34525609,33659416,26256689,4049449
http://mawi.nezu.wide.ad.jp/mawi/samplepoint-F/2012/201206181400.dump.gz,35934144,33672991,25624230,4407008
http://mawi.nezu.wide.ad.jp/mawi/samplepoint-F/2012/201206191400.dump.gz,31339264,29340845,24522284,1724388
http://mawi.nezu.wide.ad.jp/mawi/samplepoint-F/2012/201206201400.dump.gz,38178446,36167949,28149314,4488140
http://mawi.nezu.wide.ad.jp/mawi/samplepoint-F/2012/201206211400.dump.gz,36721986,34703205,27944706,3713715
http://mawi.nezu.wide.ad.jp/mawi/samplepoint-F/2012/201206221400.dump.gz,33748460,32120542,24732468,4220588
http://mawi.nezu.wide.ad.jp/mawi/samplepoint-F/2012/201206231400.dump.gz,37538165,36185803,28836072,4241458
http://mawi.nezu.wide.ad.jp/mawi/samplepoint-F/2012/201206241400.dump.gz,26863055,26248064,20262860,3057954
http://mawi.nezu.wide.ad.jp/mawi/samplepoint-F/2012/201206251400.dump.gz,42427838,40938373,32015584,5906351
http://mawi.nezu.wide.ad.jp/mawi/samplepoint-F/2012/201206261400.dump.gz,45182466,42901940,33374526,4335662
http://mawi.nezu.wide.ad.jp/mawi/samplepoint-F/2012/201206271400.dump.gz,33493610,31903732,25549563,2887592
http://mawi.nezu.wide.ad.jp/mawi/samplepoint-F/2012/201206281400.dump.gz,41015719,38990803,32034320,3048999
http://mawi.nezu.wide.ad.jp/mawi/samplepoint-F/2012/201206291400.dump.gz,33521648,31662333,23681067,3663299
http://mawi.nezu.wide.ad.jp/mawi/samplepoint-F/2012/201206301400.dump.gz,30015773,29060974,22523786,3782762
http://mawi.nezu.wide.ad.jp/mawi/samplepoint-F/2012/201207011400.dump.gz,20526177,19533933,13781822,2627057
http://mawi.nezu.wide.ad.jp/mawi/samplepoint-F/2012/201207021400.dump.gz,35271682,33869129,26265498,4849215
http://mawi.nezu.wide.ad.jp/mawi/samplepoint-F/2012/201207031400.dump.gz,40911550,38715418,30301049,5225791
http://mawi.nezu.wide.ad.jp/mawi/samplepoint-F/2012/201207041400.dump.gz,33553036,31812139,25095661,3571963
http://mawi.nezu.wide.ad.jp/mawi/samplepoint-F/2012/201207051400.dump.gz,41918796,40540841,31270449,6664859
http://mawi.nezu.wide.ad.jp/mawi/samplepoint-F/2012/201207061400.dump.gz,35610221,34193120,27468656,3822819
http://mawi.nezu.wide.ad.jp/mawi/samplepoint-F/2012/201207071400.dump.gz,45192783,44514443,17023207,24812490
http://mawi.nezu.wide.ad.jp/mawi/samplepoint-F/2012/201207081400.dump.gz,27333358,26735627,20861004,3236898
http://mawi.nezu.wide.ad.jp/mawi/samplepoint-F/2012/201207091400.dump.gz,39817902,37426068,29920707,4054087
http://mawi.nezu.wide.ad.jp/mawi/samplepoint-F/2012/201207101400.dump.gz,34462806,32207438,25983331,2855336
http://mawi.nezu.wide.ad.jp/mawi/samplepoint-F/2012/201207111400.dump.gz,40191954,38212681,30852998,3796981
http://mawi.nezu.wide.ad.jp/mawi/samplepoint-F/2012/201207121400.dump.gz,33751303,31538111,23958897,4263170
http://mawi.nezu.wide.ad.jp/mawi/samplepoint-F/2012/201207131400.dump.gz,41005270,39027943,28570748,3678771
http://mawi.nezu.wide.ad.jp/mawi/samplepoint-F/2012/201207141400.dump.gz,33060696,31561206,26069844,2401961
http://mawi.nezu.wide.ad.jp/mawi/samplepoint-F/2012/201207151400.dump.gz,40824721,39451290,31724074,4067945
http://mawi.nezu.wide.ad.jp/mawi/samplepoint-F/2012/201207161400.dump.gz,61917672,61021647,51098799,6580301
http://mawi.nezu.wide.ad.jp/mawi/samplepoint-F/2012/201207171400.dump.gz,33115265,31851655,24696171,4123406
http://mawi.nezu.wide.ad.jp/mawi/samplepoint-F/2012/201207181400.dump.gz,53567843,51861723,28834398,5341095
http://mawi.nezu.wide.ad.jp/mawi/samplepoint-F/2012/201207191400.dump.gz,53664130,51574874,29436844,5879750
http://mawi.nezu.wide.ad.jp/mawi/samplepoint-F/2012/201207201400.dump.gz,49698138,48659648,27312471,5012603
http://mawi.nezu.wide.ad.jp/mawi/samplepoint-F/2012/201207211400.dump.gz,41865661,41442057,22085978,2548394
http://mawi.nezu.wide.ad.jp/mawi/samplepoint-F/2012/201207221400.dump.gz,52978299,52501603,32276389,3337868
http://mawi.nezu.wide.ad.jp/mawi/samplepoint-F/2012/201207231400.dump.gz,51385023,50133542,29057721,3301843
http://mawi.nezu.wide.ad.jp/mawi/samplepoint-F/2012/201207241400.dump.gz,53671076,52407784,25882267,9213793
http://mawi.nezu.wide.ad.jp/mawi/samplepoint-F/2012/201207251400.dump.gz,59253373,58562627,34257879,7543257
http://mawi.nezu.wide.ad.jp/mawi/samplepoint-F/2012/201207261400.dump.gz,58302661,57386793,30191226,10465637
http://mawi.nezu.wide.ad.jp/mawi/samplepoint-F/2012/201207271400.dump.gz,57290270,56673189,29433826,10156417
http://mawi.nezu.wide.ad.jp/mawi/samplepoint-F/2012/201207281400.dump.gz,46606868,45675926,20719998,8745275
http://mawi.nezu.wide.ad.jp/mawi/samplepoint-F/2012/201207291400.dump.gz,44319568,43176166,17364702,9545620
http://mawi.nezu.wide.ad.jp/mawi/samplepoint-F/2012/201207301400.dump.gz,61730013,60848786,32227233,12396067
http://mawi.nezu.wide.ad.jp/mawi/samplepoint-F/2012/201207311400.dump.gz,55851904,55155083,31101685,7964532
http://mawi.nezu.wide.ad.jp/mawi/samplepoint-F/2012/201208011400.dump.gz,45588510,44949298,23769218,18351863
http://mawi.nezu.wide.ad.jp/mawi/samplepoint-F/2012/201208021400.dump.gz,42381589,41358319,21661418,16328218
http://mawi.nezu.wide.ad.jp/mawi/samplepoint-F/2012/201208031400.dump.gz,36284565,35251278,21995439,9934935
http://mawi.nezu.wide.ad.jp/mawi/samplepoint-F/2012/201208041400.dump.gz,112715901,112044811,18455834,11741781
http://mawi.nezu.wide.ad.jp/mawi/samplepoint-F/2012/201208051400.dump.gz,40558957,40095436,24977187,13343837
http://mawi.nezu.wide.ad.jp/mawi/samplepoint-F/2012/201208061400.dump.gz,35004249,34220778,26111825,6006058
http://mawi.nezu.wide.ad.jp/mawi/samplepoint-F/2012/201208071400.dump.gz,35110267,33939942,19922981,9654521
http://mawi.nezu.wide.ad.jp/mawi/samplepoint-F/2012/201208081400.dump.gz,43496625,42407725,21021325,7874826
http://mawi.nezu.wide.ad.jp/mawi/samplepoint-F/2012/201208091400.dump.gz,38822392,38284424,23951405,11535364
http://mawi.nezu.wide.ad.jp/mawi/samplepoint-F/2012/201208101400.dump.gz,141166159,140377869,26247436,16081695
http://mawi.nezu.wide.ad.jp/mawi/samplepoint-F/2012/201208111400.dump.gz,39796341,39318815,16013389,21031360
http://mawi.nezu.wide.ad.jp/mawi/samplepoint-F/2012/201208121400.dump.gz,31573007,31268490,17768743,11488067
http://mawi.nezu.wide.ad.jp/mawi/samplepoint-F/2012/201208131400.dump.gz,36657562,35912886,22523600,11259174
http://mawi.nezu.wide.ad.jp/mawi/samplepoint-F/2012/201208141400.dump.gz,47018470,45866683,22653629,20921753
http://mawi.nezu.wide.ad.jp/mawi/samplepoint-F/2012/201208151400.dump.gz,53264975,52196786,28715331,20223944
http://mawi.nezu.wide.ad.jp/mawi/samplepoint-F/2012/201208161400.dump.gz,47926200,47005816,30157405,14139237
http://mawi.nezu.wide.ad.jp/mawi/samplepoint-F/2012/201208171400.dump.gz,38010134,37473635,21202135,13502271
http://mawi.nezu.wide.ad.jp/mawi/samplepoint-F/2012/201208181400.dump.gz,40459460,39921660,23192730,13246350
http://mawi.nezu.wide.ad.jp/mawi/samplepoint-F/2012/201208191400.dump.gz,36582563,36284037,21251920,11782309
http://mawi.nezu.wide.ad.jp/mawi/samplepoint-F/2012/201208201400.dump.gz,58181171,57710138,24480827,30631115
http://mawi.nezu.wide.ad.jp/mawi/samplepoint-F/2012/201208211400.dump.gz,51521759,50458658,23603437,23586346
http://mawi.nezu.wide.ad.jp/mawi/samplepoint-F/2012/201208221400.dump.gz,39906316,39316734,16286573,19886235
http://mawi.nezu.wide.ad.jp/mawi/samplepoint-F/2012/201208231400.dump.gz,37355754,36684107,19093215,14469679
http://mawi.nezu.wide.ad.jp/mawi/samplepoint-F/2012/201208241400.dump.gz,59384811,58682881,18911948,36736463
http://mawi.nezu.wide.ad.jp/mawi/samplepoint-F/2012/201208251400.dump.gz,58180563,57729752,22551118,32232608
http://mawi.nezu.wide.ad.jp/mawi/samplepoint-F/2012/201208261400.dump.gz,62017827,61754240,21967936,36951596
http://mawi.nezu.wide.ad.jp/mawi/samplepoint-F/2012/201208271400.dump.gz,75412820,74980999,22857754,49054300
http://mawi.nezu.wide.ad.jp/mawi/samplepoint-F/2012/201208281400.dump.gz,53894724,53095928,25475338,24653792
http://mawi.nezu.wide.ad.jp/mawi/samplepoint-F/2012/201208291400.dump.gz,55746739,54924034,19593033,32282906
http://mawi.nezu.wide.ad.jp/mawi/samplepoint-F/2012/201208301400.dump.gz,72022682,71374842,23117929,45511115
http://mawi.nezu.wide.ad.jp/mawi/samplepoint-F/2012/201208311400.dump.gz,60460683,59845773,16832074,40303018
http://mawi.nezu.wide.ad.jp/mawi/samplepoint-F/2012/201209011400.dump.gz,37589238,37066030,16668035,17741559
http://mawi.nezu.wide.ad.jp/mawi/samplepoint-F/2012/201209021400.dump.gz,47529878,47168909,20601785,24039690
http://mawi.nezu.wide.ad.jp/mawi/samplepoint-F/2012/201209031400.dump.gz,67188266,66444108,19180404,29160576
http://mawi.nezu.wide.ad.jp/mawi/samplepoint-F/2012/201209041400.dump.gz,69808582,69120706,17437904,34057337
http://mawi.nezu.wide.ad.jp/mawi/samplepoint-F/2012/201209051400.dump.gz,66156440,65064450,20977177,26055668
http://mawi.nezu.wide.ad.jp/mawi/samplepoint-F/2012/201209061400.dump.gz,52954226,51883685,19968653,14541587
http://mawi.nezu.wide.ad.jp/mawi/samplepoint-F/2012/201209071400.dump.gz,64810247,64042134,16606579,29865992
http://mawi.nezu.wide.ad.jp/mawi/samplepoint-F/2012/201209081400.dump.gz,46128641,45121928,25327486,2574508
http://mawi.nezu.wide.ad.jp/mawi/samplepoint-F/2012/201209091400.dump.gz,48722007,48208230,27229715,3125082
http://mawi.nezu.wide.ad.jp/mawi/samplepoint-F/2012/201209101400.dump.gz,41946472,41061029,20715650,2158054
http://mawi.nezu.wide.ad.jp/mawi/samplepoint-F/2012/201209111400.dump.gz,40773236,39484830,18332766,3391499
http://mawi.nezu.wide.ad.jp/mawi/samplepoint-F/2012/201209121400.dump.gz,36534725,35855644,17540540,2888846
http://mawi.nezu.wide.ad.jp/mawi/samplepoint-F/2012/201209131400.dump.gz,37222757,36486211,18893206,2252792
http://mawi.nezu.wide.ad.jp/mawi/samplepoint-F/2012/201209141400.dump.gz,40329238,39378388,21702687,2092415
http://mawi.nezu.wide.ad.jp/mawi/samplepoint-F/2012/201209151400.dump.gz,44141399,43645099,24322944,2323180
http://mawi.nezu.wide.ad.jp/mawi/samplepoint-F/2012/201209161400.dump.gz,43521945,43015291,22441441,3132665
http://mawi.nezu.wide.ad.jp/mawi/samplepoint-F/2012/201209171400.dump.gz,29065425,27918415,25870920,1438857
http://mawi.nezu.wide.ad.jp/mawi/samplepoint-F/2012/201209181400.dump.gz,23257322,22290319,19737144,1851015
http://mawi.nezu.wide.ad.jp/mawi/samplepoint-F/2012/201209191400.dump.gz,27874549,26456121,23548927,2113438
http://mawi.nezu.wide.ad.jp/mawi/samplepoint-F/2012/201209201400.dump.gz,33051704,30346591,27368111,2176151
http://mawi.nezu.wide.ad.jp/mawi/samplepoint-F/2012/201209211400.dump.gz,32520523,31114724,28589500,1788702
http://mawi.nezu.wide.ad.jp/mawi/samplepoint-F/2012/201209221400.dump.gz,23826814,21622740,19226911,1884992
http://mawi.nezu.wide.ad.jp/mawi/samplepoint-F/2012/201209231400.dump.gz,31746042,30296014,27021988,2768676
http://mawi.nezu.wide.ad.jp/mawi/samplepoint-F/2012/201209241400.dump.gz,29635567,27187590,23902983,2582542
http://mawi.nezu.wide.ad.jp/mawi/samplepoint-F/2012/201209251400.dump.gz,26264631,23159299,19734075,2649074
http://mawi.nezu.wide.ad.jp/mawi/samplepoint-F/2012/201209261400.dump.gz,33076458,30622768,27685138,2215532
http://mawi.nezu.wide.ad.jp/mawi/samplepoint-F/2012/201209271400.dump.gz,33314496,30665022,26642793,1994825
http://mawi.nezu.wide.ad.jp/mawi/samplepoint-F/2012/201209281400.dump.gz,35830630,33193963,29637088,1663859
http://mawi.nezu.wide.ad.jp/mawi/samplepoint-F/2012/201209291400.dump.gz,24136943,22869723,18392715,2839264
http://mawi.nezu.wide.ad.jp/mawi/samplepoint-F/2012/201209301400.dump.gz,33953354,32564806,27199261,3683644
http://mawi.nezu.wide.ad.jp/mawi/samplepoint-F/2012/201210011400.dump.gz,37264190,34317021,27833872,4336318
http://mawi.nezu.wide.ad.jp/mawi/samplepoint-F/2012/201210021400.dump.gz,44617586,40711309,35512139,3290760
http://mawi.nezu.wide.ad.jp/mawi/samplepoint-F/2012/201210031400.dump.gz,38864429,35449229,29994981,3513541
http://mawi.nezu.wide.ad.jp/mawi/samplepoint-F/2012/201210041400.dump.gz,35497528,33135290,28221217,3049868
http://mawi.nezu.wide.ad.jp/mawi/samplepoint-F/2012/201210051400.dump.gz,33036293,31311569,25801781,3354981
http://mawi.nezu.wide.ad.jp/mawi/samplepoint-F/2012/201210061400.dump.gz,32954564,30383112,25944902,2462730
http://mawi.nezu.wide.ad.jp/mawi/samplepoint-F/2012/201210071400.dump.gz,33055757,31608986,26827071,2998077
http://mawi.nezu.wide.ad.jp/mawi/samplepoint-F/2012/201210081400.dump.gz,25611177,24193589,19526443,2815965
http://mawi.nezu.wide.ad.jp/mawi/samplepoint-F/2012/201210091400.dump.gz,37377396,35439784,28380502,3255398
http://mawi.nezu.wide.ad.jp/mawi/samplepoint-F/2012/201210101400.dump.gz,42708297,40934653,36069709,2563515
http://mawi.nezu.wide.ad.jp/mawi/samplepoint-F/2012/201210111400.dump.gz,37719584,35941681,30394854,3211998
http://mawi.nezu.wide.ad.jp/mawi/samplepoint-F/2012/201210121400.dump.gz,37367751,36128240,28491310,3597515
http://mawi.nezu.wide.ad.jp/mawi/samplepoint-F/2012/201210131400.dump.gz,30292117,26897372,22964420,2164630
http://mawi.nezu.wide.ad.jp/mawi/samplepoint-F/2012/201210141400.dump.gz,21685851,19242545,13799757,2335686
http://mawi.nezu.wide.ad.jp/mawi/samplepoint-F/2012/201210151400.dump.gz,37723597,33221269,28029776,2686139
http://mawi.nezu.wide.ad.jp/mawi/samplepoint-F/2012/201210161400.dump.gz,32538371,30308408,23862956,4100426
http://mawi.nezu.wide.ad.jp/mawi/samplepoint-F/2012/201210171400.dump.gz,35044323,32547599,24004790,3825878
http://mawi.nezu.wide.ad.jp/mawi/samplepoint-F/2012/201210181400.dump.gz,33547974,31521402,26429483,2880391
http://mawi.nezu.wide.ad.jp/mawi/samplepoint-F/2012/201210191400.dump.gz,26036370,23843126,19611426,2127258
http://mawi.nezu.wide.ad.jp/mawi/samplepoint-F/2012/201210201400.dump.gz,22013735,21144262,17528604,1821037
http://mawi.nezu.wide.ad.jp/mawi/samplepoint-F/2012/201210211400.dump.gz,32066547,30826726,25381343,3363623
http://mawi.nezu.wide.ad.jp/mawi/samplepoint-F/2012/201210221400.dump.gz,37545699,35422785,31103913,2342600
http://mawi.nezu.wide.ad.jp/mawi/samplepoint-F/2012/201210231400.dump.gz,26652198,24673658,21574001,1809073
http://mawi.nezu.wide.ad.jp/mawi/samplepoint-F/2012/201210241400.dump.gz,28426295,26629625,21833862,2441065
http://mawi.nezu.wide.ad.jp/mawi/samplepoint-F/2012/201210251400.dump.gz,38348214,35251687,29139436,3768462
http://mawi.nezu.wide.ad.jp/mawi/samplepoint-F/2012/201210261400.dump.gz,24891790,23221866,18580074,2523501
http://mawi.nezu.wide.ad.jp/mawi/samplepoint-F/2012/201210271400.dump.gz,29356398,29044374,8676937,2571950
http://mawi.nezu.wide.ad.jp/mawi/samplepoint-F/2012/201210281400.dump.gz,24633823,24353310,4925601,1287540
http://mawi.nezu.wide.ad.jp/mawi/samplepoint-F/2012/201210291400.dump.gz,43338762,41397000,20759913,2329373
http://mawi.nezu.wide.ad.jp/mawi/samplepoint-F/2012/201210301400.dump.gz,44822736,42505868,20876062,3683465
http://mawi.nezu.wide.ad.jp/mawi/samplepoint-F/2012/201210311400.dump.gz,48955923,46871491,27148563,2817335
http://mawi.nezu.wide.ad.jp/mawi/samplepoint-F/2012/201211011400.dump.gz,45699186,44317055,24087679,3841179
http://mawi.nezu.wide.ad.jp/mawi/samplepoint-F/2012/201211021400.dump.gz,44469047,43092801,19310722,2333750
http://mawi.nezu.wide.ad.jp/mawi/samplepoint-F/2012/201211031400.dump.gz,46310962,45146585,18171524,2295207
http://mawi.nezu.wide.ad.jp/mawi/samplepoint-F/2012/201211041400.dump.gz,37076880,36235038,12560105,1494518
http://mawi.nezu.wide.ad.jp/mawi/samplepoint-F/2012/201211051400.dump.gz,47742474,46128415,26610103,1718653
http://mawi.nezu.wide.ad.jp/mawi/samplepoint-F/2012/201211061400.dump.gz,51261221,49503434,25695330,2663099
http://mawi.nezu.wide.ad.jp/mawi/samplepoint-F/2012/201211071400.dump.gz,55772982,53508133,24345691,1798351
http://mawi.nezu.wide.ad.jp/mawi/samplepoint-F/2012/201211081400.dump.gz,52640936,50753601,25160496,2618978
http://mawi.nezu.wide.ad.jp/mawi/samplepoint-F/2012/201211091400.dump.gz,55032695,51028499,28474872,3231401
http://mawi.nezu.wide.ad.jp/mawi/samplepoint-F/2012/201211101400.dump.gz,20738038,19703209,16960604,1456132
http://mawi.nezu.wide.ad.jp/mawi/samplepoint-F/2012/201211111400.dump.gz,19562534,18547377,15248356,2443653
http://mawi.nezu.wide.ad.jp/mawi/samplepoint-F/2012/201211121400.dump.gz,27204278,24374726,20650768,2709341
http://mawi.nezu.wide.ad.jp/mawi/samplepoint-F/2012/201211131400.dump.gz,35161172,32961539,28619642,3327923
http://mawi.nezu.wide.ad.jp/mawi/samplepoint-F/2012/201211141400.dump.gz,32814730,30835464,27141467,2648264
http://mawi.nezu.wide.ad.jp/mawi/samplepoint-F/2012/201211151400.dump.gz,37567111,34785854,27235738,6128642
http://mawi.nezu.wide.ad.jp/mawi/samplepoint-F/2012/201211161400.dump.gz,47170674,45527350,34534398,9704271
http://mawi.nezu.wide.ad.jp/mawi/samplepoint-F/2012/201211171400.dump.gz,26969153,25801537,14941206,9179168
http://mawi.nezu.wide.ad.jp/mawi/samplepoint-F/2012/201211181400.dump.gz,36739949,35478785,18493050,14579610
http://mawi.nezu.wide.ad.jp/mawi/samplepoint-F/2012/201211191400.dump.gz,42398030,40350190,27971341,10043972
http://mawi.nezu.wide.ad.jp/mawi/samplepoint-F/2012/201211201400.dump.gz,28465701,26824376,22331060,2616266
http://mawi.nezu.wide.ad.jp/mawi/samplepoint-F/2012/201211211400.dump.gz,38341001,36897905,23981330,2431096
http://mawi.nezu.wide.ad.jp/mawi/samplepoint-F/2012/201211221400.dump.gz,30375749,28672002,23580821,2897774
http://mawi.nezu.wide.ad.jp/mawi/samplepoint-F/2012/201211231400.dump.gz,30468045,29189127,25265748,1904919
http://mawi.nezu.wide.ad.jp/mawi/samplepoint-F/2012/201211241400.dump.gz,22531472,20887507,15966446,2916873
http://mawi.nezu.wide.ad.jp/mawi/samplepoint-F/2012/201211251400.dump.gz,21514258,20499104,15610168,3274397
http://mawi.nezu.wide.ad.jp/mawi/samplepoint-F/2012/201211261400.dump.gz,27554476,26082725,21169023,3009723
http://mawi.nezu.wide.ad.jp/mawi/samplepoint-F/2012/201211271400.dump.gz,39968137,37267703,31642244,3299618
http://mawi.nezu.wide.ad.jp/mawi/samplepoint-F/2012/201211281400.dump.gz,35094265,32675091,24984625,5453714
http://mawi.nezu.wide.ad.jp/mawi/samplepoint-F/2012/201211291400.dump.gz,33434620,30911333,25822887,3026083
http://mawi.nezu.wide.ad.jp/mawi/samplepoint-F/2012/201211301400.dump.gz,40398333,38313719,33597683,2616194
http://mawi.nezu.wide.ad.jp/mawi/samplepoint-F/2012/201212011400.dump.gz,22004720,20696979,17444208,1835691
http://mawi.nezu.wide.ad.jp/mawi/samplepoint-F/2012/201212021400.dump.gz,17140654,15984106,13581997,1766916
http://mawi.nezu.wide.ad.jp/mawi/samplepoint-F/2012/201212031400.dump.gz,27169668,24805910,21635868,2127711
http://mawi.nezu.wide.ad.jp/mawi/samplepoint-F/2012/201212041400.dump.gz,37617385,34837682,29964646,2552058
http://mawi.nezu.wide.ad.jp/mawi/samplepoint-F/2012/201212051400.dump.gz,31845506,29483267,24859833,2456214
http://mawi.nezu.wide.ad.jp/mawi/samplepoint-F/2012/201212061400.dump.gz,42949546,40721631,35531352,3094955
http://mawi.nezu.wide.ad.jp/mawi/samplepoint-F/2012/201212071400.dump.gz,35894438,33527977,28204839,3094966
http://mawi.nezu.wide.ad.jp/mawi/samplepoint-F/2012/201212081400.dump.gz,22948034,21500155,17269047,2268716
http://mawi.nezu.wide.ad.jp/mawi/samplepoint-F/2012/201212091400.dump.gz,23785077,22654363,18436295,2297280
http://mawi.nezu.wide.ad.jp/mawi/samplepoint-F/2012/201212101400.dump.gz,38116708,36118368,31350803,2509496
http://mawi.nezu.wide.ad.jp/mawi/samplepoint-F/2012/201212111400.dump.gz,32011764,29679002,24462726,3059133
http://mawi.nezu.wide.ad.jp/mawi/samplepoint-F/2012/201212121400.dump.gz,33920455,31001050,26215966,2448220
http://mawi.nezu.wide.ad.jp/mawi/samplepoint-F/2012/201212131400.dump.gz,36679484,33932669,28053281,3541683
http://mawi.nezu.wide.ad.jp/mawi/samplepoint-F/2012/201212141400.dump.gz,31029707,29328841,21835952,5216518
http://mawi.nezu.wide.ad.jp/mawi/samplepoint-F/2012/201212151400.dump.gz,24802870,23029840,18630358,2218095
http://mawi.nezu.wide.ad.jp/mawi/samplepoint-F/2012/201212161400.dump.gz,29244064,27978494,23955525,2030023
http://mawi.nezu.wide.ad.jp/mawi/samplepoint-F/2012/201212171400.dump.gz,29189917,26562549,22288613,2006318
http://mawi.nezu.wide.ad.jp/mawi/samplepoint-F/2012/201212181400.dump.gz,46876177,44220215,23707056,3243628
http://mawi.nezu.wide.ad.jp/mawi/samplepoint-F/2012/201212191400.dump.gz,46373480,43910410,22803673,3056147
http://mawi.nezu.wide.ad.jp/mawi/samplepoint-F/2012/201212201400.dump.gz,38244462,36120628,21296970,2310254
http://mawi.nezu.wide.ad.jp/mawi/samplepoint-F/2012/201212211400.dump.gz,48405010,45968840,25382526,3416160
http://mawi.nezu.wide.ad.jp/mawi/samplepoint-F/2012/201212221400.dump.gz,43905739,42446557,21437207,4206431
http://mawi.nezu.wide.ad.jp/mawi/samplepoint-F/2012/201212231400.dump.gz,34921660,33693612,16122096,1839218
http://mawi.nezu.wide.ad.jp/mawi/samplepoint-F/2012/201212241400.dump.gz,37189965,35171008,16826761,2445798
http://mawi.nezu.wide.ad.jp/mawi/samplepoint-F/2012/201212251400.dump.gz,38687821,36809568,17061059,1745317
http://mawi.nezu.wide.ad.jp/mawi/samplepoint-F/2012/201212261400.dump.gz,44985265,42867587,24320146,2636298
http://mawi.nezu.wide.ad.jp/mawi/samplepoint-F/2012/201212271400.dump.gz,41030984,38445395,19188917,3168786
http://mawi.nezu.wide.ad.jp/mawi/samplepoint-F/2012/201212281400.dump.gz,35944652,34555071,16618959,2221816
http://mawi.nezu.wide.ad.jp/mawi/samplepoint-F/2012/201212291400.dump.gz,31926705,30828856,12467105,2612571
http://mawi.nezu.wide.ad.jp/mawi/samplepoint-F/2012/201212301400.dump.gz,33319699,32505296,15022607,1603718
