url,total,ip,tcp,udp
http://mawi.nezu.wide.ad.jp/mawi/samplepoint-F/2013/201212311400.dump.gz,29699568,28316212,11537723,1133074
http://mawi.nezu.wide.ad.jp/mawi/samplepoint-F/2013/201301011400.dump.gz,15934869,15065257,11594927,2493394
http://mawi.nezu.wide.ad.jp/mawi/samplepoint-F/2013/201301021400.dump.gz,17288148,16050479,12653659,2222294
http://mawi.nezu.wide.ad.jp/mawi/samplepoint-F/2013/201301031400.dump.gz,19751701,18270057,12711854,3205471
http://mawi.nezu.wide.ad.jp/mawi/samplepoint-F/2013/201301041400.dump.gz,23805630,22541303,17254194,3131785
http://mawi.nezu.wide.ad.jp/mawi/samplepoint-F/2013/201301051400.dump.gz,19455386,18036314,13545322,2317417
http://mawi.nezu.wide.ad.jp/mawi/samplepoint-F/2013/201301061400.dump.gz,20298315,18743415,14843051,1816691
http://mawi.nezu.wide.ad.jp/mawi/samplepoint-F/2013/201301071400.dump.gz,30768403,28550390,23179093,2876691
http://mawi.nezu.wide.ad.jp/mawi/samplepoint-F/2013/201301081400.dump.gz,34867195,32442156,27832069,2096757
http://mawi.nezu.wide.ad.jp/mawi/samplepoint-F/2013/201301091400.dump.gz,40073103,37290827,32355135,2445784
http://mawi.nezu.wide.ad.jp/mawi/samplepoint-F/2013/201301101400.dump.gz,29227853,27487403,20545422,4914100
http://mawi.nezu.wide.ad.jp/mawi/samplepoint-F/2013/201301111400.dump.gz,35768073,33248704,28039358,2898483
http://mawi.nezu.wide.ad.jp/mawi/samplepoint-F/2013/201301121400.dump.gz,26753100,25110535,19980535,2736968
http://mawi.nezu.wide.ad.jp/mawi/samplepoint-F/2013/201301131400.dump.gz,22257777,20683074,15414961,3084709
http://mawi.nezu.wide.ad.jp/mawi/samplepoint-F/2013/201301141400.dump.gz,26386943,25076354,19487365,3713665
http://mawi.nezu.wide.ad.jp/mawi/samplepoint-F/2013/201301151400.dump.gz,28913077,26322363,20728383,2797717
http://mawi.nezu.wide.ad.jp/mawi/samplepoint-F/2013/201301161400.dump.gz,26301845,24076764,19714781,1858910
http://mawi.nezu.wide.ad.jp/mawi/samplepoint-F/2013/201301171400.dump.gz,33297280,31074501,26765081,1893958
http://mawi.nezu.wide.ad.jp/mawi/samplepoint-F/2013/201301181400.dump.gz,27996893,26201646,19512992,3649747
http://mawi.nezu.wide.ad.jp/mawi/samplepoint-F/2013/201301191400.dump.gz,20671602,19267620,13211682,3796243
http://mawi.nezu.wide.ad.jp/mawi/samplepoint-F/2013/201301201400.dump.gz,19830485,18986953,12941716,3439097
http://mawi.nezu.wide.ad.jp/mawi/samplepoint-F/2013/201301211400.dump.gz,30580286,28172793,22118334,3005781
http://mawi.nezu.wide.ad.jp/mawi/samplepoint-F/2013/201301221400.dump.gz,35636502,34247585,29436182,2761659
http://mawi.nezu.wide.ad.jp/mawi/samplepoint-F/2013/201301231400.dump.gz,26658541,24923965,18153162,4522744
http://mawi.nezu.wide.ad.jp/mawi/samplepoint-F/2013/201301241400.dump.gz,24044820,22320059,16819708,3013178
http://mawi.nezu.wide.ad.jp/mawi/samplepoint-F/2013/201301251400.dump.gz,37309636,35686206,13449527,2819491
http://mawi.nezu.wide.ad.jp/mawi/samplepoint-F/2013/201301261400.dump.gz,38128937,35746390,14511133,1911343
http://mawi.nezu.wide.ad.jp/mawi/samplepoint-F/2013/201301271400.dump.gz,40296864,38680403,17488190,3093403
http://mawi.nezu.wide.ad.jp/mawi/samplepoint-F/2013/201301281400.dump.gz,41118072,39245701,17577267,3128843
http://mawi.nezu.wide.ad.jp/mawi/samplepoint-F/2013/201301291400.dump.gz,39104509,37603160,17922060,2161563
http://mawi.nezu.wide.ad.jp/mawi/samplepoint-F/2013/201301301400.dump.gz,30911894,29279011,18491022,1762387
http://mawi.nezu.wide.ad.jp/mawi/samplepoint-F/2013/201301311400.dump.gz,25490831,23921034,18514845,2812093
http://mawi.nezu.wide.ad.jp/mawi/samplepoint-F/2013/201302011400.dump.gz,30742615,29218700,23875178,2695653
http://mawi.nezu.wide.ad.jp/mawi/samplepoint-F/2013/201302021400.dump.gz,35275411,33437054,12606302,4024815
http://mawi.nezu.wide.ad.jp/mawi/samplepoint-F/2013/201302031400.dump.gz,34474100,33615432,12191672,3869390
http://mawi.nezu.wide.ad.jp/mawi/samplepoint-F/2013/201302041400.dump.gz,37169841,35460684,15496635,3062333
http://mawi.nezu.wide.ad.jp/mawi/samplepoint-F/2013/201302051400.dump.gz,40098996,38819061,18799814,3573226
http://mawi.nezu.wide.ad.jp/mawi/samplepoint-F/2013/201302061400.dump.gz,38004079,36710492,18913214,1915969
http://mawi.nezu.wide.ad.jp/mawi/samplepoint-F/2013/201302071400.dump.gz,38074127,36534472,17452467,3151866
http://mawi.nezu.wide.ad.jp/mawi/samplepoint-F/2013/201302081400.dump.gz,38050509,36439093,18206993,2232367
http://mawi.nezu.wide.ad.jp/mawi/samplepoint-F/2013/201302091400.dump.gz,50088448,49043272,10900351,4205724
http://mawi.nezu.wide.ad.jp/mawi/samplepoint-F/2013/201302101400.dump.gz,50014903,47228540,10122152,2552343
http://mawi.nezu.wide.ad.jp/mawi/samplepoint-F/2013/201302111400.dump.gz,52872297,51381729,12231418,4973409
http://mawi.nezu.wide.ad.jp/mawi/samplepoint-F/2013/201302121400.dump.gz,55756346,53923053,21844059,4170440
http://mawi.nezu.wide.ad.jp/mawi/samplepoint-F/2013/201302131400.dump.gz,63594673,61791675,24002322,3426951
http://mawi.nezu.wide.ad.jp/mawi/samplepoint-F/2013/201302141400.dump.gz,57513807,55689736,19740037,1722803
http://mawi.nezu.wide.ad.jp/mawi/samplepoint-F/2013/201302151400.dump.gz,57064817,55468734,17211562,1854639
http://mawi.nezu.wide.ad.jp/mawi/samplepoint-F/2013/201302161400.dump.gz,21148393,20051277,16264494,2909783
http://mawi.nezu.wide.ad.jp/mawi/samplepoint-F/2013/201302171400.dump.gz,19552588,18437949,14819196,2782070
http://mawi.nezu.wide.ad.jp/mawi/samplepoint-F/2013/201302181400.dump.gz,28061542,26698291,21902856,3950583
http://mawi.nezu.wide.ad.jp/mawi/samplepoint-F/2013/201302191400.dump.gz,27623677,26161426,23668309,1457857
http://mawi.nezu.wide.ad.jp/mawi/samplepoint-F/2013/201302201400.dump.gz,27129508,25064662,21722835,2126004
http://mawi.nezu.wide.ad.jp/mawi/samplepoint-F/2013/201302211400.dump.gz,25961416,23602336,18629195,2467952
http://mawi.nezu.wide.ad.jp/mawi/samplepoint-F/2013/201302221400.dump.gz,28475376,26736500,22195019,3206850
http://mawi.nezu.wide.ad.jp/mawi/samplepoint-F/2013/201302231400.dump.gz,18893995,17280277,12948909,2372394
http://mawi.nezu.wide.ad.jp/mawi/samplepoint-F/2013/201302241400.dump.gz,18889757,17217143,10987729,4236751
http://mawi.nezu.wide.ad.jp/mawi/samplepoint-F/2013/201302251400.dump.gz,25266092,23606979,15608811,3315620
http://mawi.nezu.wide.ad.jp/mawi/samplepoint-F/2013/201302281400.dump.gz,25581540,22933057,19049521,1926442
http://mawi.nezu.wide.ad.jp/mawi/samplepoint-F/2013/201303011400.dump.gz,25715415,23938828,19170054,2746802
http://mawi.nezu.wide.ad.jp/mawi/samplepoint-F/2013/201303021400.dump.gz,19724882,18197144,11120595,2831648
http://mawi.nezu.wide.ad.jp/mawi/samplepoint-F/2013/201303031400.dump.gz,18447210,16848785,10339228,2178253
http://mawi.nezu.wide.ad.jp/mawi/samplepoint-F/2013/201303041400.dump.gz,27470154,24700469,19302835,2503019
http://mawi.nezu.wide.ad.jp/mawi/samplepoint-F/2013/201303051400.dump.gz,27036714,25451901,19248336,3941679
http://mawi.nezu.wide.ad.jp/mawi/samplepoint-F/2013/201303061400.dump.gz,25457929,23577646,19736087,1768238
http://mawi.nezu.wide.ad.jp/mawi/samplepoint-F/2013/201303071400.dump.gz,29440918,27441067,21954977,3379349
http://mawi.nezu.wide.ad.jp/mawi/samplepoint-F/2013/201303081400.dump.gz,29154518,27338889,22359553,2808967
http://mawi.nezu.wide.ad.jp/mawi/samplepoint-F/2013/201303091400.dump.gz,20803168,19174583,15760344,1844544
http://mawi.nezu.wide.ad.jp/mawi/samplepoint-F/2013/201303101400.dump.gz,23440966,21780551,17602112,2120972
http://mawi.nezu.wide.ad.jp/mawi/samplepoint-F/2013/201303111400.dump.gz,35214677,32697427,27671940,1953365
http://mawi.nezu.wide.ad.jp/mawi/samplepoint-F/2013/201303121400.dump.gz,28491064,26214951,21017012,2018766
http://mawi.nezu.wide.ad.jp/mawi/samplepoint-F/2013/201303131400.dump.gz,31223857,29222214,23444623,2377829
http://mawi.nezu.wide.ad.jp/mawi/samplepoint-F/2013/201303141400.dump.gz,36699950,33790195,22929443,7488008
http://mawi.nezu.wide.ad.jp/mawi/samplepoint-F/2013/201303151400.dump.gz,26540824,23665294,17675636,3316765
http://mawi.nezu.wide.ad.jp/mawi/samplepoint-F/2013/201303161400.dump.gz,22427581,19647356,14920719,2001966
http://mawi.nezu.wide.ad.jp/mawi/samplepoint-F/2013/201303171400.dump.gz,19447176,16677826,12866251,1817385
http://mawi.nezu.wide.ad.jp/mawi/samplepoint-F/2013/201303181400.dump.gz,25553089,22302047,16741606,3153894
http://mawi.nezu.wide.ad.jp/mawi/samplepoint-F/2013/201303191400.dump.gz,20380179,18445268,13024357,1911771
http://mawi.nezu.wide.ad.jp/mawi/samplepoint-F/2013/201303201400.dump.gz,28101440,26547869,19366358,3022465
http://mawi.nezu.wide.ad.jp/mawi/samplepoint-F/2013/201303211400.dump.gz,24434259,22800766,16386325,2597271
http://mawi.nezu.wide.ad.jp/mawi/samplepoint-F/2013/201303221400.dump.gz,33225413,31577699,26101788,2180207
http://mawi.nezu.wide.ad.jp/mawi/samplepoint-F/2013/201303231400.dump.gz,21090493,19757754,14451813,2763748
http://mawi.nezu.wide.ad.jp/mawi/samplepoint-F/2013/201303241400.dump.gz,22101523,20754513,15925137,2313557
http://mawi.nezu.wide.ad.jp/mawi/samplepoint-F/2013/201303251400.dump.gz,25319338,22905136,16945267,3097862
http://mawi.nezu.wide.ad.jp/mawi/samplepoint-F/2013/201303261400.dump.gz,30050829,28152323,22738440,2885297
http://mawi.nezu.wide.ad.jp/mawi/samplepoint-F/2013/201303271400.dump.gz,42332293,38894887,17363192,3633824
http://mawi.nezu.wide.ad.jp/mawi/samplepoint-F/2013/201303281400.dump.gz,40315721,38306348,18927481,2889536
http://mawi.nezu.wide.ad.jp/mawi/samplepoint-F/2013/201303291400.dump.gz,45916392,43861233,24754980,2818666
http://mawi.nezu.wide.ad.jp/mawi/samplepoint-F/2013/201303301400.dump.gz,35383406,34640794,15249699,3214148
http://mawi.nezu.wide.ad.jp/mawi/samplepoint-F/2013/201303311400.dump.gz,51279877,50319589,31386526,2520672
http://mawi.nezu.wide.ad.jp/mawi/samplepoint-F/2013/201304011400.dump.gz,48422229,45954892,26881506,2291056
http://mawi.nezu.wide.ad.jp/mawi/samplepoint-F/2013/201304021400.dump.gz,59901286,57744666,37252130,3166981
http://mawi.nezu.wide.ad.jp/mawi/samplepoint-F/2013/201304031400.dump.gz,49688950,48697612,30218848,2286373
http://mawi.nezu.wide.ad.jp/mawi/samplepoint-F/2013/201304041400.dump.gz,39485189,37991710,20050340,1821416
http://mawi.nezu.wide.ad.jp/mawi/samplepoint-F/2013/201304051400.dump.gz,54688461,53092357,35184600,1754071
http://mawi.nezu.wide.ad.jp/mawi/samplepoint-F/2013/201304061400.dump.gz,34115428,32732647,15207822,1836049
http://mawi.nezu.wide.ad.jp/mawi/samplepoint-F/2013/201304071400.dump.gz,34851042,33987496,15830582,2519775
http://mawi.nezu.wide.ad.jp/mawi/samplepoint-F/2013/201304081400.dump.gz,51798164,50045490,31613593,2296286
http://mawi.nezu.wide.ad.jp/mawi/samplepoint-F/2013/201304091400.dump.gz,54086714,51494286,29909659,1954631
http://mawi.nezu.wide.ad.jp/mawi/samplepoint-F/2013/201304101400.dump.gz,36559034,33798703,30775854,1760991
http://mawi.nezu.wide.ad.jp/mawi/samplepoint-F/2013/201304111400.dump.gz,41429258,38454244,33271275,3280035
http://mawi.nezu.wide.ad.jp/mawi/samplepoint-F/2013/201304121400.dump.gz,34968777,32858420,29605278,2054675
http://mawi.nezu.wide.ad.jp/mawi/samplepoint-F/2013/201304131400.dump.gz,25144538,23741155,20877575,1918412
http://mawi.nezu.wide.ad.jp/mawi/samplepoint-F/2013/201304141400.dump.gz,49807415,48035082,13499313,3393248
http://mawi.nezu.wide.ad.jp/mawi/samplepoint-F/2013/201304151400.dump.gz,60070921,57002543,29078350,2892727
http://mawi.nezu.wide.ad.jp/mawi/samplepoint-F/2013/201304161400.dump.gz,64908232,61142856,38827515,2118931
http://mawi.nezu.wide.ad.jp/mawi/samplepoint-F/2013/201304171400.dump.gz,73847941,69213868,38566990,1703812
http://mawi.nezu.wide.ad.jp/mawi/samplepoint-F/2013/201304181400.dump.gz,67912819,64581746,41066257,2553733
http://mawi.nezu.wide.ad.jp/mawi/samplepoint-F/2013/201304191400.dump.gz,59355708,57452508,33791572,2501112
http://mawi.nezu.wide.ad.jp/mawi/samplepoint-F/2013/201304201400.dump.gz,46006144,44569101,22136298,2245093
http://mawi.nezu.wide.ad.jp/mawi/samplepoint-F/2013/201304211400.dump.gz,42861777,41644223,24460212,3961234
http://mawi.nezu.wide.ad.jp/mawi/samplepoint-F/2013/201304221400.dump.gz,61840502,59912905,36026540,2902551
http://mawi.nezu.wide.ad.jp/mawi/samplepoint-F/2013/201304231400.dump.gz,58386902,55599335,32378570,2436551
http://mawi.nezu.wide.ad.jp/mawi/samplepoint-F/2013/201304241400.dump.gz,54483362,53244367,29834278,2927458
http://mawi.nezu.wide.ad.jp/mawi/samplepoint-F/2013/201304251400.dump.gz,63520341,60701056,36883772,3480453
http://mawi.nezu.wide.ad.jp/mawi/samplepoint-F/2013/201304261400.dump.gz,37094876,35175939,24668988,2218424
http://mawi.nezu.wide.ad.jp/mawi/samplepoint-F/2013/201304271400.dump.gz,45226870,44174675,22128092,2153764
http://mawi.nezu.wide.ad.jp/mawi/samplepoint-F/2013/201304281400.dump.gz,40589582,39737225,18255639,1623920
http://mawi.nezu.wide.ad.jp/mawi/samplepoint-F/2013/201304291400.dump.gz,42804398,41933122,19502477,2156782
http://mawi.nezu.wide.ad.jp/mawi/samplepoint-F/2013/201304301400.dump.gz,45058096,43302255,20746070,1949590
http://mawi.nezu.wide.ad.jp/mawi/samplepoint-F/2013/201305011400.dump.gz,56421863,53248158,29010075,1694138
http://mawi.nezu.wide.ad.jp/mawi/samplepoint-F/2013/201305021400.dump.gz,52131384,50131108,25696607,2074232
http://mawi.nezu.wide.ad.jp/mawi/samplepoint-F/2013/201305031400.dump.gz,44473378,43079404,19682563,1533209
http://mawi.nezu.wide.ad.jp/mawi/samplepoint-F/2013/201305041400.dump.gz,37927905,37080326,13517065,1644311
http://mawi.nezu.wide.ad.jp/mawi/samplepoint-F/2013/201305051400.dump.gz,40787983,39817814,16686570,1274676
http://mawi.nezu.wide.ad.jp/mawi/samplepoint-F/2013/201305061400.dump.gz,43589186,42835651,18147589,2858264
http://mawi.nezu.wide.ad.jp/mawi/samplepoint-F/2013/201305071400.dump.gz,58693455,56379944,31786586,2376597
http://mawi.nezu.wide.ad.jp/mawi/samplepoint-F/2013/201305081400.dump.gz,53077415,50995075,26337445,2235197
http://mawi.nezu.wide.ad.jp/mawi/samplepoint-F/2013/201305091400.dump.gz,58574909,55036743,30782902,2159769
http://mawi.nezu.wide.ad.jp/mawi/samplepoint-F/2013/201305101400.dump.gz,47936947,46253031,25079376,2686561
http://mawi.nezu.wide.ad.jp/mawi/samplepoint-F/2013/201305111400.dump.gz,50353420,46891261,21960099,1865104
http://mawi.nezu.wide.ad.jp/mawi/samplepoint-F/2013/201305121400.dump.gz,44979931,42259469,17416009,2304368
http://mawi.nezu.wide.ad.jp/mawi/samplepoint-F/2013/201305131400.dump.gz,57546815,53058326,27114890,2397837
http://mawi.nezu.wide.ad.jp/mawi/samplepoint-F/2013/201305141400.dump.gz,60284098,56988340,34484108,2464098
http://mawi.nezu.wide.ad.jp/mawi/samplepoint-F/2013/201305151400.dump.gz,58408262,56224956,35146848,2181890
http://mawi.nezu.wide.ad.jp/mawi/samplepoint-F/2013/201305161400.dump.gz,61864906,58978789,32253847,4110788
http://mawi.nezu.wide.ad.jp/mawi/samplepoint-F/2013/201305171400.dump.gz,65233293,62248144,37645010,3093381
http://mawi.nezu.wide.ad.jp/mawi/samplepoint-F/2013/201305181400.dump.gz,43838235,42653642,19539362,2270613
http://mawi.nezu.wide.ad.jp/mawi/samplepoint-F/2013/201305191400.dump.gz,52183695,50340393,28054626,3119056
http://mawi.nezu.wide.ad.jp/mawi/samplepoint-F/2013/201305201400.dump.gz,58828998,56206155,31742770,2522124
http://mawi.nezu.wide.ad.jp/mawi/samplepoint-F/2013/201305211400.dump.gz,60924180,58359058,30334982,2041547
http://mawi.nezu.wide.ad.jp/mawi/samplepoint-F/2013/201305221400.dump.gz,56703281,55046970,30885441,1990136
http://mawi.nezu.wide.ad.jp/mawi/samplepoint-F/2013/201305231400.dump.gz,58725249,56703123,32974113,2672556
http://mawi.nezu.wide.ad.jp/mawi/samplepoint-F/2013/201305241400.dump.gz,59037906,56335433,29650385,4782150
http://mawi.nezu.wide.ad.jp/mawi/samplepoint-F/2013/201305251400.dump.gz,49641884,48044168,21454281,1977000
http://mawi.nezu.wide.ad.jp/mawi/samplepoint-F/2013/201305261400.dump.gz,41670580,39106374,14447660,2277552
http://mawi.nezu.wide.ad.jp/mawi/samplepoint-F/2013/201305271400.dump.gz,57513203,54968163,28366538,5099880
http://mawi.nezu.wide.ad.jp/mawi/samplepoint-F/2013/201305281400.dump.gz,57890181,54612796,28069265,4201398
http://mawi.nezu.wide.ad.jp/mawi/samplepoint-F/2013/201305291400.dump.gz,62260186,59039998,33233583,2512713
http://mawi.nezu.wide.ad.jp/mawi/samplepoint-F/2013/201305301400.dump.gz,60782165,58856572,33368676,3804886
http://mawi.nezu.wide.ad.jp/mawi/samplepoint-F/2013/201305311400.dump.gz,60946439,57157939,40047612,2851161
http://mawi.nezu.wide.ad.jp/mawi/samplepoint-F/2013/201306011400.dump.gz,46908238,44932828,19438001,3175534
http://mawi.nezu.wide.ad.jp/mawi/samplepoint-F/2013/201306021400.dump.gz,38558665,37779138,15053597,1950048
http://mawi.nezu.wide.ad.jp/mawi/samplepoint-F/2013/201306031400.dump.gz,67650720,63825109,36692785,4124929
http://mawi.nezu.wide.ad.jp/mawi/samplepoint-F/2013/201306041400.dump.gz,65970146,62678325,33632108,1864855
http://mawi.nezu.wide.ad.jp/mawi/samplepoint-F/2013/201306051400.dump.gz,57148190,53364855,29647404,2999734
http://mawi.nezu.wide.ad.jp/mawi/samplepoint-F/2013/201306061400.dump.gz,61752259,58686731,36216851,2300695
http://mawi.nezu.wide.ad.jp/mawi/samplepoint-F/2013/201306071400.dump.gz,55368039,52469494,29688970,2206110
http://mawi.nezu.wide.ad.jp/mawi/samplepoint-F/2013/201306081400.dump.gz,45985239,44558818,21189376,2938158
http://mawi.nezu.wide.ad.jp/mawi/samplepoint-F/2013/201306091400.dump.gz,40958657,40345215,16281567,3585372
http://mawi.nezu.wide.ad.jp/mawi/samplepoint-F/2013/201306101400.dump.gz,62175590,56386948,32257273,2661179
http://mawi.nezu.wide.ad.jp/mawi/samplepoint-F/2013/201306111400.dump.gz,54519526,51344634,27405907,2523167
http://mawi.nezu.wide.ad.jp/mawi/samplepoint-F/2013/201306121400.dump.gz,66593637,63349704,35452277,2864824
http://mawi.nezu.wide.ad.jp/mawi/samplepoint-F/2013/201306131400.dump.gz,87846516,60858296,36841725,1434721
http://mawi.nezu.wide.ad.jp/mawi/samplepoint-F/2013/201306141400.dump.gz,55868174,53381438,31688151,2376649
http://mawi.nezu.wide.ad.jp/mawi/samplepoint-F/2013/201306151400.dump.gz,45526645,42877462,21835407,1501741
http://mawi.nezu.wide.ad.jp/mawi/samplepoint-F/2013/201306161400.dump.gz,40246826,39449979,16470767,2217479
http://mawi.nezu.wide.ad.jp/mawi/samplepoint-F/2013/201306171400.dump.gz,68174538,65795122,41682096,3042585
http://mawi.nezu.wide.ad.jp/mawi/samplepoint-F/2013/201306181400.dump.gz,53002263,49934268,29431413,2715505
http://mawi.nezu.wide.ad.jp/mawi/samplepoint-F/2013/201306191400.dump.gz,67857677,65232835,28647489,2140436
http://mawi.nezu.wide.ad.jp/mawi/samplepoint-F/2013/201306201400.dump.gz,74166449,71358862,31896220,2012002
http://mawi.nezu.wide.ad.jp/mawi/samplepoint-F/2013/201306211400.dump.gz,65445037,63568132,25547936,3266715
http://mawi.nezu.wide.ad.jp/mawi/samplepoint-F/2013/201306221400.dump.gz,58710578,55469008,19634945,1490997
http://mawi.nezu.wide.ad.jp/mawi/samplepoint-F/2013/201306231400.dump.gz,50614642,48987863,13378589,2035921
http://mawi.nezu.wide.ad.jp/mawi/samplepoint-F/2013/201306241400.dump.gz,72030545,69053645,32858338,3364184
http://mawi.nezu.wide.ad.jp/mawi/samplepoint-F/2013/201306251400.dump.gz,77137651,73660653,37092963,2391137
http://mawi.nezu.wide.ad.jp/mawi/samplepoint-F/2013/201306261400.dump.gz,72901036,69279898,32210892,3155375
http://mawi.nezu.wide.ad.jp/mawi/samplepoint-F/2013/201306271400.dump.gz,89213468,72342312,34086334,2358557
http://mawi.nezu.wide.ad.jp/mawi/samplepoint-F/2013/201306281400.dump.gz,62590578,60586173,29271920,2565453
http://mawi.nezu.wide.ad.jp/mawi/samplepoint-F/2013/201306291400.dump.gz,58897778,57921209,24879969,3281302
http://mawi.nezu.wide.ad.jp/mawi/samplepoint-F/2013/201306301400.dump.gz,54953617,51815487,15844419,2529351
http://mawi.nezu.wide.ad.jp/mawi/samplepoint-F/2013/201307011400.dump.gz,79650388,75391515,37998920,3400768
http://mawi.nezu.wide.ad.jp/mawi/samplepoint-F/2013/201307021400.dump.gz,72746321,66019710,32369528,3206838
http://mawi.nezu.wide.ad.jp/mawi/samplepoint-F/2013/201307031400.dump.gz,64211404,59362832,35356409,2794888
http://mawi.nezu.wide.ad.jp/mawi/samplepoint-F/2013/201307041400.dump.gz,67929894,62296567,36960913,3248030
http://mawi.nezu.wide.ad.jp/mawi/samplepoint-F/2013/201307051400.dump.gz,69027912,62350502,34535010,2911618
http://mawi.nezu.wide.ad.jp/mawi/samplepoint-F/2013/201307061400.dump.gz,45630076,44515310,20961431,2226856
http://mawi.nezu.wide.ad.jp/mawi/samplepoint-F/2013/201307071400.dump.gz,47209081,43408186,18480422,2254717
http://mawi.nezu.wide.ad.jp/mawi/samplepoint-F/2013/201307081400.dump.gz,69671168,64496896,40483118,2584065
http://mawi.nezu.wide.ad.jp/mawi/samplepoint-F/2013/201307091400.dump.gz,54250318,48574914,27985990,2027788
http://mawi.nezu.wide.ad.jp/mawi/samplepoint-F/2013/201307101400.dump.gz,59281654,54784487,30735468,2776633
http://mawi.nezu.wide.ad.jp/mawi/samplepoint-F/2013/201307111400.dump.gz,54470702,50548364,26766029,2323514
http://mawi.nezu.wide.ad.jp/mawi/samplepoint-F/2013/201307121400.dump.gz,66851046,50295164,26343813,1988983
http://mawi.nezu.wide.ad.jp/mawi/samplepoint-F/2013/201307131400.dump.gz,40245170,38175725,14100943,1793355
http://mawi.nezu.wide.ad.jp/mawi/samplepoint-F/2013/201307141400.dump.gz,49356147,47591748,13532359,5809245
http://mawi.nezu.wide.ad.jp/mawi/samplepoint-F/2013/201307151400.dump.gz,49691074,47965578,21499610,5599167
http://mawi.nezu.wide.ad.jp/mawi/samplepoint-F/2013/201307161400.dump.gz,65976991,61827756,35717877,4571969
http://mawi.nezu.wide.ad.jp/mawi/samplepoint-F/2013/201307171400.dump.gz,55661325,52589397,29442450,2262608
http://mawi.nezu.wide.ad.jp/mawi/samplepoint-F/2013/201307181400.dump.gz,61395536,56687070,32448447,2356721
http://mawi.nezu.wide.ad.jp/mawi/samplepoint-F/2013/201307191400.dump.gz,60016015,57074286,32823348,3217361
http://mawi.nezu.wide.ad.jp/mawi/samplepoint-F/2013/201307201400.dump.gz,46654881,45478920,21290097,3382481
http://mawi.nezu.wide.ad.jp/mawi/samplepoint-F/2013/201307211400.dump.gz,38935681,37442095,13638770,3215212
http://mawi.nezu.wide.ad.jp/mawi/samplepoint-F/2013/201307221400.dump.gz,56391380,53596502,27879428,4032542
http://mawi.nezu.wide.ad.jp/mawi/samplepoint-F/2013/201307231400.dump.gz,58918906,54503146,29379859,3957095
http://mawi.nezu.wide.ad.jp/mawi/samplepoint-F/2013/201307241400.dump.gz,60293304,56990883,30799484,3557343
http://mawi.nezu.wide.ad.jp/mawi/samplepoint-F/2013/201307251400.dump.gz,54007120,51316457,25812874,3521477
http://mawi.nezu.wide.ad.jp/mawi/samplepoint-F/2013/201307261400.dump.gz,58130512,55788085,30221573,2928761
http://mawi.nezu.wide.ad.jp/mawi/samplepoint-F/2013/201307271400.dump.gz,56841453,55541264,16413375,16768631
http://mawi.nezu.wide.ad.jp/mawi/samplepoint-F/2013/201307281400.dump.gz,36393614,35569741,13026765,3939158
http://mawi.nezu.wide.ad.jp/mawi/samplepoint-F/2013/201307291400.dump.gz,64027141,62175917,28657482,4351219
http://mawi.nezu.wide.ad.jp/mawi/samplepoint-F/2013/201307301400.dump.gz,55346306,52794646,25719239,3724582
http://mawi.nezu.wide.ad.jp/mawi/samplepoint-F/2013/201307311400.dump.gz,62104195,59604025,26679390,5506110
http://mawi.nezu.wide.ad.jp/mawi/samplepoint-F/2013/201308011400.dump.gz,59218259,53576504,23103995,4538391
http://mawi.nezu.wide.ad.jp/mawi/samplepoint-F/2013/201308021400.dump.gz,50383812,49155110,21288696,5758039
http://mawi.nezu.wide.ad.jp/mawi/samplepoint-F/2013/201308031400.dump.gz,40744729,39368915,14319014,3085721
http://mawi.nezu.wide.ad.jp/mawi/samplepoint-F/2013/201308041400.dump.gz,35799655,34880969,9941686,2582528
http://mawi.nezu.wide.ad.jp/mawi/samplepoint-F/2013/201308051400.dump.gz,54391243,52030223,26383319,2497182
http://mawi.nezu.wide.ad.jp/mawi/samplepoint-F/2013/201308061400.dump.gz,48399174,46165598,21545901,2495724
http://mawi.nezu.wide.ad.jp/mawi/samplepoint-F/2013/201308071400.dump.gz,46213709,44063197,19324497,2925738
http://mawi.nezu.wide.ad.jp/mawi/samplepoint-F/2013/201308081400.dump.gz,47572521,45476251,20022461,2006192
http://mawi.nezu.wide.ad.jp/mawi/samplepoint-F/2013/201308091400.dump.gz,38955098,37367349,15950484,2623207
http://mawi.nezu.wide.ad.jp/mawi/samplepoint-F/2013/201308101400.dump.gz,41902909,40598251,14477643,2786298
http://mawi.nezu.wide.ad.jp/mawi/samplepoint-F/2013/201308111400.dump.gz,37883647,35559818,9925138,3060175
http://mawi.nezu.wide.ad.jp/mawi/samplepoint-F/2013/201308121400.dump.gz,44738756,42519095,17201180,2973856
http://mawi.nezu.wide.ad.jp/mawi/samplepoint-F/2013/201308131400.dump.gz,45592962,43838238,18660269,3329171
http://mawi.nezu.wide.ad.jp/mawi/samplepoint-F/2013/201308141400.dump.gz,42429727,39993197,15050503,2911266
http://mawi.nezu.wide.ad.jp/mawi/samplepoint-F/2013/201308151400.dump.gz,36077352,34851128,12119459,4528604
http://mawi.nezu.wide.ad.jp/mawi/samplepoint-F/2013/201308161400.dump.gz,41058696,39096969,13462289,3009115
http://mawi.nezu.wide.ad.jp/mawi/samplepoint-F/2013/201308171400.dump.gz,43959100,42293188,16269307,2599334
http://mawi.nezu.wide.ad.jp/mawi/samplepoint-F/2013/201308181400.dump.gz,38258008,37271314,10867263,2686580
http://mawi.nezu.wide.ad.jp/mawi/samplepoint-F/2013/201308191400.dump.gz,55575041,52957633,26005707,2930760
http://mawi.nezu.wide.ad.jp/mawi/samplepoint-F/2013/201308201400.dump.gz,51106779,48589076,22827443,2903124
http://mawi.nezu.wide.ad.jp/mawi/samplepoint-F/2013/201308211400.dump.gz,69227944,67397536,26714233,4040385
http://mawi.nezu.wide.ad.jp/mawi/samplepoint-F/2013/201308221400.dump.gz,69458650,66229188,27182714,2554359
http://mawi.nezu.wide.ad.jp/mawi/samplepoint-F/2013/201308231400.dump.gz,62047819,60260006,20700496,2269819
http://mawi.nezu.wide.ad.jp/mawi/samplepoint-F/2013/201308241400.dump.gz,57045034,55879055,14958529,5045063
http://mawi.nezu.wide.ad.jp/mawi/samplepoint-F/2013/201308251400.dump.gz,54414334,51666890,14177055,3349639
http://mawi.nezu.wide.ad.jp/mawi/samplepoint-F/2013/201308261400.dump.gz,72056728,69161399,22564563,10442893
http://mawi.nezu.wide.ad.jp/mawi/samplepoint-F/2013/201308271400.dump.gz,72099118,69718882,32070222,2254114
http://mawi.nezu.wide.ad.jp/mawi/samplepoint-F/2013/201308281400.dump.gz,58388685,56074877,17810461,2814249
http://mawi.nezu.wide.ad.jp/mawi/samplepoint-F/2013/201308291400.dump.gz,61228877,58158286,20235834,2848577
http://mawi.nezu.wide.ad.jp/mawi/samplepoint-F/2013/201308301400.dump.gz,62802469,59634331,22095194,2459220
http://mawi.nezu.wide.ad.jp/mawi/samplepoint-F/2013/201308311400.dump.gz,52756259,51446057,13880590,2232222
http://mawi.nezu.wide.ad.jp/mawi/samplepoint-F/2013/201309011400.dump.gz,51261461,50544441,13223992,1655897
http://mawi.nezu.wide.ad.jp/mawi/samplepoint-F/2013/201309021400.dump.gz,71691900,67656842,28524230,2747376
http://mawi.nezu.wide.ad.jp/mawi/samplepoint-F/2013/201309031400.dump.gz,66280339,62211470,23300578,3655147
http://mawi.nezu.wide.ad.jp/mawi/samplepoint-F/2013/201309041400.dump.gz,47368511,44952662,20905515,2163416
http://mawi.nezu.wide.ad.jp/mawi/samplepoint-F/2013/201309051400.dump.gz,51691939,49256291,24897210,2603375
http://mawi.nezu.wide.ad.jp/mawi/samplepoint-F/2013/201309061400.dump.gz,52653408,49446529,23324478,3312122
http://mawi.nezu.wide.ad.jp/mawi/samplepoint-F/2013/201309071400.dump.gz,41065370,39909775,17541822,3300264
http://mawi.nezu.wide.ad.jp/mawi/samplepoint-F/2013/201309081400.dump.gz,44923999,43727603,18273775,3325484
http://mawi.nezu.wide.ad.jp/mawi/samplepoint-F/2013/201309091400.dump.gz,56100479,52032430,26542948,4575479
http://mawi.nezu.wide.ad.jp/mawi/samplepoint-F/2013/201309101400.dump.gz,58509390,54869210,27535251,4010230
http://mawi.nezu.wide.ad.jp/mawi/samplepoint-F/2013/201309111400.dump.gz,65935255,60118255,30864579,7425135
http://mawi.nezu.wide.ad.jp/mawi/samplepoint-F/2013/201309121400.dump.gz,55887838,53730179,29886469,2913897
http://mawi.nezu.wide.ad.jp/mawi/samplepoint-F/2013/201309131400.dump.gz,56589491,49058946,23020418,3938704
http://mawi.nezu.wide.ad.jp/mawi/samplepoint-F/2013/201309141400.dump.gz,40166903,38575876,16761385,4284115
http://mawi.nezu.wide.ad.jp/mawi/samplepoint-F/2013/201309151400.dump.gz,48627223,42745758,13873402,4681165
http://mawi.nezu.wide.ad.jp/mawi/samplepoint-F/2013/201309161400.dump.gz,45484425,43706400,18872450,2544978
http://mawi.nezu.wide.ad.jp/mawi/samplepoint-F/2013/201309171400.dump.gz,52053667,49314771,23471379,4269455
http://mawi.nezu.wide.ad.jp/mawi/samplepoint-F/2013/201309181400.dump.gz,59896860,56742329,30164835,3441917
http://mawi.nezu.wide.ad.jp/mawi/samplepoint-F/2013/201309191400.dump.gz,66613135,64059000,38929932,3278996
http://mawi.nezu.wide.ad.jp/mawi/samplepoint-F/2013/201309201400.dump.gz,49056288,46684334,24993692,3522914
http://mawi.nezu.wide.ad.jp/mawi/samplepoint-F/2013/201309211400.dump.gz,50051873,48461709,19856920,6034877
http://mawi.nezu.wide.ad.jp/mawi/samplepoint-F/2013/201309221400.dump.gz,47505063,41475622,13576569,4585058
http://mawi.nezu.wide.ad.jp/mawi/samplepoint-F/2013/201309231400.dump.gz,64129747,61035092,32786530,5799516
http://mawi.nezu.wide.ad.jp/mawi/samplepoint-F/2013/201309241400.dump.gz,65678331,62339127,33959550,5541372
http://mawi.nezu.wide.ad.jp/mawi/samplepoint-F/2013/201309251400.dump.gz,76255807,71944969,40322696,4306265
http://mawi.nezu.wide.ad.jp/mawi/samplepoint-F/2013/201309261400.dump.gz,62228068,58956459,33269759,5187076
http://mawi.nezu.wide.ad.jp/mawi/samplepoint-F/2013/201309271400.dump.gz,59125033,56404671,28035005,5550953
http://mawi.nezu.wide.ad.jp/mawi/samplepoint-F/2013/201309281400.dump.gz,47888087,46447711,18967283,5268836
http://mawi.nezu.wide.ad.jp/mawi/samplepoint-F/2013/201309291400.dump.gz,44683902,43471335,17957335,5051239
http://mawi.nezu.wide.ad.jp/mawi/samplepoint-F/2013/201309301400.dump.gz,66543454,60948877,32765855,4688960
http://mawi.nezu.wide.ad.jp/mawi/samplepoint-F/2013/201310011400.dump.gz,66332474,61868382,34499276,4295549
http://mawi.nezu.wide.ad.jp/mawi/samplepoint-F/2013/201310021400.dump.gz,65838189,62136052,35098310,4998113
http://mawi.nezu.wide.ad.jp/mawi/samplepoint-F/2013/201310031400.dump.gz,66108518,63256592,34723052,4694440
http://mawi.nezu.wide.ad.jp/mawi/samplepoint-F/2013/201310041400.dump.gz,61157406,57765379,30490952,4782308
http://mawi.nezu.wide.ad.jp/mawi/samplepoint-F/2013/201310051400.dump.gz,48649116,46563806,18556434,4894015
http://mawi.nezu.wide.ad.jp/mawi/samplepoint-F/2013/201310061400.dump.gz,43154172,41617954,13455410,5175047
http://mawi.nezu.wide.ad.jp/mawi/samplepoint-F/2013/201310071400.dump.gz,65467536,61203658,34155870,4021147
http://mawi.nezu.wide.ad.jp/mawi/samplepoint-F/2013/201310081400.dump.gz,63910670,60137973,33834244,5477690
http://mawi.nezu.wide.ad.jp/mawi/samplepoint-F/2013/201310091400.dump.gz,74170425,71267929,39753165,8287085
http://mawi.nezu.wide.ad.jp/mawi/samplepoint-F/2013/201310101400.dump.gz,86467870,66096127,36154958,6663961
http://mawi.nezu.wide.ad.jp/mawi/samplepoint-F/2013/201310111400.dump.gz,69927325,66894955,37938186,6410703
http://mawi.nezu.wide.ad.jp/mawi/samplepoint-F/2013/201310121400.dump.gz,54219806,52984940,24798797,5373647
http://mawi.nezu.wide.ad.jp/mawi/samplepoint-F/2013/201310131400.dump.gz,51767391,50971219,21111846,7571051
http://mawi.nezu.wide.ad.jp/mawi/samplepoint-F/2013/201310141400.dump.gz,66127039,64556388,34335502,6789083
http://mawi.nezu.wide.ad.jp/mawi/samplepoint-F/2013/201310151400.dump.gz,70916834,68216820,36756632,7280029
http://mawi.nezu.wide.ad.jp/mawi/samplepoint-F/2013/201310161400.dump.gz,58857814,55998221,33663570,6360256
http://mawi.nezu.wide.ad.jp/mawi/samplepoint-F/2013/201310171400.dump.gz,65296499,62211120,33567891,4965786
http://mawi.nezu.wide.ad.jp/mawi/samplepoint-F/2013/201310181400.dump.gz,76110296,72332897,30398238,5341531
http://mawi.nezu.wide.ad.jp/mawi/samplepoint-F/2013/201310191400.dump.gz,63280156,60263372,19460829,5015341
http://mawi.nezu.wide.ad.jp/mawi/samplepoint-F/2013/201310201400.dump.gz,61857698,60716613,19548056,5426464
http://mawi.nezu.wide.ad.jp/mawi/samplepoint-F/2013/201310211400.dump.gz,90143374,86722725,44538173,5694252
http://mawi.nezu.wide.ad.jp/mawi/samplepoint-F/2013/201310221400.dump.gz,86817293,81069379,43806600,5553013
http://mawi.nezu.wide.ad.jp/mawi/samplepoint-F/2013/201310231400.dump.gz,101408418,98609494,57455151,5225196
http://mawi.nezu.wide.ad.jp/mawi/samplepoint-F/2013/201310241400.dump.gz,94856728,90962175,51337916,4429443
http://mawi.nezu.wide.ad.jp/mawi/samplepoint-F/2013/201310251400.dump.gz,87143233,83801400,42781800,4137336
http://mawi.nezu.wide.ad.jp/mawi/samplepoint-F/2013/201310261400.dump.gz,53614268,52248100,12941282,3891411
http://mawi.nezu.wide.ad.jp/mawi/samplepoint-F/2013/201310271400.dump.gz,50698669,49841084,11860657,3168635
http://mawi.nezu.wide.ad.jp/mawi/samplepoint-F/2013/201310281400.dump.gz,80715860,78129639,32908028,4367031
http://mawi.nezu.wide.ad.jp/mawi/samplepoint-F/2013/201310291400.dump.gz,95198762,89681079,45144645,6261224
http://mawi.nezu.wide.ad.jp/mawi/samplepoint-F/2013/201310301400.dump.gz,91446574,87288107,44023607,3112450
http://mawi.nezu.wide.ad.jp/mawi/samplepoint-F/2013/201310311400.dump.gz,85821632,80009625,38162248,3811795
http://mawi.nezu.wide.ad.jp/mawi/samplepoint-F/2013/201311011400.dump.gz,65802723,63648595,38941478,3848059
http://mawi.nezu.wide.ad.jp/mawi/samplepoint-F/2013/201311021400.dump.gz,43893654,43434786,21930297,3570740
http://mawi.nezu.wide.ad.jp/mawi/samplepoint-F/2013/201311031400.dump.gz,43866656,43362028,17190654,3848276
http://mawi.nezu.wide.ad.jp/mawi/samplepoint-F/2013/201311041400.dump.gz,54647991,52234529,25007962,3896156
http://mawi.nezu.wide.ad.jp/mawi/samplepoint-F/2013/201311051400.dump.gz,66285471,62607612,34288437,4887440
http://mawi.nezu.wide.ad.jp/mawi/samplepoint-F/2013/201311061400.dump.gz,61783302,56836273,30276845,5456073
http://mawi.nezu.wide.ad.jp/mawi/samplepoint-F/2013/201311071400.dump.gz,76202105,71108212,43623649,4609678
http://mawi.nezu.wide.ad.jp/mawi/samplepoint-F/2013/201311081400.dump.gz,65676882,59906912,32371002,5099042
http://mawi.nezu.wide.ad.jp/mawi/samplepoint-F/2013/201311091400.dump.gz,50973509,50453112,27348814,3441738
http://mawi.nezu.wide.ad.jp/mawi/samplepoint-F/2013/201311101400.dump.gz,48776125,48215343,24850205,3464838
http://mawi.nezu.wide.ad.jp/mawi/samplepoint-F/2013/201311111400.dump.gz,71834765,67776625,40593603,4698936
http://mawi.nezu.wide.ad.jp/mawi/samplepoint-F/2013/201311121400.dump.gz,72706463,66393835,38833116,4422881
http://mawi.nezu.wide.ad.jp/mawi/samplepoint-F/2013/201311131400.dump.gz,81705016,65271852,39018249,3472332
http://mawi.nezu.wide.ad.jp/mawi/samplepoint-F/2013/201311141400.dump.gz,74675192,70630767,44758018,3400798
http://mawi.nezu.wide.ad.jp/mawi/samplepoint-F/2013/201311151400.dump.gz,67360146,63672178,37345617,4783299
http://mawi.nezu.wide.ad.jp/mawi/samplepoint-F/2013/201311161400.dump.gz,59266101,58091712,31686407,3348760
http://mawi.nezu.wide.ad.jp/mawi/samplepoint-F/2013/201311171400.dump.gz,42834921,41710372,20182700,2780224
http://mawi.nezu.wide.ad.jp/mawi/samplepoint-F/2013/201311181400.dump.gz,72377930,69352299,42615149,4474629
http://mawi.nezu.wide.ad.jp/mawi/samplepoint-F/2013/201311191400.dump.gz,72315300,69740985,43434735,5981734
http://mawi.nezu.wide.ad.jp/mawi/samplepoint-F/2013/201311201400.dump.gz,63626560,61670426,35960841,3902975
http://mawi.nezu.wide.ad.jp/mawi/samplepoint-F/2013/201311211400.dump.gz,90106308,72977096,46502822,4152923
http://mawi.nezu.wide.ad.jp/mawi/samplepoint-F/2013/201311221400.dump.gz,68394969,52977336,26859804,3688434
http://mawi.nezu.wide.ad.jp/mawi/samplepoint-F/2013/201311231400.dump.gz,48246079,47006898,23293483,3323459
http://mawi.nezu.wide.ad.jp/mawi/samplepoint-F/2013/201311241400.dump.gz,44227219,43355005,16995256,4023408
http://mawi.nezu.wide.ad.jp/mawi/samplepoint-F/2013/201311251400.dump.gz,68828114,67111923,40370784,4376475
http://mawi.nezu.wide.ad.jp/mawi/samplepoint-F/2013/201311261400.dump.gz,70215848,51359878,44038586,5846806
http://mawi.nezu.wide.ad.jp/mawi/samplepoint-F/2013/201311271400.dump.gz,68253495,65233877,37406741,6270123
http://mawi.nezu.wide.ad.jp/mawi/samplepoint-F/2013/201311281400.dump.gz,67805277,64605424,36356530,6880231
http://mawi.nezu.wide.ad.jp/mawi/samplepoint-F/2013/201311291400.dump.gz,71421177,57032787,31510993,3269663
http://mawi.nezu.wide.ad.jp/mawi/samplepoint-F/2013/201311301400.dump.gz,50431931,48529206,23040054,3536418
http://mawi.nezu.wide.ad.jp/mawi/samplepoint-F/2013/201312011400.dump.gz,27276567,26180985,18300871,7017317
http://mawi.nezu.wide.ad.jp/mawi/samplepoint-F/2013/201312021400.dump.gz,59744032,56697698,45785912,9468787
http://mawi.nezu.wide.ad.jp/mawi/samplepoint-F/2013/201312031400.dump.gz,66864371,63281868,35415350,4610462
http://mawi.nezu.wide.ad.jp/mawi/samplepoint-F/2013/201312041400.dump.gz,159262505,156657088,36453310,100061141
http://mawi.nezu.wide.ad.jp/mawi/samplepoint-F/2013/201312051400.dump.gz,61631882,57470375,31116942,4428721
http://mawi.nezu.wide.ad.jp/mawi/samplepoint-F/2013/201312061400.dump.gz,65427788,62783019,35245867,5554057
http://mawi.nezu.wide.ad.jp/mawi/samplepoint-F/2013/201312071400.dump.gz,49291838,48196513,22140382,4654189
http://mawi.nezu.wide.ad.jp/mawi/samplepoint-F/2013/201312081400.dump.gz,44486179,43612633,17926423,3984530
http://mawi.nezu.wide.ad.jp/mawi/samplepoint-F/2013/201312091400.dump.gz,66141820,63159425,35530613,5423112
http://mawi.nezu.wide.ad.jp/mawi/samplepoint-F/2013/201312101400.dump.gz,67111564,63258643,37018900,4333770
http://mawi.nezu.wide.ad.jp/mawi/samplepoint-F/2013/201312111400.dump.gz,70777064,64216527,38112140,3283053
http://mawi.nezu.wide.ad.jp/mawi/samplepoint-F/2013/201312121400.dump.gz,82760138,66081313,40380851,2817465
http://mawi.nezu.wide.ad.jp/mawi/samplepoint-F/2013/201312131400.dump.gz,67306589,63094915,37251665,3175752
http://mawi.nezu.wide.ad.jp/mawi/samplepoint-F/2013/201312141400.dump.gz,54240775,52591370,24571494,4717008
http://mawi.nezu.wide.ad.jp/mawi/samplepoint-F/2013/201312151400.dump.gz,45578256,41483125,14959677,3333356
http://mawi.nezu.wide.ad.jp/mawi/samplepoint-F/2013/201312161400.dump.gz,79823555,76411197,50251574,3650989
http://mawi.nezu.wide.ad.jp/mawi/samplepoint-F/2013/201312171400.dump.gz,108098813,104880223,76435249,4965820
http://mawi.nezu.wide.ad.jp/mawi/samplepoint-F/2013/201312181400.dump.gz,90331988,88306194,59064739,6545634
http://mawi.nezu.wide.ad.jp/mawi/samplepoint-F/2013/201312191400.dump.gz,108905664,105173052,77342573,4671188
http://mawi.nezu.wide.ad.jp/mawi/samplepoint-F/2013/201312201400.dump.gz,96737852,94301762,64670821,5335368
http://mawi.nezu.wide.ad.jp/mawi/samplepoint-F/2013/201312211400.dump.gz,81471896,80221249,51052187,5474903
http://mawi.nezu.wide.ad.jp/mawi/samplepoint-F/2013/201312221400.dump.gz,98824187,96254440,50649627,6516397
http://mawi.nezu.wide.ad.jp/mawi/samplepoint-F/2013/201312231400.dump.gz,99810691,98052978,55486530,16947628
http://mawi.nezu.wide.ad.jp/mawi/samplepoint-F/2013/201312241400.dump.gz,96919365,94200722,57279501,7268841
http://mawi.nezu.wide.ad.jp/mawi/samplepoint-F/2013/201312251400.dump.gz,85712683,84001096,51272762,4420588
http://mawi.nezu.wide.ad.jp/mawi/samplepoint-F/2013/201312261400.dump.gz,93551498,77811194,49814471,5078071
http://mawi.nezu.wide.ad.jp/mawi/samplepoint-F/2013/201312271400.dump.gz,99842229,97741363,53846341,5584326
http://mawi.nezu.wide.ad.jp/mawi/samplepoint-F/2013/201312281400.dump.gz,84490890,82241877,38036622,4781746
http://mawi.nezu.wide.ad.jp/mawi/samplepoint-F/2013/201312291400.dump.gz,86695898,85829544,44348554,3914223
http://mawi.nezu.wide.ad.jp/mawi/samplepoint-F/2013/201312301400.dump.gz,95568423,94829546,52880737,4409756
