url,total,ip,tcp,udp
http://mawi.nezu.wide.ad.jp/mawi/samplepoint-B/2003/200212311400.dump.gz,4979505,4966679,3302364,1142235
http://mawi.nezu.wide.ad.jp/mawi/samplepoint-B/2003/200301011400.dump.gz,4976445,4965066,3968452,764862
http://mawi.nezu.wide.ad.jp/mawi/samplepoint-B/2003/200301021400.dump.gz,4976714,4960874,3445021,1039331
http://mawi.nezu.wide.ad.jp/mawi/samplepoint-B/2003/200301031400.dump.gz,4970398,4954328,3891215,855650
http://mawi.nezu.wide.ad.jp/mawi/samplepoint-B/2003/200301041400.dump.gz,4975431,4961058,3542191,985487
http://mawi.nezu.wide.ad.jp/mawi/samplepoint-B/2003/200301051400.dump.gz,4979639,4968141,3986816,872859
http://mawi.nezu.wide.ad.jp/mawi/samplepoint-B/2003/200301061400.dump.gz,4938169,4909018,4183638,575703
http://mawi.nezu.wide.ad.jp/mawi/samplepoint-B/2003/200301071400.dump.gz,4936993,4911010,4218791,540203
http://mawi.nezu.wide.ad.jp/mawi/samplepoint-B/2003/200301081400.dump.gz,4932970,4898625,4247261,508681
http://mawi.nezu.wide.ad.jp/mawi/samplepoint-B/2003/200301091400.dump.gz,4935331,4898297,4210487,556160
http://mawi.nezu.wide.ad.jp/mawi/samplepoint-B/2003/200301101400.dump.gz,4938335,4909676,4018527,693757
http://mawi.nezu.wide.ad.jp/mawi/samplepoint-B/2003/200301111400.dump.gz,4941157,4915868,4134227,642103
http://mawi.nezu.wide.ad.jp/mawi/samplepoint-B/2003/200301121400.dump.gz,4951894,4923249,4118879,630085
http://mawi.nezu.wide.ad.jp/mawi/samplepoint-B/2003/200301131400.dump.gz,4953822,4929026,4078744,649561
http://mawi.nezu.wide.ad.jp/mawi/samplepoint-B/2003/200301141400.dump.gz,4932271,4901215,4213305,531146
http://mawi.nezu.wide.ad.jp/mawi/samplepoint-B/2003/200301151400.dump.gz,4928732,4895337,4234336,506907
http://mawi.nezu.wide.ad.jp/mawi/samplepoint-B/2003/200301161400.dump.gz,4938974,4897003,4181641,485685
http://mawi.nezu.wide.ad.jp/mawi/samplepoint-B/2003/200301171400.dump.gz,4938211,4906185,4223714,559825
http://mawi.nezu.wide.ad.jp/mawi/samplepoint-B/2003/200301181400.dump.gz,4953355,4929915,4162572,554714
http://mawi.nezu.wide.ad.jp/mawi/samplepoint-B/2003/200301191400.dump.gz,4969505,4949943,4010027,711623
http://mawi.nezu.wide.ad.jp/mawi/samplepoint-B/2003/200301201400.dump.gz,4933608,4895360,4229687,548999
http://mawi.nezu.wide.ad.jp/mawi/samplepoint-B/2003/200301211400.dump.gz,4935198,4897331,4229932,522250
http://mawi.nezu.wide.ad.jp/mawi/samplepoint-B/2003/200301221400.dump.gz,4930123,4891377,4249029,506732
http://mawi.nezu.wide.ad.jp/mawi/samplepoint-B/2003/200301231400.dump.gz,4942107,4909301,4142182,633640
http://mawi.nezu.wide.ad.jp/mawi/samplepoint-B/2003/200301241400.dump.gz,4934803,4906179,4205556,578616
http://mawi.nezu.wide.ad.jp/mawi/samplepoint-B/2003/200301251400.dump.gz,4946543,4918902,4164700,650067
http://mawi.nezu.wide.ad.jp/mawi/samplepoint-B/2003/200301261400.dump.gz,4963107,4945461,4180832,623250
http://mawi.nezu.wide.ad.jp/mawi/samplepoint-B/2003/200301271400.dump.gz,4937096,4906109,4203436,590533
http://mawi.nezu.wide.ad.jp/mawi/samplepoint-B/2003/200301281400.dump.gz,4946361,4920254,3914337,840789
http://mawi.nezu.wide.ad.jp/mawi/samplepoint-B/2003/200301291400.dump.gz,4939147,4909716,4026788,730837
http://mawi.nezu.wide.ad.jp/mawi/samplepoint-B/2003/200301301400.dump.gz,4935065,4907272,4120337,662670
http://mawi.nezu.wide.ad.jp/mawi/samplepoint-B/2003/200301311400.dump.gz,4934980,4900251,4140749,626649
http://mawi.nezu.wide.ad.jp/mawi/samplepoint-B/2003/200302011400.dump.gz,4948500,4927833,4282480,543008
http://mawi.nezu.wide.ad.jp/mawi/samplepoint-B/2003/200302021400.dump.gz,4970447,4957653,3789729,912107
http://mawi.nezu.wide.ad.jp/mawi/samplepoint-B/2003/200302031400.dump.gz,4928753,4893610,4217782,563450
http://mawi.nezu.wide.ad.jp/mawi/samplepoint-B/2003/200302041400.dump.gz,4944040,4918045,3422756,1290122
http://mawi.nezu.wide.ad.jp/mawi/samplepoint-B/2003/200302051400.dump.gz,4941670,4917412,4276734,531961
http://mawi.nezu.wide.ad.jp/mawi/samplepoint-B/2003/200302061400.dump.gz,4939323,4909833,4308188,487812
http://mawi.nezu.wide.ad.jp/mawi/samplepoint-B/2003/200302071400.dump.gz,4942938,4915864,4207754,612109
http://mawi.nezu.wide.ad.jp/mawi/samplepoint-B/2003/200302081400.dump.gz,4951422,4933796,4110625,713701
http://mawi.nezu.wide.ad.jp/mawi/samplepoint-B/2003/200302091400.dump.gz,4959799,4942500,4020224,715473
http://mawi.nezu.wide.ad.jp/mawi/samplepoint-B/2003/200302101400.dump.gz,4936572,4910208,4216931,565809
http://mawi.nezu.wide.ad.jp/mawi/samplepoint-B/2003/200302111400.dump.gz,4946153,4924029,4194164,572980
http://mawi.nezu.wide.ad.jp/mawi/samplepoint-B/2003/200302131400.dump.gz,4930206,4899943,4153204,578851
http://mawi.nezu.wide.ad.jp/mawi/samplepoint-B/2003/200302141400.dump.gz,4917188,4879392,3091185,1649145
http://mawi.nezu.wide.ad.jp/mawi/samplepoint-B/2003/200302151400.dump.gz,4946067,4915808,3032413,1730146
http://mawi.nezu.wide.ad.jp/mawi/samplepoint-B/2003/200302161400.dump.gz,4974482,4959623,3763221,918765
http://mawi.nezu.wide.ad.jp/mawi/samplepoint-B/2003/200302171400.dump.gz,4947326,4923332,3913854,824014
http://mawi.nezu.wide.ad.jp/mawi/samplepoint-B/2003/200302181400.dump.gz,4949952,4927929,3969234,813944
http://mawi.nezu.wide.ad.jp/mawi/samplepoint-B/2003/200302191400.dump.gz,4948120,4921131,4035272,753559
http://mawi.nezu.wide.ad.jp/mawi/samplepoint-B/2003/200302201400.dump.gz,4945496,4917120,4014048,767318
http://mawi.nezu.wide.ad.jp/mawi/samplepoint-B/2003/200302211400.dump.gz,4947402,4921971,4203424,577448
http://mawi.nezu.wide.ad.jp/mawi/samplepoint-B/2003/200302221400.dump.gz,4961628,4944630,4058636,727314
http://mawi.nezu.wide.ad.jp/mawi/samplepoint-B/2003/200302231400.dump.gz,4972248,4954524,3808513,820037
http://mawi.nezu.wide.ad.jp/mawi/samplepoint-B/2003/200302241400.dump.gz,4942764,4919110,4081652,670883
http://mawi.nezu.wide.ad.jp/mawi/samplepoint-B/2003/200302261400.dump.gz,5035795,5008386,4138122,697697
http://mawi.nezu.wide.ad.jp/mawi/samplepoint-B/2003/200302271400.dump.gz,4576915,4556341,3683955,688184
http://mawi.nezu.wide.ad.jp/mawi/samplepoint-B/2003/200302281400.dump.gz,4513892,4491772,3676860,660149
http://mawi.nezu.wide.ad.jp/mawi/samplepoint-B/2003/200303011400.dump.gz,3221886,3212329,2532753,538292
http://mawi.nezu.wide.ad.jp/mawi/samplepoint-B/2003/200303021400.dump.gz,4039813,4020571,3407793,501713
http://mawi.nezu.wide.ad.jp/mawi/samplepoint-B/2003/200303031400.dump.gz,5085181,5054791,4283456,628275
http://mawi.nezu.wide.ad.jp/mawi/samplepoint-B/2003/200303041400.dump.gz,4401765,4382523,3492568,736184
http://mawi.nezu.wide.ad.jp/mawi/samplepoint-B/2003/200303051400.dump.gz,4556221,4534652,3640259,677655
http://mawi.nezu.wide.ad.jp/mawi/samplepoint-B/2003/200303061400.dump.gz,4130717,4112601,3182610,744201
http://mawi.nezu.wide.ad.jp/mawi/samplepoint-B/2003/200303071400.dump.gz,4347488,4327485,3216303,881609
http://mawi.nezu.wide.ad.jp/mawi/samplepoint-B/2003/200303081400.dump.gz,3658248,3645603,2911861,604742
http://mawi.nezu.wide.ad.jp/mawi/samplepoint-B/2003/200303091400.dump.gz,2313528,2309119,1765523,395169
http://mawi.nezu.wide.ad.jp/mawi/samplepoint-B/2003/200303101400.dump.gz,4418630,4396967,3647745,589001
http://mawi.nezu.wide.ad.jp/mawi/samplepoint-B/2003/200303111400.dump.gz,4528207,4507452,3735481,643841
http://mawi.nezu.wide.ad.jp/mawi/samplepoint-B/2003/200303121400.dump.gz,4164267,4145719,3365509,616018
http://mawi.nezu.wide.ad.jp/mawi/samplepoint-B/2003/200303131400.dump.gz,4575732,4550942,3762817,579841
http://mawi.nezu.wide.ad.jp/mawi/samplepoint-B/2003/200303141400.dump.gz,4535962,4513432,3687208,592312
http://mawi.nezu.wide.ad.jp/mawi/samplepoint-B/2003/200303151400.dump.gz,3198158,3186979,2625803,444081
http://mawi.nezu.wide.ad.jp/mawi/samplepoint-B/2003/200303161400.dump.gz,2680164,2673635,2148220,428000
http://mawi.nezu.wide.ad.jp/mawi/samplepoint-B/2003/200303171400.dump.gz,5502401,5467514,4282958,975315
http://mawi.nezu.wide.ad.jp/mawi/samplepoint-B/2003/200303181400.dump.gz,4554759,4530182,3733517,586478
http://mawi.nezu.wide.ad.jp/mawi/samplepoint-B/2003/200303191400.dump.gz,5155461,5124114,4169880,760701
http://mawi.nezu.wide.ad.jp/mawi/samplepoint-B/2003/200303201400.dump.gz,4176902,4157034,3511950,464780
http://mawi.nezu.wide.ad.jp/mawi/samplepoint-B/2003/200303211345.dump.gz,4615282,4607973,3431798,876327
http://mawi.nezu.wide.ad.jp/mawi/samplepoint-B/2003/200303221330.dump.gz,4490187,4482611,3517283,623339
http://mawi.nezu.wide.ad.jp/mawi/samplepoint-B/2003/200303231345.dump.gz,3360643,3358101,2380538,630218
http://mawi.nezu.wide.ad.jp/mawi/samplepoint-B/2003/200303241400.dump.gz,3708389,3699492,3033147,424148
http://mawi.nezu.wide.ad.jp/mawi/samplepoint-B/2003/200303251400.dump.gz,2833057,2827752,2250890,443120
http://mawi.nezu.wide.ad.jp/mawi/samplepoint-B/2003/200303261400.dump.gz,2895830,2891518,2285409,477347
http://mawi.nezu.wide.ad.jp/mawi/samplepoint-B/2003/200303271400.dump.gz,2909105,2905148,2293332,451894
http://mawi.nezu.wide.ad.jp/mawi/samplepoint-B/2003/200303281400.dump.gz,2709280,2705835,2096451,387603
http://mawi.nezu.wide.ad.jp/mawi/samplepoint-B/2003/200303291330.dump.gz,4254182,4250356,3396727,660947
http://mawi.nezu.wide.ad.jp/mawi/samplepoint-B/2003/200303301330.dump.gz,3734122,3730966,2815468,762709
http://mawi.nezu.wide.ad.jp/mawi/samplepoint-B/2003/200303311400.dump.gz,3272607,3262333,2720224,420331
http://mawi.nezu.wide.ad.jp/mawi/samplepoint-B/2003/200304011400.dump.gz,2789696,2785340,2179157,444762
http://mawi.nezu.wide.ad.jp/mawi/samplepoint-B/2003/200304021400.dump.gz,2374077,2371393,1844864,418189
http://mawi.nezu.wide.ad.jp/mawi/samplepoint-B/2003/200304031400.dump.gz,2536724,2534176,2004856,421706
http://mawi.nezu.wide.ad.jp/mawi/samplepoint-B/2003/200304041400.dump.gz,2674048,2670803,2091518,454355
http://mawi.nezu.wide.ad.jp/mawi/samplepoint-B/2003/200304051400.dump.gz,2371088,2367518,1854989,381057
http://mawi.nezu.wide.ad.jp/mawi/samplepoint-B/2003/200304061400.dump.gz,1945765,1944514,1493953,333055
http://mawi.nezu.wide.ad.jp/mawi/samplepoint-B/2003/200304071400.dump.gz,3468704,3458278,2849316,443694
http://mawi.nezu.wide.ad.jp/mawi/samplepoint-B/2003/200304081400.dump.gz,3218151,3212311,2593235,455655
http://mawi.nezu.wide.ad.jp/mawi/samplepoint-B/2003/200304091400.dump.gz,3482425,3475861,2829511,530783
http://mawi.nezu.wide.ad.jp/mawi/samplepoint-B/2003/200304101400.dump.gz,4252405,4241504,3650777,474354
http://mawi.nezu.wide.ad.jp/mawi/samplepoint-B/2003/200304111400.dump.gz,3888233,3878983,3265342,483783
http://mawi.nezu.wide.ad.jp/mawi/samplepoint-B/2003/200304121400.dump.gz,5632421,5594153,4637608,652970
http://mawi.nezu.wide.ad.jp/mawi/samplepoint-B/2003/200304131400.dump.gz,4331199,4308783,3537552,540674
http://mawi.nezu.wide.ad.jp/mawi/samplepoint-B/2003/200304141400.dump.gz,6610920,6550210,5502836,716485
http://mawi.nezu.wide.ad.jp/mawi/samplepoint-B/2003/200304151400.dump.gz,5461059,5422399,4370759,772299
http://mawi.nezu.wide.ad.jp/mawi/samplepoint-B/2003/200304161400.dump.gz,6022068,5973914,5022075,738835
http://mawi.nezu.wide.ad.jp/mawi/samplepoint-B/2003/200304171400.dump.gz,6560737,6505131,5463207,706156
http://mawi.nezu.wide.ad.jp/mawi/samplepoint-B/2003/200304181400.dump.gz,5694230,5654008,4706906,777859
http://mawi.nezu.wide.ad.jp/mawi/samplepoint-B/2003/200304191400.dump.gz,4788243,4759802,3865572,648561
http://mawi.nezu.wide.ad.jp/mawi/samplepoint-B/2003/200304201400.dump.gz,3196172,3185775,2248716,827105
http://mawi.nezu.wide.ad.jp/mawi/samplepoint-B/2003/200304211400.dump.gz,5839514,5798237,4781191,719707
http://mawi.nezu.wide.ad.jp/mawi/samplepoint-B/2003/200304221400.dump.gz,6229184,6178929,5107884,769234
http://mawi.nezu.wide.ad.jp/mawi/samplepoint-B/2003/200304231400.dump.gz,6236198,6184857,5127530,719012
http://mawi.nezu.wide.ad.jp/mawi/samplepoint-B/2003/200304241400.dump.gz,6900459,6844146,5679275,893676
http://mawi.nezu.wide.ad.jp/mawi/samplepoint-B/2003/200304251400.dump.gz,5937631,5893798,4968950,665976
http://mawi.nezu.wide.ad.jp/mawi/samplepoint-B/2003/200304261400.dump.gz,4520191,4494882,3631443,629599
http://mawi.nezu.wide.ad.jp/mawi/samplepoint-B/2003/200304271400.dump.gz,4091466,4070756,3369654,517967
http://mawi.nezu.wide.ad.jp/mawi/samplepoint-B/2003/200304281400.dump.gz,6160592,6109988,5188994,629689
http://mawi.nezu.wide.ad.jp/mawi/samplepoint-B/2003/200304291400.dump.gz,4540203,4517002,3603454,722293
http://mawi.nezu.wide.ad.jp/mawi/samplepoint-B/2003/200304301400.dump.gz,5284132,5250812,4383981,634184
http://mawi.nezu.wide.ad.jp/mawi/samplepoint-B/2003/200305011400.dump.gz,6227387,6185767,5189226,593564
http://mawi.nezu.wide.ad.jp/mawi/samplepoint-B/2003/200305021400.dump.gz,5244842,5210343,4387788,554344
http://mawi.nezu.wide.ad.jp/mawi/samplepoint-B/2003/200305031400.dump.gz,3918468,3901355,3201008,456074
http://mawi.nezu.wide.ad.jp/mawi/samplepoint-B/2003/200305041400.dump.gz,3522148,3508361,2877773,478708
http://mawi.nezu.wide.ad.jp/mawi/samplepoint-B/2003/200305051400.dump.gz,4384215,4362135,3600760,481722
http://mawi.nezu.wide.ad.jp/mawi/samplepoint-B/2003/200305061400.dump.gz,5713176,5673171,4650672,670268
http://mawi.nezu.wide.ad.jp/mawi/samplepoint-B/2003/200305071400.dump.gz,5956318,5910004,4875075,692071
http://mawi.nezu.wide.ad.jp/mawi/samplepoint-B/2003/200305081400.dump.gz,7072892,7014146,6083832,715058
http://mawi.nezu.wide.ad.jp/mawi/samplepoint-B/2003/200305091400.dump.gz,6089311,6042123,4992805,787815
http://mawi.nezu.wide.ad.jp/mawi/samplepoint-B/2003/200305101400.dump.gz,4817761,4788493,3926574,605015
http://mawi.nezu.wide.ad.jp/mawi/samplepoint-B/2003/200305111400.dump.gz,3649888,3633742,2841915,638883
http://mawi.nezu.wide.ad.jp/mawi/samplepoint-B/2003/200305121400.dump.gz,6256863,6209627,5285107,640224
http://mawi.nezu.wide.ad.jp/mawi/samplepoint-B/2003/200305131400.dump.gz,5756581,5716406,4769920,679312
http://mawi.nezu.wide.ad.jp/mawi/samplepoint-B/2003/200305141400.dump.gz,3152872,3148908,2682774,325547
http://mawi.nezu.wide.ad.jp/mawi/samplepoint-B/2003/200305151400.dump.gz,3136048,3134105,2643661,357488
http://mawi.nezu.wide.ad.jp/mawi/samplepoint-B/2003/200305161400.dump.gz,2839376,2837479,2257145,453276
http://mawi.nezu.wide.ad.jp/mawi/samplepoint-B/2003/200305171400.dump.gz,2854617,2851241,2334005,411042
http://mawi.nezu.wide.ad.jp/mawi/samplepoint-B/2003/200305181400.dump.gz,3103624,3098784,2680671,299790
http://mawi.nezu.wide.ad.jp/mawi/samplepoint-B/2003/200305191400.dump.gz,4277411,4266259,3828009,309454
http://mawi.nezu.wide.ad.jp/mawi/samplepoint-B/2003/200305201400.dump.gz,3969430,3961364,3524919,393432
http://mawi.nezu.wide.ad.jp/mawi/samplepoint-B/2003/200305211400.dump.gz,3736956,3729674,3141608,523735
http://mawi.nezu.wide.ad.jp/mawi/samplepoint-B/2003/200305221400.dump.gz,4448309,4438685,3938831,359513
http://mawi.nezu.wide.ad.jp/mawi/samplepoint-B/2003/200305231400.dump.gz,4135210,4124111,3439914,593566
http://mawi.nezu.wide.ad.jp/mawi/samplepoint-B/2003/200305241400.dump.gz,2904977,2900916,2409491,391024
http://mawi.nezu.wide.ad.jp/mawi/samplepoint-B/2003/200305251400.dump.gz,2999535,2995558,2564521,340174
http://mawi.nezu.wide.ad.jp/mawi/samplepoint-B/2003/200305261400.dump.gz,4166680,4157380,3566845,411282
http://mawi.nezu.wide.ad.jp/mawi/samplepoint-B/2003/200305271400.dump.gz,3456824,3453164,2976919,341327
http://mawi.nezu.wide.ad.jp/mawi/samplepoint-B/2003/200305281400.dump.gz,3355956,3351785,2840526,363009
http://mawi.nezu.wide.ad.jp/mawi/samplepoint-B/2003/200305291400.dump.gz,3476028,3474032,2851487,514518
http://mawi.nezu.wide.ad.jp/mawi/samplepoint-B/2003/200305301400.dump.gz,3528405,3523334,2890628,485112
http://mawi.nezu.wide.ad.jp/mawi/samplepoint-B/2003/200305311400.dump.gz,2574333,2572947,2017216,450234
http://mawi.nezu.wide.ad.jp/mawi/samplepoint-B/2003/200306011400.dump.gz,1930772,1929750,1324805,518266
http://mawi.nezu.wide.ad.jp/mawi/samplepoint-B/2003/200306021400.dump.gz,3663825,3657595,2990830,549634
http://mawi.nezu.wide.ad.jp/mawi/samplepoint-B/2003/200306031400.dump.gz,3365006,3360912,2922032,409876
http://mawi.nezu.wide.ad.jp/mawi/samplepoint-B/2003/200306041400.dump.gz,3573151,3569864,2985247,459089
http://mawi.nezu.wide.ad.jp/mawi/samplepoint-B/2003/200306051400.dump.gz,3245845,3243572,2597697,593938
http://mawi.nezu.wide.ad.jp/mawi/samplepoint-B/2003/200306061400.dump.gz,3146412,3144538,2538644,494800
http://mawi.nezu.wide.ad.jp/mawi/samplepoint-B/2003/200306071400.dump.gz,2857509,2855144,2089002,594321
http://mawi.nezu.wide.ad.jp/mawi/samplepoint-B/2003/200306081400.dump.gz,2200912,2200208,1710154,439517
http://mawi.nezu.wide.ad.jp/mawi/samplepoint-B/2003/200306091400.dump.gz,3532450,3529092,2834211,575291
http://mawi.nezu.wide.ad.jp/mawi/samplepoint-B/2003/200306101400.dump.gz,3202957,3201086,2609703,510612
http://mawi.nezu.wide.ad.jp/mawi/samplepoint-B/2003/200306111400.dump.gz,3710720,3707691,2931315,644416
http://mawi.nezu.wide.ad.jp/mawi/samplepoint-B/2003/200306121400.dump.gz,3729121,3723097,3056321,526051
http://mawi.nezu.wide.ad.jp/mawi/samplepoint-B/2003/200306131400.dump.gz,3959470,3949010,3301836,543402
http://mawi.nezu.wide.ad.jp/mawi/samplepoint-B/2003/200306141400.dump.gz,2502806,2501087,2025987,348255
http://mawi.nezu.wide.ad.jp/mawi/samplepoint-B/2003/200306151400.dump.gz,2831461,2828246,2435311,364533
http://mawi.nezu.wide.ad.jp/mawi/samplepoint-B/2003/200306161400.dump.gz,3408603,3406524,2800628,446264
http://mawi.nezu.wide.ad.jp/mawi/samplepoint-B/2003/200306171400.dump.gz,3701087,3695466,3125550,515609
http://mawi.nezu.wide.ad.jp/mawi/samplepoint-B/2003/200306181400.dump.gz,3836456,3831614,3172974,501129
http://mawi.nezu.wide.ad.jp/mawi/samplepoint-B/2003/200306191400.dump.gz,3694250,3689814,3132569,461820
http://mawi.nezu.wide.ad.jp/mawi/samplepoint-B/2003/200306201400.dump.gz,3653014,3647105,3074740,496073
http://mawi.nezu.wide.ad.jp/mawi/samplepoint-B/2003/200306211400.dump.gz,2769069,2767956,2120910,423719
http://mawi.nezu.wide.ad.jp/mawi/samplepoint-B/2003/200306221400.dump.gz,2332976,2332357,1765744,409574
http://mawi.nezu.wide.ad.jp/mawi/samplepoint-B/2003/200306231400.dump.gz,3585303,3581287,2938196,494059
http://mawi.nezu.wide.ad.jp/mawi/samplepoint-B/2003/200306241400.dump.gz,3513143,3510821,2924251,435282
http://mawi.nezu.wide.ad.jp/mawi/samplepoint-B/2003/200306251400.dump.gz,3871669,3865818,3270677,436720
http://mawi.nezu.wide.ad.jp/mawi/samplepoint-B/2003/200306261400.dump.gz,3763985,3758332,3152757,556001
http://mawi.nezu.wide.ad.jp/mawi/samplepoint-B/2003/200306271400.dump.gz,3831028,3824263,3034573,601862
http://mawi.nezu.wide.ad.jp/mawi/samplepoint-B/2003/200306281400.dump.gz,2340502,2338799,1790584,406536
http://mawi.nezu.wide.ad.jp/mawi/samplepoint-B/2003/200306291400.dump.gz,2158313,2157482,1656242,418159
http://mawi.nezu.wide.ad.jp/mawi/samplepoint-B/2003/200306301400.dump.gz,3519135,3515678,3093071,379747
http://mawi.nezu.wide.ad.jp/mawi/samplepoint-B/2003/200307011400.dump.gz,3651332,3648149,3178969,414792
http://mawi.nezu.wide.ad.jp/mawi/samplepoint-B/2003/200307021400.dump.gz,3478437,3475678,2854609,505256
http://mawi.nezu.wide.ad.jp/mawi/samplepoint-B/2003/200307031400.dump.gz,3391891,3389149,2885864,461837
http://mawi.nezu.wide.ad.jp/mawi/samplepoint-B/2003/200307041400.dump.gz,3303936,3301758,2700092,451436
http://mawi.nezu.wide.ad.jp/mawi/samplepoint-B/2003/200307051400.dump.gz,2858821,2855761,2349598,383786
http://mawi.nezu.wide.ad.jp/mawi/samplepoint-B/2003/200307061400.dump.gz,2180567,2179588,1591271,540269
http://mawi.nezu.wide.ad.jp/mawi/samplepoint-B/2003/200307071400.dump.gz,3089192,3087567,2633068,414348
http://mawi.nezu.wide.ad.jp/mawi/samplepoint-B/2003/200307081400.dump.gz,3714843,3710287,3216973,434602
http://mawi.nezu.wide.ad.jp/mawi/samplepoint-B/2003/200307091400.dump.gz,3542368,3540163,2918620,472315
http://mawi.nezu.wide.ad.jp/mawi/samplepoint-B/2003/200307101400.dump.gz,3666790,3663785,3228845,374330
http://mawi.nezu.wide.ad.jp/mawi/samplepoint-B/2003/200307111400.dump.gz,3753488,3748839,3289782,412116
http://mawi.nezu.wide.ad.jp/mawi/samplepoint-B/2003/200307121400.dump.gz,2650291,2649037,2163000,395049
http://mawi.nezu.wide.ad.jp/mawi/samplepoint-B/2003/200307131400.dump.gz,2252251,2251303,1771226,406372
http://mawi.nezu.wide.ad.jp/mawi/samplepoint-B/2003/200307141400.dump.gz,3266382,3263753,2739616,477816
http://mawi.nezu.wide.ad.jp/mawi/samplepoint-B/2003/200307151400.dump.gz,3454612,3451477,2951923,416193
http://mawi.nezu.wide.ad.jp/mawi/samplepoint-B/2003/200307161400.dump.gz,3206707,3204877,2734389,427960
http://mawi.nezu.wide.ad.jp/mawi/samplepoint-B/2003/200307171400.dump.gz,3400290,3397955,2906770,421826
http://mawi.nezu.wide.ad.jp/mawi/samplepoint-B/2003/200307181400.dump.gz,3360078,3357854,2862985,457875
http://mawi.nezu.wide.ad.jp/mawi/samplepoint-B/2003/200307191400.dump.gz,2771943,2770637,2367429,282599
http://mawi.nezu.wide.ad.jp/mawi/samplepoint-B/2003/200307201400.dump.gz,2719911,2718428,2300214,305217
http://mawi.nezu.wide.ad.jp/mawi/samplepoint-B/2003/200307211400.dump.gz,2756603,2755554,2294302,319867
http://mawi.nezu.wide.ad.jp/mawi/samplepoint-B/2003/200307221400.dump.gz,3437079,3433961,2913382,361962
http://mawi.nezu.wide.ad.jp/mawi/samplepoint-B/2003/200307231400.dump.gz,3633346,3630551,3233275,265296
http://mawi.nezu.wide.ad.jp/mawi/samplepoint-B/2003/200307241400.dump.gz,3423545,3421420,3029419,264143
http://mawi.nezu.wide.ad.jp/mawi/samplepoint-B/2003/200307251400.dump.gz,3627723,3624882,3179915,318823
http://mawi.nezu.wide.ad.jp/mawi/samplepoint-B/2003/200307261400.dump.gz,2548466,2546535,2234160,260660
http://mawi.nezu.wide.ad.jp/mawi/samplepoint-B/2003/200307271400.dump.gz,2510002,2509332,2195021,167622
http://mawi.nezu.wide.ad.jp/mawi/samplepoint-B/2003/200307281400.dump.gz,3107878,3105773,2806935,233183
http://mawi.nezu.wide.ad.jp/mawi/samplepoint-B/2003/200307291400.dump.gz,3528308,3522541,3220863,260343
http://mawi.nezu.wide.ad.jp/mawi/samplepoint-B/2003/200307301400.dump.gz,3578011,3574970,3213883,330242
http://mawi.nezu.wide.ad.jp/mawi/samplepoint-B/2003/200307311400.dump.gz,2658060,2656848,2395751,227964
http://mawi.nezu.wide.ad.jp/mawi/samplepoint-B/2003/200308011400.dump.gz,3480295,3474941,2953124,319017
http://mawi.nezu.wide.ad.jp/mawi/samplepoint-B/2003/200308021400.dump.gz,2422722,2421982,2056506,232881
http://mawi.nezu.wide.ad.jp/mawi/samplepoint-B/2003/200308031400.dump.gz,2191904,2191466,1848423,321450
http://mawi.nezu.wide.ad.jp/mawi/samplepoint-B/2003/200308041400.dump.gz,2140355,2138448,1678551,362913
http://mawi.nezu.wide.ad.jp/mawi/samplepoint-B/2003/200308051400.dump.gz,2878698,2877474,2427675,312897
http://mawi.nezu.wide.ad.jp/mawi/samplepoint-B/2003/200308061400.dump.gz,2896346,2895253,2488439,287288
http://mawi.nezu.wide.ad.jp/mawi/samplepoint-B/2003/200308071400.dump.gz,4441705,4438995,3927133,383736
http://mawi.nezu.wide.ad.jp/mawi/samplepoint-B/2003/200308081400.dump.gz,3381474,3379156,2931881,333627
http://mawi.nezu.wide.ad.jp/mawi/samplepoint-B/2003/200308091400.dump.gz,2820613,2819439,2589845,191580
http://mawi.nezu.wide.ad.jp/mawi/samplepoint-B/2003/200308101400.dump.gz,2770459,2769367,2463417,169036
http://mawi.nezu.wide.ad.jp/mawi/samplepoint-B/2003/200308111400.dump.gz,3716740,3715504,3450154,216622
http://mawi.nezu.wide.ad.jp/mawi/samplepoint-B/2003/200308121400.dump.gz,6065478,6062511,5574177,278117
http://mawi.nezu.wide.ad.jp/mawi/samplepoint-B/2003/200308131400.dump.gz,5217170,5212110,4803251,274941
http://mawi.nezu.wide.ad.jp/mawi/samplepoint-B/2003/200308141400.dump.gz,3746560,3744889,3281675,313886
http://mawi.nezu.wide.ad.jp/mawi/samplepoint-B/2003/200308151400.dump.gz,4520739,4512200,4093195,286704
http://mawi.nezu.wide.ad.jp/mawi/samplepoint-B/2003/200308161400.dump.gz,3668313,3667141,3282284,212416
http://mawi.nezu.wide.ad.jp/mawi/samplepoint-B/2003/200308171400.dump.gz,2677371,2676569,2265195,241254
http://mawi.nezu.wide.ad.jp/mawi/samplepoint-B/2003/200308181400.dump.gz,5393522,5390720,4796246,374927
http://mawi.nezu.wide.ad.jp/mawi/samplepoint-B/2003/200308191400.dump.gz,6102848,6096368,4694921,267633
http://mawi.nezu.wide.ad.jp/mawi/samplepoint-B/2003/200308201400.dump.gz,7365182,7341159,4781035,228962
http://mawi.nezu.wide.ad.jp/mawi/samplepoint-B/2003/200308211400.dump.gz,6611920,6604928,4727998,251646
http://mawi.nezu.wide.ad.jp/mawi/samplepoint-B/2003/200308221400.dump.gz,6967986,6963444,5412334,308195
http://mawi.nezu.wide.ad.jp/mawi/samplepoint-B/2003/200308231400.dump.gz,6593608,6588866,5308497,300441
http://mawi.nezu.wide.ad.jp/mawi/samplepoint-B/2003/200308241400.dump.gz,3275166,3273694,2060491,184956
http://mawi.nezu.wide.ad.jp/mawi/samplepoint-B/2003/200308251400.dump.gz,4246775,4244068,2809892,198055
http://mawi.nezu.wide.ad.jp/mawi/samplepoint-B/2003/200308261400.dump.gz,4217922,4215438,2862893,215688
http://mawi.nezu.wide.ad.jp/mawi/samplepoint-B/2003/200308271400.dump.gz,4534913,4530827,3053036,256749
http://mawi.nezu.wide.ad.jp/mawi/samplepoint-B/2003/200308281400.dump.gz,4611790,4608138,3055471,273884
http://mawi.nezu.wide.ad.jp/mawi/samplepoint-B/2003/200308291400.dump.gz,4805825,4800029,3181859,367938
http://mawi.nezu.wide.ad.jp/mawi/samplepoint-B/2003/200308301400.dump.gz,4501694,4495899,3068502,267193
http://mawi.nezu.wide.ad.jp/mawi/samplepoint-B/2003/200308311400.dump.gz,3874960,3873006,2668255,235797
http://mawi.nezu.wide.ad.jp/mawi/samplepoint-B/2003/200309011400.dump.gz,4119577,4116977,2721844,280898
http://mawi.nezu.wide.ad.jp/mawi/samplepoint-B/2003/200309021400.dump.gz,4727460,4721248,3048345,289453
http://mawi.nezu.wide.ad.jp/mawi/samplepoint-B/2003/200309031400.dump.gz,4793440,4788129,3118556,286921
http://mawi.nezu.wide.ad.jp/mawi/samplepoint-B/2003/200309041400.dump.gz,4729848,4722852,3083605,278129
http://mawi.nezu.wide.ad.jp/mawi/samplepoint-B/2003/200309051400.dump.gz,4067066,4062815,2605652,249250
http://mawi.nezu.wide.ad.jp/mawi/samplepoint-B/2003/200309061400.dump.gz,5062221,5048609,2832217,532607
http://mawi.nezu.wide.ad.jp/mawi/samplepoint-B/2003/200309071400.dump.gz,3836636,3829663,2036289,187558
http://mawi.nezu.wide.ad.jp/mawi/samplepoint-B/2003/200309081400.dump.gz,5391964,5378843,2745327,837132
http://mawi.nezu.wide.ad.jp/mawi/samplepoint-B/2003/200309091400.dump.gz,5382964,5367803,3148784,314598
http://mawi.nezu.wide.ad.jp/mawi/samplepoint-B/2003/200309101400.dump.gz,4239684,4233383,2448603,291904
http://mawi.nezu.wide.ad.jp/mawi/samplepoint-B/2003/200309111400.dump.gz,4599508,4589483,2662686,205504
http://mawi.nezu.wide.ad.jp/mawi/samplepoint-B/2003/200309121400.dump.gz,4533333,4523426,2651387,167189
http://mawi.nezu.wide.ad.jp/mawi/samplepoint-B/2003/200309131400.dump.gz,3759509,3755188,2209067,178201
http://mawi.nezu.wide.ad.jp/mawi/samplepoint-B/2003/200309141400.dump.gz,3470479,3467861,2112461,191486
http://mawi.nezu.wide.ad.jp/mawi/samplepoint-B/2003/200309151400.dump.gz,3694688,3691896,2224187,183376
http://mawi.nezu.wide.ad.jp/mawi/samplepoint-B/2003/200309161400.dump.gz,5638649,5632075,2879902,1145098
http://mawi.nezu.wide.ad.jp/mawi/samplepoint-B/2003/200309171400.dump.gz,5514860,5505939,2918382,1063366
http://mawi.nezu.wide.ad.jp/mawi/samplepoint-B/2003/200309181400.dump.gz,6044596,6028801,3318940,1245148
http://mawi.nezu.wide.ad.jp/mawi/samplepoint-B/2003/200309191400.dump.gz,4978308,4970608,3087048,392399
http://mawi.nezu.wide.ad.jp/mawi/samplepoint-B/2003/200309201400.dump.gz,4246521,4241819,2489368,258409
http://mawi.nezu.wide.ad.jp/mawi/samplepoint-B/2003/200309211400.dump.gz,4085616,4082394,2463801,225372
http://mawi.nezu.wide.ad.jp/mawi/samplepoint-B/2003/200309221400.dump.gz,4512445,4505569,2712636,338906
http://mawi.nezu.wide.ad.jp/mawi/samplepoint-B/2003/200309231400.dump.gz,4416702,4411694,2873423,327050
http://mawi.nezu.wide.ad.jp/mawi/samplepoint-B/2003/200309241400.dump.gz,4911089,4903497,2997120,367386
http://mawi.nezu.wide.ad.jp/mawi/samplepoint-B/2003/200309251400.dump.gz,5034086,5025495,3125138,432198
http://mawi.nezu.wide.ad.jp/mawi/samplepoint-B/2003/200310081400.dump.gz,4621174,4612773,3070300,338382
http://mawi.nezu.wide.ad.jp/mawi/samplepoint-B/2003/200310091400.dump.gz,4586156,4578298,2891791,224603
http://mawi.nezu.wide.ad.jp/mawi/samplepoint-B/2003/200310101400.dump.gz,4401679,4395906,2709313,286070
http://mawi.nezu.wide.ad.jp/mawi/samplepoint-B/2003/200310111400.dump.gz,3866594,3863504,2395479,231984
http://mawi.nezu.wide.ad.jp/mawi/samplepoint-B/2003/200310121400.dump.gz,3494891,3492557,2177032,224441
http://mawi.nezu.wide.ad.jp/mawi/samplepoint-B/2003/200310131400.dump.gz,3944909,3941938,2264983,390401
http://mawi.nezu.wide.ad.jp/mawi/samplepoint-B/2003/200310141400.dump.gz,4923713,4913201,3312501,276154
http://mawi.nezu.wide.ad.jp/mawi/samplepoint-B/2003/200310151400.dump.gz,4300527,4294625,2577077,271031
http://mawi.nezu.wide.ad.jp/mawi/samplepoint-B/2003/200310161400.dump.gz,4692634,4685121,2917575,229762
http://mawi.nezu.wide.ad.jp/mawi/samplepoint-B/2003/200310171400.dump.gz,4436555,4430474,2511239,285809
http://mawi.nezu.wide.ad.jp/mawi/samplepoint-B/2003/200310181400.dump.gz,4190642,4186713,2400588,380571
http://mawi.nezu.wide.ad.jp/mawi/samplepoint-B/2003/200310191400.dump.gz,3549580,3545497,2128555,213983
http://mawi.nezu.wide.ad.jp/mawi/samplepoint-B/2003/200310201400.dump.gz,4549304,4542197,2844171,260484
http://mawi.nezu.wide.ad.jp/mawi/samplepoint-B/2003/200310211400.dump.gz,4720157,4710170,2878181,403278
http://mawi.nezu.wide.ad.jp/mawi/samplepoint-B/2003/200310221400.dump.gz,4779553,4771340,2823575,393397
http://mawi.nezu.wide.ad.jp/mawi/samplepoint-B/2003/200310231400.dump.gz,4676058,4668730,2943807,252988
http://mawi.nezu.wide.ad.jp/mawi/samplepoint-B/2003/200310241400.dump.gz,4152110,4147248,2537332,175909
http://mawi.nezu.wide.ad.jp/mawi/samplepoint-B/2003/200310251400.dump.gz,4623857,4616106,2926204,161942
http://mawi.nezu.wide.ad.jp/mawi/samplepoint-B/2003/200310261400.dump.gz,3302040,3299075,2315043,156584
http://mawi.nezu.wide.ad.jp/mawi/samplepoint-B/2003/200310271400.dump.gz,4796716,4788377,3006502,230304
http://mawi.nezu.wide.ad.jp/mawi/samplepoint-B/2003/200310281400.dump.gz,4923833,4914961,3035752,388301
http://mawi.nezu.wide.ad.jp/mawi/samplepoint-B/2003/200310291400.dump.gz,5063110,5052843,3135752,223686
http://mawi.nezu.wide.ad.jp/mawi/samplepoint-B/2003/200310301400.dump.gz,4661798,4654756,2758262,211275
http://mawi.nezu.wide.ad.jp/mawi/samplepoint-B/2003/200310311400.dump.gz,4521869,4514413,2796047,317869
http://mawi.nezu.wide.ad.jp/mawi/samplepoint-B/2003/200311011400.dump.gz,3909236,3903048,2166408,322212
http://mawi.nezu.wide.ad.jp/mawi/samplepoint-B/2003/200311021400.dump.gz,3591650,3585419,2114083,181579
http://mawi.nezu.wide.ad.jp/mawi/samplepoint-B/2003/200311031400.dump.gz,4238650,4231975,2458377,273616
http://mawi.nezu.wide.ad.jp/mawi/samplepoint-B/2003/200311041400.dump.gz,4983608,4974206,2985248,295083
http://mawi.nezu.wide.ad.jp/mawi/samplepoint-B/2003/200311051400.dump.gz,4991155,4983057,2884123,217733
http://mawi.nezu.wide.ad.jp/mawi/samplepoint-B/2003/200311061400.dump.gz,5328922,5323413,3024208,248780
http://mawi.nezu.wide.ad.jp/mawi/samplepoint-B/2003/200311071400.dump.gz,5260911,5252493,2708622,345359
http://mawi.nezu.wide.ad.jp/mawi/samplepoint-B/2003/200311081400.dump.gz,4636945,4631126,2224443,346598
http://mawi.nezu.wide.ad.jp/mawi/samplepoint-B/2003/200311091400.dump.gz,3546387,3544139,1597922,180170
http://mawi.nezu.wide.ad.jp/mawi/samplepoint-B/2003/200311101400.dump.gz,4896089,4889390,2463917,218699
http://mawi.nezu.wide.ad.jp/mawi/samplepoint-B/2003/200311111400.dump.gz,5293753,5285269,2905252,261931
http://mawi.nezu.wide.ad.jp/mawi/samplepoint-B/2003/200311121400.dump.gz,5772793,5763345,3394866,217835
http://mawi.nezu.wide.ad.jp/mawi/samplepoint-B/2003/200311131400.dump.gz,5418875,5411099,2728879,472566
http://mawi.nezu.wide.ad.jp/mawi/samplepoint-B/2003/200311141400.dump.gz,5109627,5091728,3223738,267146
http://mawi.nezu.wide.ad.jp/mawi/samplepoint-B/2003/200311151400.dump.gz,4472540,4464153,2704128,269541
http://mawi.nezu.wide.ad.jp/mawi/samplepoint-B/2003/200311161400.dump.gz,4126546,4121480,2437506,174964
http://mawi.nezu.wide.ad.jp/mawi/samplepoint-B/2003/200311171400.dump.gz,4950508,4942992,3001884,196615
http://mawi.nezu.wide.ad.jp/mawi/samplepoint-B/2003/200311181400.dump.gz,4900909,4893829,2991078,241938
http://mawi.nezu.wide.ad.jp/mawi/samplepoint-B/2003/200311191400.dump.gz,4984058,4971025,3030702,320180
http://mawi.nezu.wide.ad.jp/mawi/samplepoint-B/2003/200311201400.dump.gz,4796915,4789187,2843547,222091
http://mawi.nezu.wide.ad.jp/mawi/samplepoint-B/2003/200311211400.dump.gz,4546266,4539354,2803990,179238
http://mawi.nezu.wide.ad.jp/mawi/samplepoint-B/2003/200311221400.dump.gz,3995596,3988516,2415402,198560
http://mawi.nezu.wide.ad.jp/mawi/samplepoint-B/2003/200311231400.dump.gz,3749968,3745660,1917790,218590
http://mawi.nezu.wide.ad.jp/mawi/samplepoint-B/2003/200311241400.dump.gz,3969463,3964073,2370900,178182
http://mawi.nezu.wide.ad.jp/mawi/samplepoint-B/2003/200311251400.dump.gz,4340152,4334365,2652337,177906
http://mawi.nezu.wide.ad.jp/mawi/samplepoint-B/2003/200311261400.dump.gz,4573042,4564494,2875212,217581
http://mawi.nezu.wide.ad.jp/mawi/samplepoint-B/2003/200311271400.dump.gz,5200467,5188628,3065820,375535
http://mawi.nezu.wide.ad.jp/mawi/samplepoint-B/2003/200311281400.dump.gz,5292444,5281865,2904215,948498
http://mawi.nezu.wide.ad.jp/mawi/samplepoint-B/2003/200311291400.dump.gz,4337360,4331965,2040575,993669
http://mawi.nezu.wide.ad.jp/mawi/samplepoint-B/2003/200311301400.dump.gz,3774329,3769258,2097159,404354
http://mawi.nezu.wide.ad.jp/mawi/samplepoint-B/2003/200312011400.dump.gz,5282308,5270094,3368700,336971
http://mawi.nezu.wide.ad.jp/mawi/samplepoint-B/2003/200312021400.dump.gz,5345370,5335037,3201257,365227
http://mawi.nezu.wide.ad.jp/mawi/samplepoint-B/2003/200312031400.dump.gz,5025759,5016991,3063860,312744
http://mawi.nezu.wide.ad.jp/mawi/samplepoint-B/2003/200312041400.dump.gz,4934900,4923471,2875447,317560
http://mawi.nezu.wide.ad.jp/mawi/samplepoint-B/2003/200312051400.dump.gz,5131963,5120815,2951867,434632
http://mawi.nezu.wide.ad.jp/mawi/samplepoint-B/2003/200312061400.dump.gz,4704933,4693782,2866262,331051
http://mawi.nezu.wide.ad.jp/mawi/samplepoint-B/2003/200312071400.dump.gz,3050382,3047130,1698547,188488
http://mawi.nezu.wide.ad.jp/mawi/samplepoint-B/2003/200312081400.dump.gz,4940478,4931340,3111760,282080
http://mawi.nezu.wide.ad.jp/mawi/samplepoint-B/2003/200312091400.dump.gz,4719859,4711364,2985921,243631
http://mawi.nezu.wide.ad.jp/mawi/samplepoint-B/2003/200312101400.dump.gz,5321207,5305797,3433366,221846
http://mawi.nezu.wide.ad.jp/mawi/samplepoint-B/2003/200312111400.dump.gz,5540935,5522286,3669388,253467
http://mawi.nezu.wide.ad.jp/mawi/samplepoint-B/2003/200312121400.dump.gz,5518855,5501899,3627550,308026
http://mawi.nezu.wide.ad.jp/mawi/samplepoint-B/2003/200312131400.dump.gz,4247467,4239237,2479765,238203
http://mawi.nezu.wide.ad.jp/mawi/samplepoint-B/2003/200312141400.dump.gz,3674689,3669830,2135092,158520
http://mawi.nezu.wide.ad.jp/mawi/samplepoint-B/2003/200312151400.dump.gz,4755683,4747622,3031606,213509
http://mawi.nezu.wide.ad.jp/mawi/samplepoint-B/2003/200312161400.dump.gz,5363363,5351404,3424612,256782
http://mawi.nezu.wide.ad.jp/mawi/samplepoint-B/2003/200312171400.dump.gz,5124703,5113722,3148102,295769
http://mawi.nezu.wide.ad.jp/mawi/samplepoint-B/2003/200312181400.dump.gz,5898931,5878735,3850465,283862
http://mawi.nezu.wide.ad.jp/mawi/samplepoint-B/2003/200312191400.dump.gz,6041934,6013577,4201220,339725
http://mawi.nezu.wide.ad.jp/mawi/samplepoint-B/2003/200312201400.dump.gz,4589068,4581859,2811587,221490
http://mawi.nezu.wide.ad.jp/mawi/samplepoint-B/2003/200312211400.dump.gz,4315692,4308045,2661030,174411
http://mawi.nezu.wide.ad.jp/mawi/samplepoint-B/2003/200312221400.dump.gz,5693812,5669142,3748108,385711
http://mawi.nezu.wide.ad.jp/mawi/samplepoint-B/2003/200312231400.dump.gz,4082186,4075062,2404906,214101
http://mawi.nezu.wide.ad.jp/mawi/samplepoint-B/2003/200312241400.dump.gz,5194228,5182480,3280459,216485
http://mawi.nezu.wide.ad.jp/mawi/samplepoint-B/2003/200312251400.dump.gz,5247940,5230697,3368089,258540
http://mawi.nezu.wide.ad.jp/mawi/samplepoint-B/2003/200312261400.dump.gz,4994067,4983290,2803324,228664
http://mawi.nezu.wide.ad.jp/mawi/samplepoint-B/2003/200312271400.dump.gz,4077537,4071918,2464449,211494
http://mawi.nezu.wide.ad.jp/mawi/samplepoint-B/2003/200312281400.dump.gz,4996763,4990413,2943940,701308
http://mawi.nezu.wide.ad.jp/mawi/samplepoint-B/2003/200312291400.dump.gz,5037972,5029715,3055296,693798
http://mawi.nezu.wide.ad.jp/mawi/samplepoint-B/2003/200312301400.dump.gz,4517662,4512188,2464864,718879
